-- mysqldump-php https://github.com/ifsnop/mysqldump-php
--
-- Host: localhost	Database: n1571962_dbmsi
-- ------------------------------------------------------
-- Server version 	10.5.19-MariaDB-cll-lve
-- Date: Mon, 29 May 2023 09:38:31 -0500

/*!40101 SET @OLD_CHARACTER_SET_CLIENT=@@CHARACTER_SET_CLIENT */;
/*!40101 SET @OLD_CHARACTER_SET_RESULTS=@@CHARACTER_SET_RESULTS */;
/*!40101 SET @OLD_COLLATION_CONNECTION=@@COLLATION_CONNECTION */;
/*!40101 SET NAMES utf8 */;
/*!40103 SET @OLD_TIME_ZONE=@@TIME_ZONE */;
/*!40103 SET TIME_ZONE='+00:00' */;
/*!40101 SET @OLD_AUTOCOMMIT=@@AUTOCOMMIT */;
/*!40014 SET @OLD_UNIQUE_CHECKS=@@UNIQUE_CHECKS, UNIQUE_CHECKS=0 */;
/*!40014 SET @OLD_FOREIGN_KEY_CHECKS=@@FOREIGN_KEY_CHECKS, FOREIGN_KEY_CHECKS=0 */;
/*!40101 SET @OLD_SQL_MODE=@@SQL_MODE, SQL_MODE='NO_AUTO_VALUE_ON_ZERO' */;
/*!40111 SET @OLD_SQL_NOTES=@@SQL_NOTES, SQL_NOTES=0 */;

--
-- Table structure for table `bukubesar`
--

/*!40101 SET @saved_cs_client     = @@character_set_client */;
/*!40101 SET character_set_client = utf8 */;
CREATE TABLE `bukubesar` (
  `tgl_bukti` date DEFAULT NULL,
  `kode_account` varchar(10) DEFAULT NULL,
  `no_bukti` varchar(20) DEFAULT NULL,
  `keterangan` varchar(100) DEFAULT NULL,
  `debet` double(14,2) DEFAULT 0.00,
  `credit` double(14,2) DEFAULT 0.00,
  `saldo` double(14,2) DEFAULT 0.00,
  `rectype` varchar(1) NOT NULL
) ENGINE=InnoDB DEFAULT CHARSET=utf8mb4 COLLATE=utf8mb4_general_ci;
/*!40101 SET character_set_client = @saved_cs_client */;

--
-- Dumping data for table `bukubesar`
--

LOCK TABLES `bukubesar` WRITE;
/*!40000 ALTER TABLE `bukubesar` DISABLE KEYS */;
SET autocommit=0;
INSERT INTO `bukubesar` VALUES ('2022-12-31','1101.001','','Beginning Balance',0.00,0.00,1782700.00,''),('2023-01-05','1101.001','00002-JM-2023','KAS KECIL JS 23/PJ-I/001-015',4251300.00,0.00,0.00,'1'),('2023-01-18','1101.001','00005-JM-2023','KAS KECIL JS 23/PJ-I/016-030',2802500.00,0.00,0.00,'1'),('2023-02-07','1101.001','00013-JM-2023','Kas kecil JS 23/PJ-II/031 - 046',3814000.00,0.00,0.00,'1'),('2023-02-21','1101.001','00016-JM-2023','Kas kecil JS 23/PJ-II/047 - 064',3804000.00,0.00,0.00,'1');
/*!40000 ALTER TABLE `bukubesar` ENABLE KEYS */;
UNLOCK TABLES;
COMMIT;

-- Dumped table `bukubesar` with 5 row(s)
--

--
-- Table structure for table `kartuhutang`
--

/*!40101 SET @saved_cs_client     = @@character_set_client */;
/*!40101 SET character_set_client = utf8 */;
CREATE TABLE `kartuhutang` (
  `tgl_bukti` date NOT NULL,
  `no_bukti` varchar(20) NOT NULL,
  `kode_supplier` varchar(10) NOT NULL,
  `keterangan` varchar(100) NOT NULL,
  `masuk` double(14,2) NOT NULL,
  `keluar` double(14,2) NOT NULL,
  `saldo` double(14,2) NOT NULL,
  `rectype` varchar(1) NOT NULL
) ENGINE=InnoDB DEFAULT CHARSET=utf8mb4 COLLATE=utf8mb4_general_ci;
/*!40101 SET character_set_client = @saved_cs_client */;

--
-- Dumping data for table `kartuhutang`
--

LOCK TABLES `kartuhutang` WRITE;
/*!40000 ALTER TABLE `kartuhutang` DISABLE KEYS */;
SET autocommit=0;
INSERT INTO `kartuhutang` VALUES ('2022-12-31','','SP-0003','Saldo Awal',0.00,0.00,2595419.00,'1'),('2023-01-17','VP-2023-00001','SP-0003','Pelunasan',0.00,2546301.00,0.00,'2');
/*!40000 ALTER TABLE `kartuhutang` ENABLE KEYS */;
UNLOCK TABLES;
COMMIT;

-- Dumped table `kartuhutang` with 2 row(s)
--

--
-- Table structure for table `kartupiutang`
--

/*!40101 SET @saved_cs_client     = @@character_set_client */;
/*!40101 SET character_set_client = utf8 */;
CREATE TABLE `kartupiutang` (
  `tgl_bukti` date NOT NULL,
  `kode_customer` varchar(10) NOT NULL,
  `no_bukti` varchar(20) NOT NULL,
  `keterangan` varchar(100) NOT NULL,
  `masuk` double(14,2) NOT NULL DEFAULT 0.00,
  `keluar` double(14,2) NOT NULL DEFAULT 0.00,
  `saldo` double(14,2) NOT NULL DEFAULT 0.00,
  `rectype` varchar(1) NOT NULL
) ENGINE=InnoDB DEFAULT CHARSET=utf8mb4 COLLATE=utf8mb4_general_ci;
/*!40101 SET character_set_client = @saved_cs_client */;

--
-- Dumping data for table `kartupiutang`
--

LOCK TABLES `kartupiutang` WRITE;
/*!40000 ALTER TABLE `kartupiutang` DISABLE KEYS */;
SET autocommit=0;
INSERT INTO `kartupiutang` VALUES ('2022-12-31','CS-0366','','Saldo Awal',0.00,0.00,0.00,'1'),('2023-01-06','CS-0366','003/MSI/FR/I/23','Penjualan',439167.00,0.00,0.00,'1'),('2023-01-30','CS-0366','014/MSI/FR/23','Penjualan',259307.00,0.00,0.00,'1'),('2023-01-30','CS-0366','015/MSI/FR/I/23','Penjualan',190944.00,0.00,0.00,'1'),('2023-01-02','CS-0366','017/MSI/FR/I/23','Penjualan',515001.00,0.00,0.00,'1'),('2023-01-12','CS-0366','013/MSI/FR/0123','Penjualan',3055097.00,0.00,0.00,'1');
/*!40000 ALTER TABLE `kartupiutang` ENABLE KEYS */;
UNLOCK TABLES;
COMMIT;

-- Dumped table `kartupiutang` with 6 row(s)
--

--
-- Table structure for table `kartustock`
--

/*!40101 SET @saved_cs_client     = @@character_set_client */;
/*!40101 SET character_set_client = utf8 */;
CREATE TABLE `kartustock` (
  `tgl_bukti` date NOT NULL,
  `no_bukti` varchar(20) NOT NULL,
  `kode_barang` varchar(20) NOT NULL,
  `keterangan` varchar(100) NOT NULL,
  `stockin` float(14,2) NOT NULL,
  `stockout` float(14,2) NOT NULL,
  `balance` float(14,2) NOT NULL,
  `rectype` varchar(1) NOT NULL
) ENGINE=InnoDB DEFAULT CHARSET=utf8mb4 COLLATE=utf8mb4_general_ci;
/*!40101 SET character_set_client = @saved_cs_client */;

--
-- Dumping data for table `kartustock`
--

LOCK TABLES `kartustock` WRITE;
/*!40000 ALTER TABLE `kartustock` DISABLE KEYS */;
SET autocommit=0;
INSERT INTO `kartustock` VALUES ('2022-12-31','','MSI-00235','Saldo Awal',0.00,0.00,0.00,'1'),('2023-01-01','0003-IN-2023','MSI-00235','PEMBELIAN',23.00,0.00,0.00,'1'),('2023-03-19','042/JS-III/2023','MSI-00235','PENJUALAN KE CV. GANESHA MANDIRI',0.00,1.00,0.00,'2'),('2023-05-05','062/JS-V/2023','MSI-00235','PENJUALAN KE CV. GANESHA MANDIRI',0.00,2.00,0.00,'2'),('2023-05-29','075/JS-V/2023','MSI-00235','PENJUALAN KE CV. GANESHA MANDIRI',0.00,20.00,0.00,'2');
/*!40000 ALTER TABLE `kartustock` ENABLE KEYS */;
UNLOCK TABLES;
COMMIT;

-- Dumped table `kartustock` with 5 row(s)
--

--
-- Table structure for table `keranjangawal`
--

/*!40101 SET @saved_cs_client     = @@character_set_client */;
/*!40101 SET character_set_client = utf8 */;
CREATE TABLE `keranjangawal` (
  `no_invoice` varchar(20) NOT NULL,
  `tgl_invoice` date NOT NULL,
  `kode_supplier` varchar(10) NOT NULL,
  `total_invoice` float(14,0) NOT NULL DEFAULT 0,
  `total_bayar` float(14,0) NOT NULL DEFAULT 0,
  `awal` int(1) NOT NULL DEFAULT 1
) ENGINE=InnoDB DEFAULT CHARSET=utf8mb4 COLLATE=utf8mb4_general_ci;
/*!40101 SET character_set_client = @saved_cs_client */;

--
-- Dumping data for table `keranjangawal`
--

LOCK TABLES `keranjangawal` WRITE;
/*!40000 ALTER TABLE `keranjangawal` DISABLE KEYS */;
SET autocommit=0;
/*!40000 ALTER TABLE `keranjangawal` ENABLE KEYS */;
UNLOCK TABLES;
COMMIT;

-- Dumped table `keranjangawal` with 0 row(s)
--

--
-- Table structure for table `keranjangawalpiu`
--

/*!40101 SET @saved_cs_client     = @@character_set_client */;
/*!40101 SET character_set_client = utf8 */;
CREATE TABLE `keranjangawalpiu` (
  `no_invoice` varchar(20) NOT NULL,
  `tgl_invoice` date NOT NULL,
  `kode_customer` varchar(10) NOT NULL,
  `kode_salesman` varchar(10) NOT NULL,
  `total_invoice` double(14,2) NOT NULL DEFAULT 0.00,
  `total_bayar` double(14,2) NOT NULL DEFAULT 0.00,
  `awal` int(1) NOT NULL DEFAULT 1
) ENGINE=InnoDB DEFAULT CHARSET=utf8mb4 COLLATE=utf8mb4_general_ci;
/*!40101 SET character_set_client = @saved_cs_client */;

--
-- Dumping data for table `keranjangawalpiu`
--

LOCK TABLES `keranjangawalpiu` WRITE;
/*!40000 ALTER TABLE `keranjangawalpiu` DISABLE KEYS */;
SET autocommit=0;
INSERT INTO `keranjangawalpiu` VALUES ('INV. 140','2020-08-28','CS-0017','',6000000.00,0.00,0),('INV. 198','2021-12-16','CS-0017','',19920000.00,0.00,0),('INV. 007','2021-01-12','CS-0017','',4455000.00,0.00,0);
/*!40000 ALTER TABLE `keranjangawalpiu` ENABLE KEYS */;
UNLOCK TABLES;
COMMIT;

-- Dumped table `keranjangawalpiu` with 3 row(s)
--

--
-- Table structure for table `keranjangbeli`
--

/*!40101 SET @saved_cs_client     = @@character_set_client */;
/*!40101 SET character_set_client = utf8 */;
CREATE TABLE `keranjangbeli` (
  `id_purchinv` int(11) NOT NULL AUTO_INCREMENT,
  `no_invoice` varchar(20) NOT NULL,
  `id_barang` int(11) NOT NULL,
  `kode_barang` varchar(20) NOT NULL,
  `qty` double(10,2) NOT NULL DEFAULT 0.00,
  `harga` double(12,2) NOT NULL DEFAULT 0.00,
  `subtotal` double(14,2) NOT NULL DEFAULT 0.00,
  PRIMARY KEY (`id_purchinv`)
) ENGINE=InnoDB DEFAULT CHARSET=utf8mb4 COLLATE=utf8mb4_general_ci;
/*!40101 SET character_set_client = @saved_cs_client */;

--
-- Dumping data for table `keranjangbeli`
--

LOCK TABLES `keranjangbeli` WRITE;
/*!40000 ALTER TABLE `keranjangbeli` DISABLE KEYS */;
SET autocommit=0;
/*!40000 ALTER TABLE `keranjangbeli` ENABLE KEYS */;
UNLOCK TABLES;
COMMIT;

-- Dumped table `keranjangbeli` with 0 row(s)
--

--
-- Table structure for table `keranjangjual`
--

/*!40101 SET @saved_cs_client     = @@character_set_client */;
/*!40101 SET character_set_client = utf8 */;
CREATE TABLE `keranjangjual` (
  `id_salesinv` int(11) NOT NULL AUTO_INCREMENT,
  `no_invoice` varchar(20) NOT NULL,
  `id_barang` int(11) NOT NULL,
  `kode_barang` varchar(20) NOT NULL,
  `qty` double(10,2) NOT NULL DEFAULT 0.00,
  `harga` double(12,2) NOT NULL DEFAULT 0.00,
  `subtotal` double(14,2) NOT NULL DEFAULT 0.00,
  `cogs` double(14,2) NOT NULL DEFAULT 0.00,
  PRIMARY KEY (`id_salesinv`)
) ENGINE=InnoDB AUTO_INCREMENT=2 DEFAULT CHARSET=utf8mb4 COLLATE=utf8mb4_general_ci;
/*!40101 SET character_set_client = @saved_cs_client */;

--
-- Dumping data for table `keranjangjual`
--

LOCK TABLES `keranjangjual` WRITE;
/*!40000 ALTER TABLE `keranjangjual` DISABLE KEYS */;
SET autocommit=0;
INSERT INTO `keranjangjual` VALUES (1,'230822524',527,'MSI-00235',20.00,4149550.00,82991000.00,0.00);
/*!40000 ALTER TABLE `keranjangjual` ENABLE KEYS */;
UNLOCK TABLES;
COMMIT;

-- Dumped table `keranjangjual` with 1 row(s)
--

--
-- Table structure for table `keranjangjurnal`
--

/*!40101 SET @saved_cs_client     = @@character_set_client */;
/*!40101 SET character_set_client = utf8 */;
CREATE TABLE `keranjangjurnal` (
  `id_jurnal` int(11) NOT NULL AUTO_INCREMENT,
  `no_voucher` varchar(30) DEFAULT NULL,
  `tgl_voucher` date DEFAULT NULL,
  `kode_account` varchar(10) DEFAULT NULL,
  `debet` double(14,2) DEFAULT NULL,
  `credit` double(14,2) DEFAULT NULL,
  `prime_debet` double(14,2) NOT NULL DEFAULT 0.00,
  `prime_credit` double(14,2) NOT NULL DEFAULT 0.00,
  `keterangan` varchar(100) DEFAULT NULL,
  `codejurnal` varchar(20) DEFAULT NULL,
  `rate` double(10,2) NOT NULL DEFAULT 0.00,
  PRIMARY KEY (`id_jurnal`)
) ENGINE=InnoDB AUTO_INCREMENT=321 DEFAULT CHARSET=utf8mb4 COLLATE=utf8mb4_general_ci;
/*!40101 SET character_set_client = @saved_cs_client */;

--
-- Dumping data for table `keranjangjurnal`
--

LOCK TABLES `keranjangjurnal` WRITE;
/*!40000 ALTER TABLE `keranjangjurnal` DISABLE KEYS */;
SET autocommit=0;
/*!40000 ALTER TABLE `keranjangjurnal` ENABLE KEYS */;
UNLOCK TABLES;
COMMIT;

-- Dumped table `keranjangjurnal` with 0 row(s)
--

--
-- Table structure for table `keranjangothpay`
--

/*!40101 SET @saved_cs_client     = @@character_set_client */;
/*!40101 SET character_set_client = utf8 */;
CREATE TABLE `keranjangothpay` (
  `id_othpay` int(11) NOT NULL AUTO_INCREMENT,
  `no_bukti` varchar(20) NOT NULL,
  `kode_account` varchar(10) NOT NULL,
  `jumlah` double(14,2) NOT NULL DEFAULT 0.00,
  `keterangan` varchar(100) NOT NULL,
  PRIMARY KEY (`id_othpay`)
) ENGINE=InnoDB AUTO_INCREMENT=233 DEFAULT CHARSET=utf8mb4 COLLATE=utf8mb4_general_ci;
/*!40101 SET character_set_client = @saved_cs_client */;

--
-- Dumping data for table `keranjangothpay`
--

LOCK TABLES `keranjangothpay` WRITE;
/*!40000 ALTER TABLE `keranjangothpay` DISABLE KEYS */;
SET autocommit=0;
INSERT INTO `keranjangothpay` VALUES (14,'BF 080689-1','6101.008',7246816.00,'BPJS TENAGAKERJA JANUARI 2023'),(85,'014','8101.005',9.23,'Bunga Pinjaman Bank '),(203,'295324544','6102.006',5.00,'Biaya administrasi bank ');
/*!40000 ALTER TABLE `keranjangothpay` ENABLE KEYS */;
UNLOCK TABLES;
COMMIT;

-- Dumped table `keranjangothpay` with 3 row(s)
--

--
-- Table structure for table `keranjangothrcv`
--

/*!40101 SET @saved_cs_client     = @@character_set_client */;
/*!40101 SET character_set_client = utf8 */;
CREATE TABLE `keranjangothrcv` (
  `id_othrcv` int(11) NOT NULL AUTO_INCREMENT,
  `no_bukti` varchar(20) NOT NULL,
  `kode_account` varchar(10) NOT NULL,
  `jumlah` double(14,2) NOT NULL DEFAULT 0.00,
  `keterangan` varchar(100) NOT NULL,
  PRIMARY KEY (`id_othrcv`)
) ENGINE=InnoDB AUTO_INCREMENT=52 DEFAULT CHARSET=utf8mb4 COLLATE=utf8mb4_general_ci;
/*!40101 SET character_set_client = @saved_cs_client */;

--
-- Dumping data for table `keranjangothrcv`
--

LOCK TABLES `keranjangothrcv` WRITE;
/*!40000 ALTER TABLE `keranjangothrcv` DISABLE KEYS */;
SET autocommit=0;
/*!40000 ALTER TABLE `keranjangothrcv` ENABLE KEYS */;
UNLOCK TABLES;
COMMIT;

-- Dumped table `keranjangothrcv` with 0 row(s)
--

--
-- Table structure for table `keranjangpo`
--

/*!40101 SET @saved_cs_client     = @@character_set_client */;
/*!40101 SET character_set_client = utf8 */;
CREATE TABLE `keranjangpo` (
  `id_purchord` int(11) NOT NULL AUTO_INCREMENT,
  `no_po` varchar(20) NOT NULL,
  `id_barang` int(11) NOT NULL,
  `kode_barang` varchar(20) NOT NULL,
  `qty` double(10,2) NOT NULL DEFAULT 0.00,
  `harga` double(12,2) NOT NULL DEFAULT 0.00,
  `subtotal` double(14,2) NOT NULL DEFAULT 0.00,
  PRIMARY KEY (`id_purchord`)
) ENGINE=InnoDB DEFAULT CHARSET=utf8mb4 COLLATE=utf8mb4_general_ci;
/*!40101 SET character_set_client = @saved_cs_client */;

--
-- Dumping data for table `keranjangpo`
--

LOCK TABLES `keranjangpo` WRITE;
/*!40000 ALTER TABLE `keranjangpo` DISABLE KEYS */;
SET autocommit=0;
/*!40000 ALTER TABLE `keranjangpo` ENABLE KEYS */;
UNLOCK TABLES;
COMMIT;

-- Dumped table `keranjangpo` with 0 row(s)
--

--
-- Table structure for table `keranjangpr`
--

/*!40101 SET @saved_cs_client     = @@character_set_client */;
/*!40101 SET character_set_client = utf8 */;
CREATE TABLE `keranjangpr` (
  `id_purchrtn` int(11) NOT NULL AUTO_INCREMENT,
  `no_retur` varchar(20) NOT NULL,
  `id_barang` int(11) NOT NULL,
  `kode_barang` varchar(20) NOT NULL,
  `qty` double(10,2) NOT NULL DEFAULT 0.00,
  `harga` double(12,2) NOT NULL DEFAULT 0.00,
  `subtotal` double(14,2) NOT NULL DEFAULT 0.00,
  PRIMARY KEY (`id_purchrtn`)
) ENGINE=InnoDB DEFAULT CHARSET=utf8mb4 COLLATE=utf8mb4_general_ci;
/*!40101 SET character_set_client = @saved_cs_client */;

--
-- Dumping data for table `keranjangpr`
--

LOCK TABLES `keranjangpr` WRITE;
/*!40000 ALTER TABLE `keranjangpr` DISABLE KEYS */;
SET autocommit=0;
/*!40000 ALTER TABLE `keranjangpr` ENABLE KEYS */;
UNLOCK TABLES;
COMMIT;

-- Dumped table `keranjangpr` with 0 row(s)
--

--
-- Table structure for table `keranjangsj`
--

/*!40101 SET @saved_cs_client     = @@character_set_client */;
/*!40101 SET character_set_client = utf8 */;
CREATE TABLE `keranjangsj` (
  `id_suratjln` int(11) NOT NULL AUTO_INCREMENT,
  `no_suratjln` varchar(20) NOT NULL,
  `id_barang` int(11) NOT NULL,
  `kode_barang` varchar(20) NOT NULL,
  `qty` double(10,2) NOT NULL DEFAULT 0.00,
  `harga` double(12,2) NOT NULL DEFAULT 0.00,
  `subtotal` double(14,2) NOT NULL DEFAULT 0.00,
  `catatan` varchar(50) NOT NULL,
  PRIMARY KEY (`id_suratjln`)
) ENGINE=InnoDB AUTO_INCREMENT=302 DEFAULT CHARSET=utf8mb4 COLLATE=utf8mb4_general_ci;
/*!40101 SET character_set_client = @saved_cs_client */;

--
-- Dumping data for table `keranjangsj`
--

LOCK TABLES `keranjangsj` WRITE;
/*!40000 ALTER TABLE `keranjangsj` DISABLE KEYS */;
SET autocommit=0;
INSERT INTO `keranjangsj` VALUES (267,'072/AS-V/2023',0,'MSI-00230',12.00,0.00,0.00,''),(299,'075/JS-V/2023',0,'MSI-00235',20.00,0.00,0.00,''),(300,'1418104918',527,'MSI-00235',20.00,4149550.00,82991000.00,'');
/*!40000 ALTER TABLE `keranjangsj` ENABLE KEYS */;
UNLOCK TABLES;
COMMIT;

-- Dumped table `keranjangsj` with 3 row(s)
--

--
-- Table structure for table `keranjangso`
--

/*!40101 SET @saved_cs_client     = @@character_set_client */;
/*!40101 SET character_set_client = utf8 */;
CREATE TABLE `keranjangso` (
  `id_salesord` int(11) NOT NULL AUTO_INCREMENT,
  `no_so` varchar(20) NOT NULL,
  `id_barang` int(11) NOT NULL,
  `kode_barang` varchar(20) NOT NULL,
  `qty` double(10,2) NOT NULL DEFAULT 0.00,
  `harga` double(12,2) NOT NULL DEFAULT 0.00,
  `subtotal` double(14,2) NOT NULL DEFAULT 0.00,
  PRIMARY KEY (`id_salesord`)
) ENGINE=InnoDB AUTO_INCREMENT=9 DEFAULT CHARSET=utf8mb4 COLLATE=utf8mb4_general_ci;
/*!40101 SET character_set_client = @saved_cs_client */;

--
-- Dumping data for table `keranjangso`
--

LOCK TABLES `keranjangso` WRITE;
/*!40000 ALTER TABLE `keranjangso` DISABLE KEYS */;
SET autocommit=0;
INSERT INTO `keranjangso` VALUES (4,'09120312',507,'MSI-00214',12.00,1000000.00,12000000.00);
/*!40000 ALTER TABLE `keranjangso` ENABLE KEYS */;
UNLOCK TABLES;
COMMIT;

-- Dumped table `keranjangso` with 1 row(s)
--

--
-- Table structure for table `keranjangsr`
--

/*!40101 SET @saved_cs_client     = @@character_set_client */;
/*!40101 SET character_set_client = utf8 */;
CREATE TABLE `keranjangsr` (
  `id_salesrtn` int(11) NOT NULL AUTO_INCREMENT,
  `no_retur` varchar(20) NOT NULL,
  `id_barang` int(11) NOT NULL,
  `kode_barang` varchar(20) NOT NULL,
  `qty` float(10,0) NOT NULL DEFAULT 0,
  `harga` float(12,0) NOT NULL DEFAULT 0,
  `subtotal` float(14,0) NOT NULL DEFAULT 0,
  PRIMARY KEY (`id_salesrtn`)
) ENGINE=InnoDB DEFAULT CHARSET=utf8mb4 COLLATE=utf8mb4_general_ci;
/*!40101 SET character_set_client = @saved_cs_client */;

--
-- Dumping data for table `keranjangsr`
--

LOCK TABLES `keranjangsr` WRITE;
/*!40000 ALTER TABLE `keranjangsr` DISABLE KEYS */;
SET autocommit=0;
/*!40000 ALTER TABLE `keranjangsr` ENABLE KEYS */;
UNLOCK TABLES;
COMMIT;

-- Dumped table `keranjangsr` with 0 row(s)
--

--
-- Table structure for table `keranjangstockin`
--

/*!40101 SET @saved_cs_client     = @@character_set_client */;
/*!40101 SET character_set_client = utf8 */;
CREATE TABLE `keranjangstockin` (
  `id_stockin` int(11) NOT NULL AUTO_INCREMENT,
  `no_bukti` varchar(20) NOT NULL,
  `id_barang` int(11) NOT NULL,
  `kode_barang` varchar(20) NOT NULL,
  `qty` double(12,2) NOT NULL DEFAULT 0.00,
  PRIMARY KEY (`id_stockin`)
) ENGINE=InnoDB AUTO_INCREMENT=1635 DEFAULT CHARSET=utf8mb4 COLLATE=utf8mb4_general_ci;
/*!40101 SET character_set_client = @saved_cs_client */;

--
-- Dumping data for table `keranjangstockin`
--

LOCK TABLES `keranjangstockin` WRITE;
/*!40000 ALTER TABLE `keranjangstockin` DISABLE KEYS */;
SET autocommit=0;
INSERT INTO `keranjangstockin` VALUES (1464,'0028-IN-2023',569,'TANFON CTK M11',1.00),(1465,'0028-IN-2023',627,'NUT SS',4.00);
/*!40000 ALTER TABLE `keranjangstockin` ENABLE KEYS */;
UNLOCK TABLES;
COMMIT;

-- Dumped table `keranjangstockin` with 2 row(s)
--

--
-- Table structure for table `neraca`
--

/*!40101 SET @saved_cs_client     = @@character_set_client */;
/*!40101 SET character_set_client = utf8 */;
CREATE TABLE `neraca` (
  `kode_account` varchar(10) NOT NULL,
  `saldoawal` double(14,2) NOT NULL DEFAULT 0.00,
  `trxdebet` double(14,2) NOT NULL DEFAULT 0.00,
  `trxcredit` double(14,2) NOT NULL DEFAULT 0.00,
  `rectype` varchar(1) NOT NULL
) ENGINE=InnoDB DEFAULT CHARSET=utf8mb4 COLLATE=utf8mb4_general_ci;
/*!40101 SET character_set_client = @saved_cs_client */;

--
-- Dumping data for table `neraca`
--

LOCK TABLES `neraca` WRITE;
/*!40000 ALTER TABLE `neraca` DISABLE KEYS */;
SET autocommit=0;
INSERT INTO `neraca` VALUES ('1101',12773306.00,0.00,0.00,'1'),('1102',-3984164512.46,18545000.00,17000000.00,'1'),('1103',4892041755.27,0.00,17000000.00,'1'),('1105',13951719481.43,0.00,0.00,'1'),('1106',0.00,0.00,0.00,'1'),('1107',0.00,0.00,0.00,'1'),('1108',0.00,0.00,0.00,'1'),('1109',71855428.00,0.00,0.00,'1'),('1110',0.00,0.00,0.00,'1'),('1201',0.00,0.00,0.00,'1'),('1202',794936178.00,0.00,0.00,'1'),('1203',552166364.00,0.00,0.00,'1'),('1204',447043913.00,0.00,0.00,'1'),('1212',-279187523.00,0.00,0.00,'1'),('1213',-443051781.00,0.00,0.00,'1'),('1214',-406328206.00,0.00,0.00,'1'),('1401',0.00,0.00,0.00,'1'),('2101',3439859818.70,0.00,0.00,'2'),('2103',0.00,0.00,0.00,'2'),('2104',8195527.00,0.00,0.00,'2'),('2105',230574982.00,17000000.00,0.00,'2'),('2106',0.00,0.00,0.00,'2'),('2107',25567993.00,0.00,0.00,'2'),('2300',846097800.00,0.00,0.00,'2'),('2301',2611467760.00,0.00,0.00,'2'),('3101',10149159794.65,0.00,0.00,'2'),('3201',-1701119272.11,0.00,0.00,'2'),('3301',0.00,0.00,0.00,'2');
/*!40000 ALTER TABLE `neraca` ENABLE KEYS */;
UNLOCK TABLES;
COMMIT;

-- Dumped table `neraca` with 28 row(s)
--

--
-- Table structure for table `outstandinghutang`
--

/*!40101 SET @saved_cs_client     = @@character_set_client */;
/*!40101 SET character_set_client = utf8 */;
CREATE TABLE `outstandinghutang` (
  `no_invoice` varchar(20) NOT NULL,
  `tgl_invoice` date NOT NULL,
  `due_date` date NOT NULL,
  `kode_supplier` varchar(10) NOT NULL,
  `total_invoice` double(14,2) NOT NULL DEFAULT 0.00,
  `total_bayar` double(14,2) NOT NULL DEFAULT 0.00,
  `total_retur` double(14,2) NOT NULL DEFAULT 0.00
) ENGINE=InnoDB DEFAULT CHARSET=utf8mb4 COLLATE=utf8mb4_general_ci;
/*!40101 SET character_set_client = @saved_cs_client */;

--
-- Dumping data for table `outstandinghutang`
--

LOCK TABLES `outstandinghutang` WRITE;
/*!40000 ALTER TABLE `outstandinghutang` DISABLE KEYS */;
SET autocommit=0;
/*!40000 ALTER TABLE `outstandinghutang` ENABLE KEYS */;
UNLOCK TABLES;
COMMIT;

-- Dumped table `outstandinghutang` with 0 row(s)
--

--
-- Table structure for table `outstandingpiutang`
--

/*!40101 SET @saved_cs_client     = @@character_set_client */;
/*!40101 SET character_set_client = utf8 */;
CREATE TABLE `outstandingpiutang` (
  `no_invoice` varchar(20) NOT NULL,
  `tgl_invoice` date NOT NULL,
  `due_date` date DEFAULT NULL,
  `kode_customer` varchar(10) NOT NULL,
  `kode_salesman` varchar(10) NOT NULL,
  `total_invoice` double(14,2) NOT NULL DEFAULT 0.00,
  `total_bayar` double(14,2) NOT NULL DEFAULT 0.00,
  `total_retur` double(14,2) NOT NULL DEFAULT 0.00
) ENGINE=InnoDB DEFAULT CHARSET=utf8mb4 COLLATE=utf8mb4_general_ci;
/*!40101 SET character_set_client = @saved_cs_client */;

--
-- Dumping data for table `outstandingpiutang`
--

LOCK TABLES `outstandingpiutang` WRITE;
/*!40000 ALTER TABLE `outstandingpiutang` DISABLE KEYS */;
SET autocommit=0;
INSERT INTO `outstandingpiutang` VALUES ('006/JS-I/2023','2023-01-09','2023-01-09','CS-0012','',17704997.00,0.00,0.00),('007/JS-I/2023','2023-01-12','2023-01-12','CS-0012','',13729996.00,0.00,0.00),('018/JS-II/2023','2023-02-08','2023-02-08','CS-0012','',80084003.00,0.00,0.00);
/*!40000 ALTER TABLE `outstandingpiutang` ENABLE KEYS */;
UNLOCK TABLES;
COMMIT;

-- Dumped table `outstandingpiutang` with 3 row(s)
--

--
-- Table structure for table `tbl_account`
--

/*!40101 SET @saved_cs_client     = @@character_set_client */;
/*!40101 SET character_set_client = utf8 */;
CREATE TABLE `tbl_account` (
  `kode_account` varchar(10) NOT NULL,
  `nama_account` varchar(50) DEFAULT NULL,
  `kode_group` varchar(4) NOT NULL,
  `sub_account` varchar(10) DEFAULT NULL,
  `type_account` varchar(10) DEFAULT NULL,
  `currency` varchar(10) NOT NULL,
  `kurs` int(11) NOT NULL DEFAULT 0,
  `saldo_awal` double(14,2) NOT NULL,
  `prime_awal` double(14,2) NOT NULL DEFAULT 0.00,
  `tgl_awal` date NOT NULL,
  `awldbt` double(14,2) NOT NULL DEFAULT 0.00,
  `awlcrd` double(14,2) NOT NULL DEFAULT 0.00,
  `dbt` double(14,2) NOT NULL DEFAULT 0.00,
  `crd` double(14,2) NOT NULL DEFAULT 0.00,
  PRIMARY KEY (`kode_account`)
) ENGINE=InnoDB DEFAULT CHARSET=utf8mb4 COLLATE=utf8mb4_general_ci;
/*!40101 SET character_set_client = @saved_cs_client */;

--
-- Dumping data for table `tbl_account`
--

LOCK TABLES `tbl_account` WRITE;
/*!40000 ALTER TABLE `tbl_account` DISABLE KEYS */;
SET autocommit=0;
INSERT INTO `tbl_account` VALUES ('1101','KAS','11','','HEADER','IDR',1,0.00,0.00,'0000-00-00',0.00,0.00,0.00,0.00),('1101.001','Kas Kecil JS','11','1101','DETAIL','IDR',1,1782700.00,0.00,'2022-12-31',0.00,0.00,0.00,0.00),('1101.002','Kas Kecil FR','11','1101','DETAIL','IDR',1,3000000.00,0.00,'2022-12-31',0.00,0.00,0.00,0.00),('1101.003','Kas Kecil WF','11','1101','DETAIL','IDR',1,3263050.00,0.00,'2022-12-31',0.00,0.00,0.00,0.00),('1101.004','Kas Kecil OH','11','1101','DETAIL','IDR',1,1158479.00,0.00,'2022-12-31',0.00,0.00,0.00,0.00),('1101.009','Kas Transit','11','1101','DETAIL','IDR',1,0.00,0.00,'0000-00-00',0.00,0.00,0.00,0.00),('1101.010','Kas Tokopedia','11','1101','DETAIL','IDR',1,0.00,0.00,'0000-00-00',0.00,0.00,0.00,0.00),('1101.011','Kas Besar WF','11','1101','DETAIL','IDR',1,3569077.00,0.00,'2022-12-31',0.00,0.00,0.00,0.00),('1102','BANK','11',NULL,'HEADER','IDR',1,0.00,0.00,'0000-00-00',0.00,0.00,0.00,0.00),('1102.001','Bank Panin JS-018.500.2999 IDR','11','1102','DETAIL','IDR',1,265351075.33,0.00,'2022-12-31',337630923.66,484918610.33,0.00,0.00),('1102.002','Bank Panin JS-018.6000.269 USD','11','1102','DETAIL','USD',1,12587737.37,1433.16,'2022-12-31',21700.05,21728.40,0.00,0.00),('1102.003','Bank Panin FR-018.5800.005 IDR','11','1102','DETAIL','IDR',1,122355194.83,0.00,'2022-12-31',631417239.57,282813339.91,0.00,0.00),('1102.004','Bank Panin FR-018.6000.057 USD','11','1102','DETAIL','USD',1,51032537.51,1788.83,'0000-00-00',0.00,0.00,0.00,0.00),('1102.005','Bank Panin WF - 018.500.1119','11','1102','DETAIL','IDR',1,2390715.41,0.00,'2022-12-31',0.00,0.00,0.00,0.00),('1102.006','Bank CommonWealth WF - 20300.28822','11','1102','DETAIL','IDR',1,-4462534882.91,0.00,'2022-12-31',0.00,0.00,0.00,0.00),('1102.007','Bank DKI JS - 5000807577','11','1102','DETAIL','IDR',1,0.00,0.00,'0000-00-00',0.00,0.00,0.00,0.00),('1102.008','Bank Maybank - 2775000241','11','1102','DETAIL','IDR',1,4724750.00,0.00,'2022-12-31',0.00,0.00,0.00,0.00),('1102.009','Bank Maybank USD JS - 2775000379','11','1102','DETAIL','USD',15406,18428360.00,1245.00,'0000-00-00',0.00,0.00,0.00,0.00),('1102.010','Bank BCA WF - 0747477888','11','1102','DETAIL','IDR',1,1500000.00,0.00,'2022-12-31',0.00,0.00,0.00,0.00),('1103','PIUTANG USAHA','11',NULL,'HEADER','IDR',1,0.00,0.00,'0000-00-00',0.00,0.00,0.00,0.00),('1103.001','Piutang Usaha','11','1103','DETAIL','IDR',1,4892041755.27,0.00,'2022-12-31',0.00,0.00,0.00,17000000.00),('1103.002','Piutang Usaha USD','11','1103','DETAIL','USD',15406,0.00,0.00,'0000-00-00',0.00,0.00,0.00,0.00),('1105','PERSEDIAAN BARANG ','11',NULL,'HEADER','IDR',1,0.00,0.00,'0000-00-00',0.00,0.00,0.00,0.00),('1105.001','Persediaan Screen','11','1105','DETAIL','IDR',1,8432915855.93,0.00,'2022-12-31',0.00,0.00,0.00,0.00),('1105.002','Persediaan Pompa dan Motor FE','11','1105','DETAIL','IDR',1,5311104619.36,0.00,'2022-12-31',0.00,0.00,0.00,0.00),('1105.003','Persediaan Jasa RO dan Filter','11','1105','DETAIL','IDR',1,207699004.14,0.00,'2022-12-31',0.00,0.00,0.00,0.00),('1105.004','Persediaan Barang dalam Proses','11','1105','DETAIL','IDR',1,2.00,0.00,'2022-12-31',0.00,0.00,0.00,0.00),('1106','UANG MUKA PAJAK','11',NULL,'HEADER','IDR',1,0.00,0.00,'0000-00-00',0.00,0.00,0.00,0.00),('1106.001','PPN Masukan','11','1106','DETAIL','IDR',1,0.00,0.00,'0000-00-00',0.00,0.00,0.00,0.00),('1106.002','PPH Pasal 22','11','1106','DETAIL','IDR',1,0.00,0.00,'0000-00-00',0.00,0.00,0.00,0.00),('1106.003','PPH Pasal 23','11','1106','DETAIL','IDR',1,0.00,0.00,'0000-00-00',0.00,0.00,0.00,0.00),('1106.004','PPH Pasal 25','11','1106','DETAIL','IDR',1,0.00,0.00,'0000-00-00',0.00,0.00,0.00,0.00),('1106.005','PPH Pasal 4 Ayat 2','11','1106','DETAIL','IDR',1,0.00,0.00,'0000-00-00',0.00,0.00,0.00,0.00),('1107','BIAYA DIBAYAR DIMUKA','11',NULL,'HEADER','IDR',1,0.00,0.00,'0000-00-00',0.00,0.00,0.00,0.00),('1107.001','Biaya Sewa Dibayar Dimuka','11','1107','DETAIL','IDR',1,0.00,0.00,'0000-00-00',0.00,0.00,0.00,0.00),('1107.002','Biaya Asuransi Dibayar Dimuka','11','1107','DETAIL','IDR',1,0.00,0.00,'0000-00-00',0.00,0.00,0.00,0.00),('1107.999','Biaya dibayar Dimuka Lainnya','11','1107','DETAIL','IDR',1,0.00,0.00,'0000-00-00',0.00,0.00,0.00,0.00),('1108','UANG MUKA','11',NULL,'HEADER','IDR',1,0.00,0.00,'0000-00-00',0.00,0.00,0.00,0.00),('1108.001','Uang Muka Pembelian','11','1108','DETAIL','IDR',1,0.00,0.00,'0000-00-00',0.00,0.00,0.00,0.00),('1108.999','Uang Muka Pembelian USD','11','1108','DETAIL','USD',15406,0.00,0.00,'0000-00-00',0.00,0.00,0.00,0.00),('1109','PIUTANG KARYAWAN','11',NULL,'HEADER','IDR',1,0.00,0.00,'0000-00-00',0.00,0.00,0.00,0.00),('1109.001','Pinjaman Karyawan','11','1109','DETAIL','IDR',1,71855428.00,0.00,'2022-12-31',0.00,0.00,0.00,0.00),('1110','PIUTANG LAIN-LAIN','11',NULL,'HEADER','IDR',1,0.00,0.00,'0000-00-00',0.00,0.00,0.00,0.00),('1110.001','Piutang Lain-Lain','11','1110','DETAIL','IDR',1,0.00,0.00,'0000-00-00',0.00,0.00,0.00,0.00),('1201','TANAH','12',NULL,'HEADER','IDR',1,0.00,0.00,'0000-00-00',0.00,0.00,0.00,0.00),('1201.001','Tanah','12','1201','DETAIL','IDR',1,0.00,0.00,'0000-00-00',0.00,0.00,0.00,0.00),('1202','BANGUNAN','12',NULL,'HEADER','IDR',1,0.00,0.00,'0000-00-00',0.00,0.00,0.00,0.00),('1202.001','Bangunan','12','1202','DETAIL','IDR',1,794936178.00,0.00,'2022-12-31',0.00,0.00,0.00,0.00),('1203','KENDARAAN','12',NULL,'HEADER','IDR',1,0.00,0.00,'0000-00-00',0.00,0.00,0.00,0.00),('1203.001','Kendaraan','12','1203','DETAIL','IDR',1,552166364.00,0.00,'2022-12-31',0.00,0.00,0.00,0.00),('1204','PERALATAN KANTOR','12',NULL,'HEADER','IDR',1,0.00,0.00,'0000-00-00',0.00,0.00,0.00,0.00),('1204.001','Peralatan Kantor','12','1204','DETAIL','IDR',1,447043913.00,0.00,'2022-12-31',0.00,0.00,0.00,0.00),('1212','AKUMULAI PENYUSUTAN BANGUNAN','12',NULL,'HEADER','IDR',1,0.00,0.00,'0000-00-00',0.00,0.00,0.00,0.00),('1212.001','Akumulasi Penyusutan Bangunan','12','1212','DETAIL','IDR',1,-279187523.00,0.00,'2022-12-31',0.00,0.00,0.00,0.00),('1213','AKUMULASI PENYUSUTAN KENDARAAN','12',NULL,'HEADER','IDR',1,0.00,0.00,'0000-00-00',0.00,0.00,0.00,0.00),('1213.001','Akumulasi Penyusutan Kendaraan','12','1213','DETAIL','IDR',1,-443051781.00,0.00,'2022-12-31',0.00,0.00,0.00,0.00),('1214','AKUMULASI PENYUSUTAN PERALATAN KANTOR','12',NULL,'HEADER','IDR',1,0.00,0.00,'0000-00-00',0.00,0.00,0.00,0.00),('1214.001','Akumulasi Penyusutan Peralatan Kantor','12','1214','DETAIL','IDR',1,-406328206.00,0.00,'2022-12-31',0.00,0.00,0.00,0.00),('1401','DEPOSITO','13','','HEADER','IDR',1,0.00,0.00,'0000-00-00',0.00,0.00,0.00,0.00),('1401.001','Uang Muka Perjalanan Dinas','13','1401','DETAIL','IDR',1,0.00,0.00,'0000-00-00',0.00,0.00,0.00,0.00),('2101','HUTANG USAHA','21',NULL,'HEADER','IDR',1,0.00,0.00,'0000-00-00',0.00,0.00,0.00,0.00),('2101.001','Hutang Usaha IDR','21','2101','DETAIL','IDR',1,2592350878.70,0.00,'2022-12-31',0.00,0.00,0.00,0.00),('2101.002','Hutang Usaha USD','21','2101','DETAIL','USD',1,847508940.00,57210.00,'2022-12-31',0.00,0.00,0.00,0.00),('2103','HUTANG LEASING','21',NULL,'HEADER','IDR',1,0.00,0.00,'0000-00-00',0.00,0.00,0.00,0.00),('2103.001','Hutang Leasing','21','2103','DETAIL','IDR',1,0.00,0.00,'0000-00-00',0.00,0.00,0.00,0.00),('2104','HUTANG PAJAK','21',NULL,'HEADER','IDR',1,0.00,0.00,'0000-00-00',0.00,0.00,0.00,0.00),('2104.001','PPH Pasal 29','21','2104','DETAIL','IDR',1,8089483.00,0.00,'2022-12-31',0.00,0.00,0.00,0.00),('2104.002','PPH Pasal 21','21','2104','DETAIL','IDR',1,69672.00,0.00,'2022-12-31',0.00,0.00,0.00,0.00),('2104.003','PPH Pasal-23','21','2104','DETAIL','IDR',1,36372.00,0.00,'2022-12-31',0.00,0.00,0.00,0.00),('2104.004','PPH Pasal 25','21','2104','DETAIL','IDR',1,0.00,0.00,'0000-00-00',0.00,0.00,0.00,0.00),('2104.005','PPN Keluaran','21','2104','DETAIL','IDR',1,0.00,0.00,'0000-00-00',0.00,0.00,0.00,0.00),('2104.006','PPH Pasal 4 Ayat 2','21','2104','DETAIL','IDR',1,0.00,0.00,'0000-00-00',0.00,0.00,0.00,0.00),('2105','PENDAPATAN DITERIMA DIMUKA','21',NULL,'HEADER','IDR',1,0.00,0.00,'0000-00-00',0.00,0.00,0.00,0.00),('2105.001','Uang Muka Penjualan IDR','21','2105','DETAIL','IDR',1,230574982.00,0.00,'2022-12-31',0.00,0.00,17000000.00,0.00),('2105.002','Uang Muka Penjualan USD','21','2105','DETAIL','USD',15406,0.00,0.00,'0000-00-00',0.00,0.00,0.00,0.00),('2106','BIAYA YANG MASIH HARUS DIBAYAR','21',NULL,'HEADER','IDR',1,0.00,0.00,'0000-00-00',0.00,0.00,0.00,0.00),('2106.001','Gaji Masih Harus Dibayar','21','2106','DETAIL','IDR',1,0.00,0.00,'0000-00-00',0.00,0.00,0.00,0.00),('2106.002','BPJS Tenaga Kerja','21','2106','DETAIL','IDR',1,0.00,0.00,'0000-00-00',0.00,0.00,0.00,0.00),('2106.003','BPJS Kesehatan','21','2106','DETAIL','IDR',1,0.00,0.00,'0000-00-00',0.00,0.00,0.00,0.00),('2106.004','Biaya Konsultan','21','2106','DETAIL','IDR',1,0.00,0.00,'0000-00-00',0.00,0.00,0.00,0.00),('2107','HUTANG LAIN-LAIN','21',NULL,'HEADER','IDR',1,0.00,0.00,'0000-00-00',0.00,0.00,0.00,0.00),('2107.001','Deposit Customer','21','2107','DETAIL','IDR',1,26166000.00,0.00,'2022-12-31',0.00,0.00,0.00,0.00),('2107.002','Hutang Winflow','21','2107','DETAIL','IDR',1,-598007.00,0.00,'2022-12-31',0.00,0.00,0.00,0.00),('2300','HUTANG AFILIASI','22',NULL,'HEADER','IDR',1,0.00,0.00,'0000-00-00',0.00,0.00,0.00,0.00),('2300.001','Kamdani','22','2300','DETAIL','IDR',1,0.00,0.00,'0000-00-00',0.00,0.00,0.00,0.00),('2300.002','CV Sukses Bersama','22','2300','DETAIL','IDR',1,869495000.00,0.00,'2022-12-31',0.00,0.00,0.00,0.00),('2300.003','CV NSPI','22','2300','DETAIL','IDR',1,76602800.00,0.00,'2022-12-31',0.00,0.00,0.00,0.00),('2300.004','Andriansjah','22','2300','DETAIL','IDR',1,-100000000.00,0.00,'2022-12-31',0.00,0.00,0.00,0.00),('2301','PINJAMAN BANK','22',NULL,'HEADER','IDR',1,0.00,0.00,'0000-00-00',0.00,0.00,0.00,0.00),('2301.001','Pinjaman Bank','22','2301','DETAIL','IDR',1,0.00,0.00,'0000-00-00',0.00,0.00,0.00,0.00),('2301.002','Bank Panin JS','22','2301','DETAIL','IDR',1,1216434800.00,86600.00,'0000-00-00',0.00,0.00,0.00,0.00),('2301.003','Bank Panin FR','22','2301','DETAIL','IDR',1,1395032960.00,98320.00,'0000-00-00',0.00,0.00,0.00,0.00),('3101','MODAL DISETOR','23',NULL,'HEADER','IDR',1,0.00,0.00,'0000-00-00',0.00,0.00,0.00,0.00),('3101.001','Modal Saham','23','3101','DETAIL','IDR',1,10149159794.65,0.00,'2022-12-31',0.00,0.00,0.00,0.00),('3201','RUGI/LABA DITAHAN','23',NULL,'HEADER','IDR',1,0.00,0.00,'0000-00-00',0.00,0.00,0.00,0.00),('3201.001','Rugi/Laba Ditahan','23','3201','DETAIL','IDR',1,-1701119272.11,0.00,'2022-12-22',0.00,0.00,0.00,0.00),('3301','RUGI/LABA TAHUN BERJALAN','23',NULL,'HEADER','IDR',1,0.00,0.00,'0000-00-00',0.00,0.00,0.00,0.00),('3301.001','Rugi/Laba Tahun Berjalan','23','3301','DETAIL','IDR',1,0.00,0.00,'0000-00-00',0.00,0.00,0.00,0.00),('4101','PENJUALAN','41',NULL,'HEADER','IDR',1,0.00,0.00,'0000-00-00',0.00,0.00,0.00,0.00),('4101.001','Penjualan Johnson','41','4101','DETAIL','IDR',1,0.00,0.00,'0000-00-00',0.00,0.00,0.00,2074373025.00),('4101.002','Penjualan Franklin','41','4101','DETAIL','IDR',1,0.00,0.00,'0000-00-00',0.00,0.00,0.00,266016536.00),('4101.003','Penjualan Winflow','41','4101','DETAIL','IDR',1,0.00,0.00,'0000-00-00',0.00,0.00,0.00,574489009.00),('4101.004','Penjualan Johnson-2','41','4101','DETAIL','IDR',1,0.00,0.00,'2022-12-31',0.00,0.00,0.00,0.00),('4101.099','Penjualan Lain-Lain','41','4101','DETAIL','IDR',1,0.00,0.00,'0000-00-00',0.00,0.00,0.00,0.00),('4201','RETUR/POTONGAN PENJUALAN','42',NULL,'HEADER','IDR',1,0.00,0.00,'0000-00-00',0.00,0.00,0.00,0.00),('4201.001','Diskon Penjualan Johnson','42','4201','DETAIL','IDR',1,0.00,0.00,'0000-00-00',0.00,0.00,0.00,0.00),('4201.002','Diskon Penjualan Franklin','42','4201','DETAIL','IDR',1,0.00,0.00,'0000-00-00',0.00,0.00,0.00,0.00),('4201.003','Diskon Penjualan Winflow','42','4201','DETAIL','IDR',1,0.00,0.00,'0000-00-00',0.00,0.00,0.00,0.00),('4201.004','Diskon Penjualan Johnson-2','42','4201','DETAIL','IDR',1,0.00,0.00,'2022-12-31',0.00,0.00,0.00,0.00),('4301.001','Retur Penjualan Jasa RO dan Filter','42','4301','DETAIL','IDR',1,0.00,0.00,'0000-00-00',0.00,0.00,0.00,0.00),('4301.002','Retur Penjualan Screen','42','4301','DETAIL','IDR',1,0.00,0.00,'0000-00-00',0.00,0.00,0.00,0.00),('4301.003','Retur Penjualan Pompa dan Motor FE','42','4301','DETAIL','IDR',1,0.00,0.00,'0000-00-00',0.00,0.00,0.00,0.00),('5101','HARGA POKOK PENJUALAN','51',NULL,'HEADER','IDR',1,0.00,0.00,'0000-00-00',0.00,0.00,0.00,0.00),('5101.001','HPP Johnson','51','5101','DETAIL','IDR',1,0.00,0.00,'0000-00-00',0.00,0.00,690829372.00,0.00),('5101.002','HPP Franklin','51','5101','DETAIL','IDR',1,0.00,0.00,'0000-00-00',0.00,0.00,49004960.00,0.00),('5101.003','HPP Winflow','51','5101','DETAIL','IDR',1,0.00,0.00,'0000-00-00',0.00,0.00,7550400.00,0.00),('5101.004','HPP Johnson-2','51','5101','DETAIL','IDR',1,0.00,0.00,'0000-00-00',0.00,0.00,0.00,0.00),('5101.005','Potongan Pembelian','51','5101','DETAIL','IDR',1,0.00,0.00,'0000-00-00',0.00,0.00,0.00,0.00),('6101','BIAYA GAJI DAN TUNJANGAN','71',NULL,'HEADER','IDR',1,0.00,0.00,'0000-00-00',0.00,0.00,0.00,0.00),('6101.001','Biaya Gaji','71','6101','DETAIL','IDR',1,0.00,0.00,'0000-00-00',0.00,0.00,0.00,0.00),('6101.002','Tunjangan PPh 21','71','6101','DETAIL','IDR',1,0.00,0.00,'0000-00-00',0.00,0.00,0.00,0.00),('6101.003','Tunjangan Transport','71','6101','DETAIL','IDR',1,0.00,0.00,'0000-00-00',0.00,0.00,0.00,0.00),('6101.004','Tunjangan Uang Makan','71','6101','DETAIL','IDR',1,0.00,0.00,'0000-00-00',0.00,0.00,0.00,0.00),('6101.005','BPJS Kesehatan','71','6101','DETAIL','IDR',1,0.00,0.00,'0000-00-00',0.00,0.00,6470484.00,0.00),('6101.006','BPJS TK JKK','71','6101','DETAIL','IDR',1,0.00,0.00,'0000-00-00',0.00,0.00,0.00,0.00),('6101.007','BPJS TK JKM','71','6101','DETAIL','IDR',1,0.00,0.00,'0000-00-00',0.00,0.00,0.00,0.00),('6101.008','BPJS TK JHT','71','6101','DETAIL','IDR',1,0.00,0.00,'0000-00-00',0.00,0.00,15399516.00,0.00),('6101.009','Insentif / Lembur','71','6101','DETAIL','IDR',1,0.00,0.00,'0000-00-00',0.00,0.00,0.00,0.00),('6101.010','Tunjangan Hari Raya','71','6101','DETAIL','IDR',1,0.00,0.00,'0000-00-00',0.00,0.00,0.00,0.00),('6101.011','Komisi Sales','71','6101','DETAIL','IDR',1,0.00,0.00,'0000-00-00',0.00,0.00,2560800.00,0.00),('6101.012','Pesangon Karyawan','71','6101','DETAIL','IDR',1,0.00,0.00,'0000-00-00',0.00,0.00,0.00,0.00),('6102','BIAYA UMUM & ADMINISTRASI','71',NULL,'HEADER','IDR',1,0.00,0.00,'0000-00-00',0.00,0.00,0.00,0.00),('6102.001','Alat Tulis Kantor','71','6102','DETAIL','IDR',1,0.00,0.00,'0000-00-00',0.00,0.00,391500.00,0.00),('6102.002','Materai','71','6102','DETAIL','IDR',1,0.00,0.00,'0000-00-00',0.00,0.00,15000.00,0.00),('6102.003','Kurir dan Pengiriman','71','6102','DETAIL','IDR',1,0.00,0.00,'0000-00-00',0.00,0.00,0.00,0.00),('6102.004','Perlengkapan Kantor','71','6102','DETAIL','IDR',1,0.00,0.00,'0000-00-00',0.00,0.00,298700.00,0.00),('6102.005','Keperluan Dapur','71','6102','DETAIL','IDR',1,0.00,0.00,'0000-00-00',0.00,0.00,0.00,0.00),('6102.006','Admin Bank','71','6102','DETAIL','IDR',1,0.00,0.00,'0000-00-00',0.00,0.00,247319.00,-2899.00),('6102.007','Iuran Lingkungan','71','6102','DETAIL','IDR',1,0.00,0.00,'0000-00-00',0.00,0.00,0.00,0.00),('6102.008','Buku Cek','71','6102','DETAIL','IDR',1,0.00,0.00,'0000-00-00',0.00,0.00,550000.00,0.00),('6102.009','Biaya Pengurusan Surat','71','6102','DETAIL','IDR',1,0.00,0.00,'0000-00-00',0.00,0.00,0.00,0.00),('6102.010','Biaya Admin Kredit Bank','71','6102','DETAIL','IDR',1,0.00,0.00,'0000-00-00',0.00,0.00,0.00,0.00),('6102.011','Biaya Overhead Kantor','71','6102','DETAIL','IDR',1,0.00,0.00,'0000-00-00',0.00,0.00,11250000.00,0.00),('6102.012','Biaya Fotocopy','71','6102','DETAIL','IDR',1,0.00,0.00,'0000-00-00',0.00,0.00,0.00,0.00),('6102.013','Potongan Pembayaran','71','6102','DETAIL','IDR',1,0.00,0.00,'2022-12-31',0.00,0.00,2895.00,0.00),('6102.014','Biaya Operasional Kantor','71','6102','DETAIL','IDR',1,0.00,0.00,'2022-12-31',0.00,0.00,25100200.00,0.00),('6103','BIAYA UTILITAS','71',NULL,'HEADER','IDR',1,0.00,0.00,'0000-00-00',0.00,0.00,0.00,0.00),('6103.001','Listrik','71','6103','DETAIL','IDR',1,0.00,0.00,'0000-00-00',0.00,0.00,0.00,0.00),('6103.002','Telepon dan Internet','71','6103','DETAIL','IDR',1,0.00,0.00,'0000-00-00',0.00,0.00,3698325.00,0.00),('6103.003','Air PAM','71','6103','DETAIL','IDR',1,0.00,0.00,'0000-00-00',0.00,0.00,0.00,0.00),('6104','BIAYA KENDARAAN','71',NULL,'HEADER','IDR',1,0.00,0.00,'0000-00-00',0.00,0.00,0.00,0.00),('6104.001','Bahan Bakar Minyak','71','6104','DETAIL','IDR',1,0.00,0.00,'0000-00-00',0.00,0.00,4454800.00,0.00),('6104.002','Parkir','71','6104','DETAIL','IDR',1,0.00,0.00,'0000-00-00',0.00,0.00,44000.00,0.00),('6104.003','Tol','71','6104','DETAIL','IDR',1,0.00,0.00,'0000-00-00',0.00,0.00,1275500.00,0.00),('6104.004','Pajak dan KIR Kendaraan','71','6104','DETAIL','IDR',1,0.00,0.00,'0000-00-00',0.00,0.00,0.00,0.00),('6105','BIAYA PERBAIKAN DAN PEMELIHARAAN','71',NULL,'HEADER','IDR',1,0.00,0.00,'0000-00-00',0.00,0.00,0.00,0.00),('6105.001','Perbaikan Dan Pemeliharaan Kendaraan','71','6105','DETAIL','IDR',1,0.00,0.00,'0000-00-00',0.00,0.00,3067000.00,0.00),('6105.002','Perbaikan dan Pemeliharaan Peralatan Kantor','71','6105','DETAIL','IDR',1,0.00,0.00,'0000-00-00',0.00,0.00,975000.00,0.00),('6105.003','Perbaikan dan Pemeliharaan Bangunan','71','6105','DETAIL','IDR',1,0.00,0.00,'0000-00-00',0.00,0.00,0.00,0.00),('6105.004','Perbaikan dan Pemeliharaan Pompa','71','6105','DETAIL','IDR',1,0.00,0.00,'0000-00-00',0.00,0.00,0.00,0.00),('6106','BIAYA ENTERTAIN DAN SUMBANGAN','71',NULL,'HEADER','IDR',1,0.00,0.00,'0000-00-00',0.00,0.00,0.00,0.00),('6106.001','Entertain','71','6106','DETAIL','IDR',1,0.00,0.00,'0000-00-00',0.00,0.00,1420000.00,0.00),('6106.002','Sumbangan / Donasi','71','6106','DETAIL','IDR',1,0.00,0.00,'0000-00-00',0.00,0.00,0.00,0.00),('6107','BIAYA PROFESIONAL','71',NULL,'HEADER','IDR',1,0.00,0.00,'0000-00-00',0.00,0.00,0.00,0.00),('6107.001','Konsultan','71','6107','DETAIL','IDR',1,0.00,0.00,'0000-00-00',0.00,0.00,0.00,0.00),('6107.002','Biaya Pengelolaan Website','71','6107','DETAIL','IDR',1,0.00,0.00,'0000-00-00',0.00,0.00,3361394.00,0.00),('6108','BIAYA PEMBANTU PROYEK','71',NULL,'HEADER','IDR',1,0.00,0.00,'0000-00-00',0.00,0.00,0.00,0.00),('6108.001','Analisa Air','71','6108','DETAIL','IDR',1,0.00,0.00,'0000-00-00',0.00,0.00,0.00,0.00),('6108.002','Packing','71','6108','DETAIL','IDR',1,0.00,0.00,'0000-00-00',0.00,0.00,0.00,0.00),('6108.003','Biaya Kirim Barang','71','6108','DETAIL','IDR',1,0.00,0.00,'0000-00-00',0.00,0.00,4400000.00,6285000.00),('6108.004','Pembelian Material','71','6108','DETAIL','IDR',1,0.00,0.00,'0000-00-00',0.00,0.00,118410682.00,0.00),('6108.005','Uang Kuli','71','6108','DETAIL','IDR',1,0.00,0.00,'0000-00-00',0.00,0.00,464000.00,0.00),('6109','BIAYA PERJALANAN DINAS','71',NULL,'HEADER','IDR',1,0.00,0.00,'0000-00-00',0.00,0.00,0.00,0.00),('6109.001','Penginapan','71','6109','DETAIL','IDR',1,0.00,0.00,'0000-00-00',0.00,0.00,2552651.00,0.00),('6109.002','Uang Saku','71','6109','DETAIL','IDR',1,0.00,0.00,'0000-00-00',0.00,0.00,0.00,0.00),('6109.003','Uang makan perjalanan','71','6109','DETAIL','IDR',1,0.00,0.00,'0000-00-00',0.00,0.00,11635950.00,0.00),('6109.004','Tiket','71','6109','DETAIL','IDR',1,0.00,0.00,'0000-00-00',0.00,0.00,4784799.00,0.00),('6109.005','PCR / Antigen','71','6109','DETAIL','IDR',1,0.00,0.00,'0000-00-00',0.00,0.00,0.00,0.00),('6109.006','Transport','71','6109','DETAIL','IDR',1,0.00,0.00,'0000-00-00',0.00,0.00,8370000.00,0.00),('6110','BIAYA IMPOR BARANG','71',NULL,'HEADER','IDR',1,0.00,0.00,'0000-00-00',0.00,0.00,0.00,0.00),('6110.001','Biaya Forwarding','71','6110','DETAIL','IDR',1,0.00,0.00,'0000-00-00',0.00,0.00,0.00,0.00),('6110.002','Biaya PIB','71','6110','DETAIL','IDR',1,0.00,0.00,'0000-00-00',0.00,0.00,0.00,5081000.00),('6111','BIAYA ASURANSI','71',NULL,'HEADER','IDR',1,0.00,0.00,'0000-00-00',0.00,0.00,0.00,0.00),('6111.001','Asuransi Kendaraan','71','6111','DETAIL','IDR',1,0.00,0.00,'0000-00-00',0.00,0.00,0.00,0.00),('6111.002','Asuransi Gedung','71','6111','DETAIL','IDR',1,0.00,0.00,'0000-00-00',0.00,0.00,0.00,0.00),('6111.003','Asuransi Barang','71','6111','DETAIL','IDR',1,0.00,0.00,'0000-00-00',0.00,0.00,0.00,0.00),('6112','BIAYA MARKETING','71',NULL,'HEADER','IDR',1,0.00,0.00,'0000-00-00',0.00,0.00,0.00,0.00),('6112.001','Souvenir','71','6112','DETAIL','IDR',1,0.00,0.00,'0000-00-00',0.00,0.00,1600000.00,0.00),('6112.002','Promosi','71','6112','DETAIL','IDR',1,0.00,0.00,'0000-00-00',0.00,0.00,9500000.00,0.00),('6113','BIAYA SEWA','71',NULL,'HEADER','IDR',1,0.00,0.00,'0000-00-00',0.00,0.00,0.00,0.00),('6113.001','Biaya Sewa Kantor','71','6113','DETAIL','IDR',1,0.00,0.00,'0000-00-00',0.00,0.00,30000000.00,0.00),('6113.002','Biaya Sewa Gudang','71','6113','DETAIL','IDR',1,0.00,0.00,'0000-00-00',0.00,0.00,0.00,0.00),('6113.003','Biaya sewa peralatan proyek','71','6113','DETAIL','IDR',1,0.00,0.00,'0000-00-00',0.00,0.00,0.00,0.00),('6114','BIAYA PENYUSUTAN','71',NULL,'HEADER','IDR',1,0.00,0.00,'0000-00-00',0.00,0.00,0.00,0.00),('6114.001','Penyusutan Bangunan','71','6114','DETAIL','IDR',1,0.00,0.00,'0000-00-00',0.00,0.00,0.00,0.00),('6114.002','Penyusutan Kendaraan','71','6114','DETAIL','IDR',1,0.00,0.00,'0000-00-00',0.00,0.00,0.00,0.00),('6114.003','Penyusutan Peralatan Kantor','71','6114','DETAIL','IDR',1,0.00,0.00,'0000-00-00',0.00,0.00,0.00,0.00),('8101','BIAYA LAIN-LAIN','81',NULL,'HEADER','IDR',1,0.00,0.00,'0000-00-00',0.00,0.00,0.00,0.00),('8101.001','Biaya Umum & Adm Lainnya','81','8101','DETAIL','IDR',1,0.00,0.00,'0000-00-00',0.00,0.00,1500000.00,0.00),('8101.002','Pajak Jasa Giro','81','8101','DETAIL','IDR',1,0.00,0.00,'0000-00-00',0.00,0.00,79255.18,0.00),('8101.003','Biaya Kerugian Penjualan Aktiva','81','8101','DETAIL','IDR',1,0.00,0.00,'0000-00-00',0.00,0.00,0.00,0.00),('8101.004','Biaya Pajak','81','8101','DETAIL','IDR',1,0.00,0.00,'0000-00-00',0.00,0.00,0.00,0.00),('8101.005','Biaya Bunga Pinjaman Bank','81','8101','DETAIL','IDR',1,0.00,0.00,'0000-00-00',0.00,0.00,34584654.57,0.00),('8101.999','Beban Lain-Lain','81','8101','DETAIL','IDR',1,0.00,0.00,'0000-00-00',0.00,0.00,0.00,0.00),('9101','PENDAPATAN LAIN-LAIN','91',NULL,'HEADER','IDR',1,0.00,0.00,'0000-00-00',0.00,0.00,0.00,0.00),('9101.001','Pendapatan Jasa Giro','91','9101','DETAIL','IDR',1,0.00,0.00,'0000-00-00',0.00,0.00,0.00,396776.77),('9101.002','PENDAPATAN BUNGA DEPOSITO','91','9101','DETAIL','IDR',1,0.00,0.00,'0000-00-00',0.00,0.00,0.00,0.00),('9101.003','Pendapatan Laba Penjualan Aktiva','91','9101','DETAIL','IDR',1,0.00,0.00,'0000-00-00',0.00,0.00,0.00,0.00),('9101.999','Pendapatan Lain-Lain','91','9101','DETAIL','IDR',1,0.00,0.00,'0000-00-00',0.00,0.00,0.00,6745000.00);
/*!40000 ALTER TABLE `tbl_account` ENABLE KEYS */;
UNLOCK TABLES;
COMMIT;

-- Dumped table `tbl_account` with 209 row(s)
--

--
-- Table structure for table `tbl_adjustment`
--

/*!40101 SET @saved_cs_client     = @@character_set_client */;
/*!40101 SET character_set_client = utf8 */;
CREATE TABLE `tbl_adjustment` (
  `no_adjustment` varchar(20) NOT NULL,
  `tgl_adjustment` date NOT NULL,
  `kode_barang` varchar(20) NOT NULL,
  `stockcomp` int(11) NOT NULL DEFAULT 0,
  `stockfisik` int(11) NOT NULL DEFAULT 0,
  `qty` int(5) NOT NULL DEFAULT 0,
  `keterangan` varchar(80) NOT NULL,
  PRIMARY KEY (`no_adjustment`)
) ENGINE=InnoDB DEFAULT CHARSET=utf8mb4 COLLATE=utf8mb4_general_ci;
/*!40101 SET character_set_client = @saved_cs_client */;

--
-- Dumping data for table `tbl_adjustment`
--

LOCK TABLES `tbl_adjustment` WRITE;
/*!40000 ALTER TABLE `tbl_adjustment` DISABLE KEYS */;
SET autocommit=0;
INSERT INTO `tbl_adjustment` VALUES ('00002-STO-2023','2023-02-15','MSI-00228',0,0,0,''),('00004-STO-2023','2023-02-24','MSI-00228',-5,0,5,''),('00005-STO-2023','2023-02-24','MSI-00214',182,177,-5,'Keluar ke AS SCREEN LOW CARBON 6\" SLOT 40'),('00006-STO-2023','2023-02-27','MSI-00215',69,43,-26,'Keluar ke AS SCREEN LOW CARBON 8\" SLOT 40'),('00007-STO-2023','2023-03-03','MSI-00227',0,26,26,'Masuk dari Johson Screen Low Carbon 8\" slot 40'),('00008-STO-2023','2023-03-07','MSI-00213',236,219,-17,'Keluar ke AS SCREEN LOW CARBON 4\" SLOT 40'),('00009-STO-2023','2023-03-07','MSI-00230',3,20,17,'Masuk dari Johson Screen Low Carbon 4\" slot 40'),('00010-STO-2023','2023-01-02','RESIN ONLY',77,73,-4,'Keluar ke CTK Tanfon M11'),('00011-STO-2023','2023-02-01','TANFON CTK M11',0,4,4,'Masuk dari Resin 370Ml'),('00012-STO-2023','2023-03-15','MSI-00214',177,157,-20,'Keluar ke AS SCREEN LOW CARBON 6\" SLOT 40'),('00013-STO-2023','2023-03-15','MSI-00228',0,20,20,'Masuk dari Johson Screen Low Carbon 6\" slot 40'),('00014-STO-2023','2023-03-15','MSI-00213',219,205,-14,'Keluar ke AS SCREEN LOW CARBON 4\" SLOT 40'),('00015-STO-2023','2023-03-15','MSI-00230',6,20,14,'Masuk dari Johson Screen Low Carbon 4\" slot 40'),('00016-STO-2023','2023-03-17','MSI-00213',205,202,-3,'MASUK KE AS SCREEN LOW CARBON 4 SLOT 40'),('00017-STO-2023','2023-03-17','MSI-00214',157,156,-1,'MASUK KE AS SCREEN LOW CARBON 6 SLOT 40'),('00018-STO-2023','2023-03-17','MSI-00230',9,12,3,'Masuk dari Johnson Screen Low Carbon 4 slot 40'),('00019-STO-2023','2023-03-17','MSI-00228',13,14,1,'Masuk dari Johnson Screen Low Carbon 6 slot 40'),('00020-STO-2023','2023-03-21','MSI-00213',202,196,-6,'Masuk ke As Screen low carbon 4\" slow 40'),('00021-STO-2023','2023-03-21','MSI-00215',43,35,-8,'Masuk ke As Screen low carbon 8\" sloT 40'),('00022-STO-2023','2023-03-21','MSI-00230',0,6,6,'Masuk Dari Johnson Screen low carbon 4\" slow 40'),('00023-STO-2023','2023-03-21','MSI-00227',0,8,8,'Masuk Dari Johnson Screen low carbon 8\" slow 40'),('00024-STO-2023','2023-03-30','MSI-00215',35,5,-30,'Masuk ke As Screen low carbon 8\" slot 40'),('00025-STO-2023','2023-03-30','MSI-00227',0,30,30,'Masuk Dari Johnson Screen low carbon 8\" slot 40'),('00026-STO-2023','2023-04-05','MSI-00214',150,141,-9,'Keluar ke AS Screen Low Carbon 6\" slot 40'),('00027-STO-2023','2023-04-05','MSI-00228',0,9,9,'Masuk Dari Johnson Screen low carbon 6\" slot 40'),('00028-STO-2023','2023-04-10','MSI-00214',141,135,-6,'Masuk ke As Screen low carbon 6\" slot 40'),('00029-STO-2023','2023-04-10','MSI-00228',0,6,6,'Masuk Dari Johnson Screen low carbon 6\" slot 40'),('00030-STO-2023','2023-05-06','MSI-00213',196,189,-7,'Keluar ke AS Screen Low Carbon 4\" slot 40'),('00031-STO-2023','2023-05-06','MSI-00230',0,7,7,'Masuk Dari Johnson Screen low carbon 4\" slot 40'),('00032-STO-2023','2023-05-22','MSI-00213',189,174,-15,'Masuk ke As Screen low carbon 4\" slot 40'),('00033-STO-2023','2023-05-22','MSI-00230',-15,15,30,''),('00034-STO-2023','2023-05-25','MSI-00214',133,131,-2,'Keluar ke AS Screen Low Carbon 6\" slot 40'),('00035-STO-2023','2023-05-25','MSI-00228',0,2,2,'Masuk Dari Johnson Screen low carbon 6\" slot 40'),('00036-STO-2023','2023-05-25','MSI-00213',174,162,-12,'Keluar ke AS Screen Low Carbon 4\" slot 40'),('00037-STO-2023','2023-05-25','MSI-00230',15,27,12,'Masuk Dari Johnson Screen low carbon 4\" slow 40');
/*!40000 ALTER TABLE `tbl_adjustment` ENABLE KEYS */;
UNLOCK TABLES;
COMMIT;

-- Dumped table `tbl_adjustment` with 35 row(s)
--

--
-- Table structure for table `tbl_barang`
--

/*!40101 SET @saved_cs_client     = @@character_set_client */;
/*!40101 SET character_set_client = utf8 */;
CREATE TABLE `tbl_barang` (
  `id_barang` int(11) NOT NULL AUTO_INCREMENT,
  `kode_barang` varchar(20) NOT NULL,
  `nama_barang` varchar(200) NOT NULL,
  `kode_satuan` varchar(6) NOT NULL,
  `kode_kategori` varchar(20) NOT NULL,
  `kode_merk` varchar(20) DEFAULT NULL,
  `hargajual` double(12,2) NOT NULL DEFAULT 0.00,
  `hargabeli` double(12,2) NOT NULL DEFAULT 0.00,
  `currency` varchar(6) NOT NULL,
  `nilaikurs` int(6) NOT NULL DEFAULT 0,
  `description` text NOT NULL,
  `gambar` varchar(100) NOT NULL,
  `awal` float(10,2) NOT NULL DEFAULT 0.00,
  `masuk` float(10,2) NOT NULL DEFAULT 0.00,
  `keluar` float(10,2) NOT NULL DEFAULT 0.00,
  `returjual` float(10,2) NOT NULL DEFAULT 0.00,
  `returbeli` float(10,2) NOT NULL DEFAULT 0.00,
  `adjust` float(10,2) NOT NULL DEFAULT 0.00,
  `awldbt` float(10,2) NOT NULL DEFAULT 0.00,
  `awldbt2` float(10,2) NOT NULL DEFAULT 0.00,
  `awldbt3` float(10,2) NOT NULL DEFAULT 0.00,
  `awldbt4` float(10,2) NOT NULL DEFAULT 0.00,
  `awlcrd` float(10,2) NOT NULL DEFAULT 0.00,
  `awlcrd2` float(10,2) NOT NULL DEFAULT 0.00,
  `awlcrd3` float(10,2) NOT NULL DEFAULT 0.00,
  `dbt` float(10,2) NOT NULL DEFAULT 0.00,
  `dbt2` float(10,2) NOT NULL DEFAULT 0.00,
  `dbt3` float(10,2) NOT NULL DEFAULT 0.00,
  `dbt4` float(10,2) NOT NULL DEFAULT 0.00,
  `crd` float(10,2) NOT NULL DEFAULT 0.00,
  `crd2` float(10,2) NOT NULL DEFAULT 0.00,
  `crd3` float(10,2) NOT NULL DEFAULT 0.00,
  `komisi` int(6) NOT NULL DEFAULT 0,
  `sttstok` varchar(3) NOT NULL,
  PRIMARY KEY (`id_barang`)
) ENGINE=InnoDB AUTO_INCREMENT=657 DEFAULT CHARSET=utf8mb4 COLLATE=utf8mb4_general_ci;
/*!40101 SET character_set_client = @saved_cs_client */;

--
-- Dumping data for table `tbl_barang`
--

LOCK TABLES `tbl_barang` WRITE;
/*!40000 ALTER TABLE `tbl_barang` DISABLE KEYS */;
SET autocommit=0;
INSERT INTO `tbl_barang` VALUES (1,'058AF000C501','Coverco Control Box 0.37 Kw, 0.5 Hp, 1 Phase, 220 V','PCS','POMPA','FRANKLIN',0.00,529760.00,'IDR',1,'','noimage.jpg',0.00,15.00,0.00,0.00,0.00,0.00,0.00,0.00,0.00,0.00,0.00,0.00,0.00,0.00,0.00,0.00,0.00,0.00,0.00,0.00,0,'INV'),(2,'058AG000C501','Coverco Control Box 0.55 Kw, 0.75 Hp, 1 Phase, 220 V','PCS','POMPA','FRANKLIN',0.00,537760.00,'IDR',1,'','noimage.jpg',0.00,14.00,0.00,0.00,0.00,0.00,0.00,0.00,0.00,0.00,0.00,0.00,0.00,0.00,0.00,0.00,0.00,0.00,0.00,0.00,0,'INV'),(3,'058AH000C501','Control Box Coverco 0.75 KW / 1 HP/ 1 Phase','PCS','POMPA','FRANKLIN',0.00,587520.00,'IDR',1,'','noimage.jpg',0.00,5.00,0.00,0.00,0.00,0.00,0.00,0.00,0.00,0.00,0.00,0.00,0.00,0.00,0.00,0.00,0.00,0.00,0.00,0.00,0,'INV'),(4,'058AL000C501','Coverco Control Box 1.1 Kw, 1.5 Hp, 1 Phase, 220 V','PCS','POMPA','FRANKLIN',0.00,556640.00,'IDR',1,'','noimage.jpg',0.00,11.00,0.00,0.00,0.00,0.00,0.00,0.00,0.00,0.00,0.00,0.00,0.00,0.00,0.00,0.00,0.00,0.00,0.00,0.00,0,'INV'),(5,'058AM000C501','Coverco Control Box 1.5 Kw, 2 Hp, 1 Phase, 220 V','PCS','POMPA','FRANKLIN',0.00,565120.00,'IDR',1,'','noimage.jpg',0.00,15.00,0.00,0.00,0.00,0.00,0.00,0.00,0.00,0.00,0.00,0.00,0.00,0.00,0.00,0.00,0.00,0.00,0.00,0.00,0,'INV'),(6,'058AP000C501','Control Box Coverco 2.2 kw / 3 hp / 1 Phase','PCS','POMPA','FRANKLIN',0.00,881280.00,'IDR',1,'','noimage.jpg',0.00,6.00,0.00,0.00,0.00,0.00,0.00,0.00,0.00,0.00,0.00,0.00,0.00,0.00,0.00,0.00,0.00,0.00,0.00,0.00,0,'INV'),(10,'118081014310007','Solar inverter Shenzen JFY 4Kw, 5.5Hp, 3 Phase, 4000 W, 380 V','PCS','POMPA','FRANKLIN',0.00,5544000.00,'IDR',1,'','noimage.jpg',0.00,1.00,0.00,0.00,0.00,0.00,0.00,0.00,0.00,0.00,0.00,0.00,0.00,0.00,0.00,0.00,0.00,0.00,0.00,0.00,0,'INV'),(31,'14222012','FE Mechanical Seal 65VR8G-53','PCS','POMPA','FRANKLIN',0.00,1404000.00,'IDR',1,'','noimage.jpg',0.00,2.00,0.00,0.00,0.00,0.00,0.00,0.00,0.00,0.00,0.00,0.00,0.00,0.00,0.00,0.00,0.00,0.00,0.00,0.00,0,'INV'),(32,'152735911 C-NUT','FE Lead Individual Xlpe, 316SS, Clamp Nut','PCS','POMPA','FRANKLIN',0.00,151360.00,'IDR',1,'','noimage.jpg',0.00,1.00,0.00,0.00,0.00,0.00,0.00,0.00,0.00,0.00,0.00,0.00,0.00,0.00,0.00,0.00,0.00,0.00,0.00,0.00,0,'INV'),(33,'152735911 J-NUT','FE Lead Individual Xlpe, 316SS, Jamp Nut','PCS','POMPA','FRANKLIN',0.00,145120.00,'IDR',1,'','noimage.jpg',0.00,12.00,0.00,0.00,0.00,0.00,0.00,0.00,0.00,0.00,0.00,0.00,0.00,0.00,0.00,0.00,0.00,0.00,0.00,0.00,0,'INV'),(34,'2145559204S','FE Submersible Motor 0.37 Kw / 0.5 Hp / 1 Phase / 220 V / DOL / 4\'','PCS','POMPA','FRANKLIN',0.00,0.00,'IDR',0,'','noimage.jpg',0.00,0.00,0.00,0.00,0.00,0.00,0.00,0.00,0.00,0.00,0.00,0.00,0.00,0.00,0.00,0.00,0.00,0.00,0.00,0.00,0,'INV'),(35,'2145579204S','FE Submersible Motor 0.55 Kw, 0.75 Hp, 1 Phase, 220 V, DOL, 4\'','PCS','POMPA','FRANKLIN',0.00,2489120.00,'IDR',1,'','noimage.jpg',0.00,12.00,0.00,0.00,0.00,0.00,0.00,0.00,0.00,0.00,0.00,0.00,0.00,0.00,0.00,0.00,0.00,0.00,0.00,0.00,0,'INV'),(37,'2243509203S','FE Submersible Motor 1.1 Kw , 1.5 Hp, 1 Phase , 220 V, 4\'','PCS','POMPA','FRANKLIN',0.00,0.00,'IDR',0,'','noimage.jpg',0.00,0.00,0.00,0.00,0.00,0.00,0.00,0.00,0.00,0.00,0.00,0.00,0.00,0.00,0.00,0.00,0.00,0.00,0.00,0.00,0,'INV'),(38,'2243519204GS','FE Submersible Motor 1.5 Kw, 2 Hp, 1 Phase, 220 V, DOL, 4\'','PCS','POMPA','FRANKLIN',0.00,3840640.00,'IDR',1,'','noimage.jpg',0.00,20.00,2.00,0.00,0.00,0.00,0.00,0.00,0.00,0.00,0.00,0.00,0.00,0.00,0.00,0.00,0.00,0.00,0.00,0.00,0,'INV'),(39,'2243522604G','FE Submersible Motor 2.2 Kw, 3 Hp, 1 Phase, 220 V, DOL, 4\'','PCS','POMPA','FRANKLIN',0.00,4851288.00,'IDR',1,'','noimage.jpg',0.00,24.00,0.00,0.00,0.00,0.00,0.00,0.00,0.00,0.00,0.00,0.00,0.00,0.00,0.00,0.00,0.00,0.00,0.00,0.00,0,'INV'),(40,'2243538602G','FE Submersible Motor 3.7 Kw, 5 Hp, 1 Phase, 220 V, DOL, 4\'','PCS','POMPA','FRANKLIN',0.00,7022880.00,'IDR',1,'','noimage.jpg',0.00,6.00,0.00,0.00,0.00,0.00,0.00,0.00,0.00,0.00,0.00,0.00,0.00,0.00,0.00,0.00,0.00,0.00,0.00,0.00,0,'INV'),(42,'2343259404GS','FE Submersible Motor 1.5 Kw, 2 Hp, 3 Phase, 380 V, DOL, 4\'','PCS','POMPA','FRANKLIN',0.00,3332320.00,'IDR',1,'','noimage.jpg',0.00,12.00,0.00,0.00,0.00,0.00,0.00,0.00,0.00,0.00,0.00,0.00,0.00,0.00,0.00,0.00,0.00,0.00,0.00,0.00,0,'INV'),(44,'2343262604G','FE Submersible Motor 2.2 Kw, 3 Hp, 3 Phase, 380 V, DOL, 4\'','PCS','POMPA','FRANKLIN',0.00,3985120.00,'IDR',1,'','noimage.jpg',0.00,14.00,5.00,0.00,0.00,0.00,0.00,0.00,0.00,0.00,0.00,0.00,0.00,0.00,0.00,0.00,0.00,0.00,0.00,0.00,0,'INV'),(51,'2345249403S','FE Submersible Motor 1.1 Kw, 1.5 Hp, 3 Phase, 380 V, DOL, 4\'','PCS','POMPA','FRANKLIN',0.00,2977760.00,'IDR',1,'','noimage.jpg',0.00,28.00,0.00,0.00,0.00,0.00,0.00,0.00,0.00,0.00,0.00,0.00,0.00,0.00,0.00,0.00,0.00,0.00,0.00,0.00,0,'INV'),(53,'2345639403S','Fe Submersible Motor 0.75 Kw / 1 Hp / 3 Phase / 380 V / DOL / 4\'','PCS','POMPA','FRANKLIN',0.00,0.00,'IDR',0,'','noimage.jpg',0.00,0.00,0.00,0.00,0.00,0.00,0.00,0.00,0.00,0.00,0.00,0.00,0.00,0.00,0.00,0.00,0.00,0.00,0.00,0.00,0,'INV'),(55,'2347278602G','FE Submersible Motor 3.7 Kw, 5 Hp, 3 Phase, 380 V, DOL, 4\'','PCS','POMPA','FRANKLIN',0.00,6529760.00,'IDR',1,'','noimage.jpg',0.00,34.00,4.00,0.00,0.00,0.00,0.00,0.00,0.00,0.00,0.00,0.00,0.00,0.00,0.00,0.00,0.00,0.00,0.00,0.00,0,'INV'),(56,'2347288602G','FE Submersible Motor 5.5 Kw / 7.5 Hp / 3 Phase / 380 V / DOL/ 4\'','PCS','POMPA','FRANKLIN',0.00,8015680.00,'IDR',1,'','noimage.jpg',0.00,23.00,5.00,0.00,0.00,0.00,0.00,0.00,0.00,0.00,0.00,0.00,0.00,0.00,0.00,0.00,0.00,0.00,0.00,0.00,0,'INV'),(57,'2347298602G','FE Submersible Motor 7.5 Kw, 10 Hp, 3 Phase, DOL, 4\'','PCS','POMPA','FRANKLIN',0.00,12255200.00,'IDR',1,'','noimage.jpg',0.00,1.00,0.00,0.00,0.00,0.00,0.00,0.00,0.00,0.00,0.00,0.00,0.00,0.00,0.00,0.00,0.00,0.00,0.00,0.00,0,'INV'),(58,'2347658602G','FE Submersible Motor 4KW, 5.5HP, 3PHASE , 4\'','PCS','POMPA','FRANKLIN',0.00,6876000.00,'IDR',1,'','noimage.jpg',0.00,10.00,1.00,0.00,0.00,0.00,0.00,0.00,0.00,0.00,0.00,0.00,0.00,0.00,0.00,0.00,0.00,0.00,0.00,0.00,0,'INV'),(59,'2348068602G','FE Submersible Motor 3 Kw, 4 Hp, 3 Phase, 380 V, DOL, 4\'','PCS','POMPA','FRANKLIN',0.00,6274167.00,'IDR',1,'','noimage.jpg',0.00,1.00,0.00,0.00,0.00,0.00,0.00,0.00,0.00,0.00,0.00,0.00,0.00,0.00,0.00,0.00,0.00,0.00,0.00,0.00,0,'INV'),(60,'2366108120','FE Submersible Motor 3.7 Kw, 5 Hp, 3 Phase, 380 V, DOL, 6\', SF','PCS','POMPA','FRANKLIN',0.00,8651520.00,'IDR',1,'','noimage.jpg',0.00,2.00,0.00,0.00,0.00,0.00,0.00,0.00,0.00,0.00,0.00,0.00,0.00,0.00,0.00,0.00,0.00,0.00,0.00,0.00,0,'INV'),(62,'2366128120','FE Submersible Motor 7.5 Kw, 10 Hp, 3 Phase, DOL - Sandfighter, 6\'','PCS','POMPA','FRANKLIN',0.00,11031680.00,'IDR',1,'','noimage.jpg',0.00,3.00,3.00,0.00,0.00,0.00,0.00,0.00,0.00,0.00,0.00,0.00,0.00,0.00,0.00,0.00,0.00,0.00,0.00,0.00,0,'INV'),(63,'2366138120','FE Submersible Motor 11 Kw, 15 Hp, 3 Phase, DOL - Sandfighter, 6\'','PCS','POMPA','FRANKLIN',0.00,12709819.00,'IDR',1,'','noimage.jpg',0.00,3.00,1.00,0.00,0.00,0.00,0.00,0.00,0.00,0.00,0.00,0.00,0.00,0.00,0.00,0.00,0.00,0.00,0.00,0.00,0,'INV'),(64,'2366148120','FE Submersible Motor 15 Kw, 20 Hp, 3 Phase, DOL - Sandfighter, 6\'','PCS','POMPA','FRANKLIN',0.00,16049120.00,'IDR',1,'','noimage.jpg',0.00,1.00,0.00,0.00,0.00,0.00,0.00,0.00,0.00,0.00,0.00,0.00,0.00,0.00,0.00,0.00,0.00,0.00,0.00,0.00,0,'INV'),(66,'2367129020','FE Submersible Motor 7.5 Kw, 10 Hp, 3 Phase, 380 V, STARDELTA, 6\', WW','PCS','POMPA','FRANKLIN',0.00,11606720.00,'IDR',1,'','noimage.jpg',0.00,3.00,0.00,0.00,0.00,0.00,0.00,0.00,0.00,0.00,0.00,0.00,0.00,0.00,0.00,0.00,0.00,0.00,0.00,0.00,0,'INV'),(67,'2367138120','FE Submersible Motor 11 Kw, 15 Hp, 3 Phase, STARDELTA - Sandfighter, 6\'','PCS','POMPA','FRANKLIN',0.00,0.00,'IDR',0,'','noimage.jpg',0.00,0.00,0.00,0.00,0.00,0.00,0.00,0.00,0.00,0.00,0.00,0.00,0.00,0.00,0.00,0.00,0.00,0.00,0.00,0.00,0,'INV'),(68,'2367148120','FE Submersible Motor 15 Kw, 20 Hp, 3 Phase, STARDELTA - Sandfighter, 6\'','PCS','POMPA','FRANKLIN',0.00,0.00,'IDR',0,'','noimage.jpg',0.00,0.00,0.00,0.00,0.00,0.00,0.00,0.00,0.00,0.00,0.00,0.00,0.00,0.00,0.00,0.00,0.00,0.00,0.00,0.00,0,'INV'),(69,'2367158120','FE Submersible Motor 18.5 Kw, 25 Hp, 3 Phase, 380 V, STARDELTA, 6\', SF','PCS','POMPA','FRANKLIN',0.00,0.00,'IDR',0,'','noimage.jpg',0.00,0.00,0.00,0.00,0.00,0.00,0.00,0.00,0.00,0.00,0.00,0.00,0.00,0.00,0.00,0.00,0.00,0.00,0.00,0.00,0,'INV'),(97,'2747261040','Coverco Submersible Motor 2.2 Kw, 3 Hp, 3 Phase, 380 V, DOL, 4\'','PCS','POMPA','FRANKLIN',0.00,0.00,'IDR',0,'','noimage.jpg',0.00,0.00,0.00,0.00,0.00,0.00,0.00,0.00,0.00,0.00,0.00,0.00,0.00,0.00,0.00,0.00,0.00,0.00,0.00,0.00,0,'INV'),(98,'2747284140','Coverco Submersible Motor 5.5 Kw, 7.5 Hp, 3 Phase, 380V, DOL','PCS','POMPA','FRANKLIN',0.00,3579520.00,'IDR',1,'','noimage.jpg',0.00,2.00,2.00,0.00,0.00,0.00,0.00,0.00,0.00,0.00,0.00,0.00,0.00,0.00,0.00,0.00,0.00,0.00,0.00,0.00,0,'INV'),(100,'2758461040','Coverco Submersible Motor 0.37 Kw, 0.5 Hp, 1 Phase, 220 V, DOL, 4\'','PCS','POMPA','FRANKLIN',0.00,1253600.00,'IDR',1,'','noimage.jpg',0.00,13.00,0.00,0.00,0.00,0.00,0.00,0.00,0.00,0.00,0.00,0.00,0.00,0.00,0.00,0.00,0.00,0.00,0.00,0.00,0,'INV'),(101,'2758471040','Coverco Submersible Motor 0.55 Kw, 0.75 Hp, 1 Phase, 220 V, DOL, 4\'','PCS','POMPA','FRANKLIN',0.00,1320640.00,'IDR',1,'','noimage.jpg',0.00,2.00,0.00,0.00,0.00,0.00,0.00,0.00,0.00,0.00,0.00,0.00,0.00,0.00,0.00,0.00,0.00,0.00,0.00,0.00,0,'INV'),(102,'2758481040','Coverco Submersible Motor 0.75 Kw, 1 Hp, 1 Phase, 220 V, DOL, 4\'','PCS','POMPA','FRANKLIN',0.00,1383336.00,'IDR',1,'','noimage.jpg',0.00,30.00,0.00,0.00,0.00,0.00,0.00,0.00,0.00,0.00,0.00,0.00,0.00,0.00,0.00,0.00,0.00,0.00,0.00,0.00,0,'INV'),(103,'2758501040','Coverco Submersible Motor 1.1 Kw, 1.5 Hp, 1 Phase, 220 V, DOL, 4\'','PCS','POMPA','FRANKLIN',0.00,1550880.00,'IDR',1,'','noimage.jpg',0.00,30.00,0.00,0.00,0.00,0.00,0.00,0.00,0.00,0.00,0.00,0.00,0.00,0.00,0.00,0.00,0.00,0.00,0.00,0.00,0,'INV'),(104,'2758511040','Coverco Submersible Motor 1.5 Kw, 2 Hp, 1 Phase, 220 V, DOL, 4\'','PCS','POMPA','FRANKLIN',0.00,1667200.00,'IDR',1,'','noimage.jpg',0.00,28.00,0.00,0.00,0.00,0.00,0.00,0.00,0.00,0.00,0.00,0.00,0.00,0.00,0.00,0.00,0.00,0.00,0.00,0.00,0,'INV'),(105,'2758521140','Coverco Submersible Motor 2.2 Kw, 3 Hp, 1 Phase, 220 V, DOL, 4\'','PCS','POMPA','FRANKLIN',0.00,2069280.00,'IDR',1,'','noimage.jpg',0.00,15.00,0.00,0.00,0.00,0.00,0.00,0.00,0.00,0.00,0.00,0.00,0.00,0.00,0.00,0.00,0.00,0.00,0.00,0.00,0,'INV'),(106,'2758544040','Coverco Submersible Motor 4 Kw, 5.5 Hp, 1 Phase, 220 V, DOL, 4\'','PCS','POMPA','FRANKLIN',0.00,2069280.00,'IDR',1,'','noimage.jpg',0.00,5.00,0.00,0.00,0.00,0.00,0.00,0.00,0.00,0.00,0.00,0.00,0.00,0.00,0.00,0.00,0.00,0.00,0.00,0.00,0,'INV'),(108,'2776110300','Coverco Submersible Motor 5.5 Kw, 7.5 Hp, 3 Phase, 380 V, DOL, 6\'','PCS','POMPA','FRANKLIN',0.00,7570080.00,'IDR',1,'','noimage.jpg',0.00,3.00,0.00,0.00,0.00,0.00,0.00,0.00,0.00,0.00,0.00,0.00,0.00,0.00,0.00,0.00,0.00,0.00,0.00,0.00,0,'INV'),(109,'2777120100','Coverco Submersible Motor 7.5 Kw, 10 Hp, 3 Phase, 380 V, STARDELTA, 6\'','PCS','POMPA','FRANKLIN',0.00,8994080.00,'IDR',1,'','noimage.jpg',0.00,3.00,0.00,0.00,0.00,0.00,0.00,0.00,0.00,0.00,0.00,0.00,0.00,0.00,0.00,0.00,0.00,0.00,0.00,0.00,0,'INV'),(110,'2777140110','Coverco Submersible Motor 15 Kw, 20 Hp, 3 Phase, 380 V, STARDELTA, 6\'','PCS','POMPA','FRANKLIN',0.00,0.00,'IDR',0,'','noimage.jpg',0.00,0.00,0.00,0.00,0.00,0.00,0.00,0.00,0.00,0.00,0.00,0.00,0.00,0.00,0.00,0.00,0.00,0.00,0.00,0.00,0,'INV'),(111,'2803552115','FE Control Box 0.37 Kw, 0.5 Hp, 1 Phase, 220 V','PCS','POMPA','FRANKLIN',0.00,0.00,'IDR',0,'','noimage.jpg',0.00,0.00,0.00,0.00,0.00,0.00,0.00,0.00,0.00,0.00,0.00,0.00,0.00,0.00,0.00,0.00,0.00,0.00,0.00,0.00,0,'INV'),(112,'2803570115','FE Control Box 0.55 Kw, 0.75 Hp, 1 Phase, 220 V','PCS','POMPA','FRANKLIN',0.00,617440.00,'IDR',1,'','noimage.jpg',0.00,1.00,0.00,0.00,0.00,0.00,0.00,0.00,0.00,0.00,0.00,0.00,0.00,0.00,0.00,0.00,0.00,0.00,0.00,0.00,0,'INV'),(113,'2803572115','FE Control Box 0.55 Kw, 0.75 Hp, 1 Phase, 220 V ( Kode Baru )','PCS','POMPA','FRANKLIN',0.00,617440.00,'IDR',1,'','noimage.jpg',0.00,21.00,0.00,0.00,0.00,0.00,0.00,0.00,0.00,0.00,0.00,0.00,0.00,0.00,0.00,0.00,0.00,0.00,0.00,0.00,0,'INV'),(114,'2803582115','FE Control Box 0.75 Kw, 1 Hp, 1 Phase, 220 V','PCS','POMPA','FRANKLIN',0.00,0.00,'IDR',0,'','noimage.jpg',0.00,0.00,0.00,0.00,0.00,0.00,0.00,0.00,0.00,0.00,0.00,0.00,0.00,0.00,0.00,0.00,0.00,0.00,0.00,0.00,0,'INV'),(115,'2803584127','FE Control Box 0.75KW, 1HP, 220V, 50Hz, 1PHASE','PCS','POMPA','FRANKLIN',0.00,645600.00,'IDR',1,'','noimage.jpg',0.00,2.00,1.00,0.00,0.00,0.00,0.00,0.00,0.00,0.00,0.00,0.00,0.00,0.00,0.00,0.00,0.00,0.00,0.00,0.00,0,'INV'),(116,'2822539010','FE Control Box 3.7 Kw, 5 Hp, 1 Phase, 220 V','PCS','POMPA','FRANKLIN',0.00,2539040.00,'IDR',1,'','noimage.jpg',0.00,6.00,0.00,0.00,0.00,0.00,0.00,0.00,0.00,0.00,0.00,0.00,0.00,0.00,0.00,0.00,0.00,0.00,0.00,0.00,0,'INV'),(117,'2823508110','FE Control Box 1.1 Kw, 1.5 Hp, 1 Phase, 220 V','PCS','POMPA','FRANKLIN',0.00,856640.00,'IDR',1,'','noimage.jpg',0.00,6.00,0.00,0.00,0.00,0.00,0.00,0.00,0.00,0.00,0.00,0.00,0.00,0.00,0.00,0.00,0.00,0.00,0.00,0.00,0,'INV'),(118,'2823518110','FE Control Box 1.5 Kw, 2 Hp, 1 Phase, 3 Wire','PCS','POMPA','FRANKLIN',0.00,1403040.00,'IDR',1,'','noimage.jpg',0.00,9.00,2.00,0.00,0.00,0.00,0.00,0.00,0.00,0.00,0.00,0.00,0.00,0.00,0.00,0.00,0.00,0.00,0.00,0.00,0,'INV'),(119,'2823528110','FE Control Box 2.2 Kw, 3 Hp, 1 Phase, 220 V','PCS','POMPA','FRANKLIN',0.00,1689440.00,'IDR',1,'','noimage.jpg',0.00,26.00,0.00,0.00,0.00,0.00,0.00,0.00,0.00,0.00,0.00,0.00,0.00,0.00,0.00,0.00,0.00,0.00,0.00,0.00,0,'INV'),(120,'2885053511','FE Motor Starter Subtronic 3P ST220P3, 2.2 Kw, 3 Hp, 3 Phase, 50 Hz, 380 - 415 V','PCS','POMPA','FRANKLIN',0.00,3150000.00,'IDR',1,'','noimage.jpg',0.00,1.00,0.00,0.00,0.00,0.00,0.00,0.00,0.00,0.00,0.00,0.00,0.00,0.00,0.00,0.00,0.00,0.00,0.00,0.00,0,'INV'),(121,'2885093511','FE Motor Starter Subtronic 3P ST750P3, 7.5 Kw, 10 Hp, 3 Phase, 50 Hz, 380 - 415 V','PCS','POMPA','FRANKLIN',0.00,5000000.00,'IDR',1,'','noimage.jpg',0.00,1.00,0.00,0.00,0.00,0.00,0.00,0.00,0.00,0.00,0.00,0.00,0.00,0.00,0.00,0.00,0.00,0.00,0.00,0.00,0,'INV'),(122,'2885103511','FE Motor Starter Subtronic 3P ST550P3, 5.5 Kw, 7.5 Hp, 3 Phase, 50 Hz, 380 - 415 V','PCS','POMPA','FRANKLIN',0.00,2445000.00,'IDR',1,'','noimage.jpg',0.00,1.00,0.00,0.00,0.00,0.00,0.00,0.00,0.00,0.00,0.00,0.00,0.00,0.00,0.00,0.00,0.00,0.00,0.00,0.00,0,'INV'),(125,'30540611400','FE Kit Thrust Washer','PCS','POMPA','FRANKLIN',0.00,23360.00,'IDR',1,'','noimage.jpg',0.00,5.00,0.00,0.00,0.00,0.00,0.00,0.00,0.00,0.00,0.00,0.00,0.00,0.00,0.00,0.00,0.00,0.00,0.00,0.00,0,'INV'),(128,'305974915','FE WW HT MSIC PARTS KIT 4\' HT','PCS','POMPA','FRANKLIN',0.00,449760.00,'IDR',1,'','noimage.jpg',0.00,3.00,0.00,0.00,0.00,0.00,0.00,0.00,0.00,0.00,0.00,0.00,0.00,0.00,0.00,0.00,0.00,0.00,0.00,0.00,0,'INV'),(131,'4TGJ10/4','Pompa Submersible SHIMGE 4TGJ10/4 ( 2.2Kw, 10m3/h @ 30m )','PCS','POMPA','FRANKLIN',0.00,5394580.00,'IDR',1,'','noimage.jpg',0.00,2.00,0.00,0.00,0.00,0.00,0.00,0.00,0.00,0.00,0.00,0.00,0.00,0.00,0.00,0.00,0.00,0.00,0.00,0.00,0,'INV'),(132,'4TGJ12/3','Pompa Submersible SHIMGE 4TGJ12/3 ( 2.2Kw, 12.6m3/h @ 20m )','PCS','POMPA','FRANKLIN',0.00,5453015.00,'IDR',1,'','noimage.jpg',0.00,2.00,0.00,0.00,0.00,0.00,0.00,0.00,0.00,0.00,0.00,0.00,0.00,0.00,0.00,0.00,0.00,0.00,0.00,0.00,0,'INV'),(133,'4TGJ3/3','Pompa Submersible SHIMGE 4TGJ3/3 ( 1.1Kw, 3m3/h @ 39m )','PCS','POMPA','FRANKLIN',0.00,5332520.00,'IDR',1,'','noimage.jpg',0.00,2.00,0.00,0.00,0.00,0.00,0.00,0.00,0.00,0.00,0.00,0.00,0.00,0.00,0.00,0.00,0.00,0.00,0.00,0.00,0,'INV'),(134,'4TGJ3/5','Pompa Submersible SHIMGE 4TGJ3/5 ( 2.2Kw, 3m3/h @ 65m )','PCS','POMPA','FRANKLIN',0.00,5361665.00,'IDR',1,'','noimage.jpg',0.00,2.00,0.00,0.00,0.00,0.00,0.00,0.00,0.00,0.00,0.00,0.00,0.00,0.00,0.00,0.00,0.00,0.00,0.00,0.00,0,'INV'),(135,'4TGJ6/5','Pompa Submersible SHIMGE 4TGJ6/5 ( 2.2Kw, 6m3/h @ 48m )','PCS','POMPA','FRANKLIN',0.00,5386025.00,'IDR',1,'','noimage.jpg',0.00,4.00,0.00,0.00,0.00,0.00,0.00,0.00,0.00,0.00,0.00,0.00,0.00,0.00,0.00,0.00,0.00,0.00,0.00,0.00,0,'INV'),(147,'5800020601','FE Pumptec IR 3R','PCS','POMPA','FRANKLIN',0.00,1591200.00,'IDR',1,'','noimage.jpg',0.00,1.00,0.00,0.00,0.00,0.00,0.00,0.00,0.00,0.00,0.00,0.00,0.00,0.00,0.00,0.00,0.00,0.00,0.00,0.00,0,'INV'),(148,'5800060502','FE Pumptec Plus','PCS','POMPA','FRANKLIN',0.00,2982720.00,'IDR',1,'','noimage.jpg',0.00,1.00,0.00,0.00,0.00,0.00,0.00,0.00,0.00,0.00,0.00,0.00,0.00,0.00,0.00,0.00,0.00,0.00,0.00,0.00,0,'INV'),(149,'583105125','FE Controller & inverter 12.5A','PCS','POMPA','FRANKLIN',0.00,0.00,'IDR',0,'','noimage.jpg',0.00,0.00,0.00,0.00,0.00,0.00,0.00,0.00,0.00,0.00,0.00,0.00,0.00,0.00,0.00,0.00,0.00,0.00,0.00,0.00,0,'INV'),(150,'5838103073','FE SIEMENS Controller & Inverter 7.3 Ampere 3Kw, 4Hp ( 3FSD )','PCS','POMPA','FRANKLIN',0.00,9855768.00,'IDR',1,'','noimage.jpg',0.00,7.00,0.00,0.00,0.00,0.00,0.00,0.00,0.00,0.00,0.00,0.00,0.00,0.00,0.00,0.00,0.00,0.00,0.00,0.00,0,'INV'),(151,'5838104088C','FE SIEMENS Controller & Inverter 8.8 Ampere 4Kw, 5.5Hp','PCS','POMPA','FRANKLIN',0.00,10832000.00,'IDR',1,'','noimage.jpg',0.00,4.00,0.00,0.00,0.00,0.00,0.00,0.00,0.00,0.00,0.00,0.00,0.00,0.00,0.00,0.00,0.00,0.00,0.00,0.00,0,'INV'),(152,'5838107165','FE SIEMENS Controller & Inverter 16.5 Ampere 7.5Kw, 10Hp','PCS','POMPA','FRANKLIN',0.00,15226848.00,'IDR',1,'','noimage.jpg',0.00,2.00,0.00,0.00,0.00,0.00,0.00,0.00,0.00,0.00,0.00,0.00,0.00,0.00,0.00,0.00,0.00,0.00,0.00,0.00,0,'INV'),(153,'5838111250','FE SIEMENS Controller & Inverter 25 Ampere 11Kw, 15Hp','PCS','POMPA','FRANKLIN',0.00,18233904.00,'IDR',1,'','noimage.jpg',0.00,1.00,0.00,0.00,0.00,0.00,0.00,0.00,0.00,0.00,0.00,0.00,0.00,0.00,0.00,0.00,0.00,0.00,0.00,0.00,0,'INV'),(154,'5838115310C','FE SIEMENS Controller & Inverter 31 Ampere 15Kw, 20Hp ( FSF )','PCS','POMPA','FRANKLIN',0.00,21169667.00,'IDR',1,'','noimage.jpg',0.00,1.00,0.00,0.00,0.00,0.00,0.00,0.00,0.00,0.00,0.00,0.00,0.00,0.00,0.00,0.00,0.00,0.00,0.00,0.00,0,'INV'),(155,'5838122450C','FE SIEMENS Controller & Inverter 45 Ampere 22Kw, 30Hp','PCS','POMPA','FRANKLIN',0.00,25310688.00,'IDR',1,'','noimage.jpg',0.00,1.00,0.00,0.00,0.00,0.00,0.00,0.00,0.00,0.00,0.00,0.00,0.00,0.00,0.00,0.00,0.00,0.00,0.00,0.00,0,'INV'),(156,'5838130600C','FE SIEMENS Controller & Inverter 60 Ampere 30Kw, 40Hp','PCS','POMPA','FRANKLIN',0.00,28189355.00,'IDR',1,'','noimage.jpg',0.00,1.00,0.00,0.00,0.00,0.00,0.00,0.00,0.00,0.00,0.00,0.00,0.00,0.00,0.00,0.00,0.00,0.00,0.00,0.00,0,'INV'),(157,'5850011100','FE D3 Submonitor Reader','PCS','POMPA','FRANKLIN',0.00,4430400.00,'IDR',1,'','noimage.jpg',0.00,2.00,0.00,0.00,0.00,0.00,0.00,0.00,0.00,0.00,0.00,0.00,0.00,0.00,0.00,0.00,0.00,0.00,0.00,0.00,0,'INV'),(158,'5860005100','FE Submonitor','PCS','POMPA','FRANKLIN',0.00,7182240.00,'IDR',1,'','noimage.jpg',0.00,7.00,0.00,0.00,0.00,0.00,0.00,0.00,0.00,0.00,0.00,0.00,0.00,0.00,0.00,0.00,0.00,0.00,0.00,0.00,0,'INV'),(159,'5870301223','FE SIEMENS Controller Sub Drive Solar 2.2 Kw, 3 Hp, N3','PCS','POMPA','FRANKLIN',0.00,25408000.00,'IDR',1,'','noimage.jpg',0.00,1.00,0.00,0.00,0.00,0.00,0.00,0.00,0.00,0.00,0.00,0.00,0.00,0.00,0.00,0.00,0.00,0.00,0.00,0.00,0,'INV'),(161,'616090801010051','FE SG IMPO SS 609/08 4 M 2 1/2 11T','PCS','POMPA','FRANKLIN',0.00,7356800.00,'IDR',1,'','noimage.jpg',0.00,2.00,0.00,0.00,0.00,0.00,0.00,0.00,0.00,0.00,0.00,0.00,0.00,0.00,0.00,0.00,0.00,0.00,0.00,0.00,0,'INV'),(162,'616240701010077','BAREPUMP ONLY SUBMERSIBLE 6\', 24SSI04F065-0743, 4KW, 5.5HP','PCS','POMPA','FRANKLIN',0.00,8386080.00,'IDR',1,'','noimage.jpg',0.00,1.00,0.00,0.00,0.00,0.00,0.00,0.00,0.00,0.00,0.00,0.00,0.00,0.00,0.00,0.00,0.00,0.00,0.00,0.00,0,'INV'),(163,'616241101010077','BAREPUMP ONLY SUBMERSIBLE 6\', 24SSI05F065-1143, 5.5KW, 7.5HP','PCS','POMPA','FRANKLIN',0.00,11675200.00,'IDR',1,'','noimage.jpg',0.00,1.00,0.00,0.00,0.00,0.00,0.00,0.00,0.00,0.00,0.00,0.00,0.00,0.00,0.00,0.00,0.00,0.00,0.00,0.00,0,'INV'),(164,'616301002010077','BAREPUMP ONLY SUBMERSIBLE 6\', 30SSI07F065-1063, 7.5KW, 10HP','PCS','POMPA','FRANKLIN',0.00,10897920.00,'IDR',1,'','noimage.jpg',0.00,4.00,2.00,0.00,0.00,0.00,0.00,0.00,0.00,0.00,0.00,0.00,0.00,0.00,0.00,0.00,0.00,0.00,0.00,0.00,0,'INV'),(165,'616360702010077','BAREPUMP ONLY SUBMERSIBLE 6\', 36SSI07F065-0763, 7.5KW, 10HP, 7STAGES','PCS','POMPA','FRANKLIN',0.00,0.00,'IDR',0,'','noimage.jpg',0.00,0.00,0.00,0.00,0.00,0.00,0.00,0.00,0.00,0.00,0.00,0.00,0.00,0.00,0.00,0.00,0.00,0.00,0.00,0.00,0,'INV'),(167,'77091111','FE EGT 9 F 230V 50 HZ ( 0.9 Kw, 1.2 Hp )','PCS','POMPA','FRANKLIN',0.00,4270560.00,'IDR',1,'','noimage.jpg',0.00,1.00,0.00,0.00,0.00,0.00,0.00,0.00,0.00,0.00,0.00,0.00,0.00,0.00,0.00,0.00,0.00,0.00,0.00,0.00,0,'INV'),(172,'90031520','FE Sub Drive Solar Quick Pack 45SSQP 1.1 Kw, 1.5 Hp','PCS','POMPA','FRANKLIN',0.00,29725760.00,'IDR',1,'','noimage.jpg',0.00,1.00,0.00,0.00,0.00,0.00,0.00,0.00,0.00,0.00,0.00,0.00,0.00,0.00,0.00,0.00,0.00,0.00,0.00,0.00,0,'INV'),(173,'90032520','FE Sub Drive Solar Quick Pack 70SDSP 1.1 Kw, 1.5 Hp','PCS','POMPA','FRANKLIN',0.00,29725760.00,'IDR',1,'','noimage.jpg',0.00,1.00,0.00,0.00,0.00,0.00,0.00,0.00,0.00,0.00,0.00,0.00,0.00,0.00,0.00,0.00,0.00,0.00,0.00,0.00,0,'INV'),(177,'90034530','FE Sub Drive Solar Quick Pack 150SSQP 2.2 Kw, 3 Hp','PCS','POMPA','FRANKLIN',0.00,32103840.00,'IDR',1,'','noimage.jpg',0.00,2.00,0.00,0.00,0.00,0.00,0.00,0.00,0.00,0.00,0.00,0.00,0.00,0.00,0.00,0.00,0.00,0.00,0.00,0.00,0,'INV'),(178,'90401102','FE Sub Drive Inline Booster 1100','PCS','POMPA','FRANKLIN',0.00,13079040.00,'IDR',1,'','noimage.jpg',0.00,1.00,0.00,0.00,0.00,0.00,0.00,0.00,0.00,0.00,0.00,0.00,0.00,0.00,0.00,0.00,0.00,0.00,0.00,0.00,0,'INV'),(179,'91471504-53','FE VERTICAL MULTISTAGE 15VR4-00-F-N-53 4Kw, 5.5Hp, 3 Phase ( 4 Stages )','PCS','POMPA','FRANKLIN',0.00,18224800.00,'IDR',1,'','noimage.jpg',0.00,3.00,0.00,0.00,0.00,0.00,0.00,0.00,0.00,0.00,0.00,0.00,0.00,0.00,0.00,0.00,0.00,0.00,0.00,0.00,0,'INV'),(180,'91471506-53','FE VERTICAL MULTISTAGE 15VR6-00-F-N-53 5.5Kw, 7.5Hp, 3 Phase ( 6 Stages )','PCS','POMPA','FRANKLIN',0.00,11194720.00,'IDR',1,'','noimage.jpg',0.00,5.00,0.00,0.00,0.00,0.00,0.00,0.00,0.00,0.00,0.00,0.00,0.00,0.00,0.00,0.00,0.00,0.00,0.00,0.00,0,'INV'),(181,'91471507-53','FE VERTICAL MULTISTAGE 15VR07-00-F-N-53 5.5Kw, 7.5Hp, 3 Phase ( 7 Stages )','PCS','POMPA','FRANKLIN',0.00,14641920.00,'IDR',1,'','noimage.jpg',0.00,5.00,0.00,0.00,0.00,0.00,0.00,0.00,0.00,0.00,0.00,0.00,0.00,0.00,0.00,0.00,0.00,0.00,0.00,0.00,0,'INV'),(182,'91471509-53','FE VERTICAL MULTISTAGE 15VR9-F-N-53 7.5Kw, 10Hp, 3 Phase ( 9 Stages )','PCS','POMPA','FRANKLIN',0.00,15677760.00,'IDR',1,'','noimage.jpg',0.00,3.00,0.00,0.00,0.00,0.00,0.00,0.00,0.00,0.00,0.00,0.00,0.00,0.00,0.00,0.00,0.00,0.00,0.00,0.00,0,'INV'),(183,'91483004A2-53','FE VERTICAL MULTISTAGE 30VR04-2A-F-G-53 7.5Kw, 10Hp, 3 Phase ( 4 Stages )','PCS','POMPA','FRANKLIN',0.00,24369120.00,'IDR',1,'','noimage.jpg',0.00,1.00,0.00,0.00,0.00,0.00,0.00,0.00,0.00,0.00,0.00,0.00,0.00,0.00,0.00,0.00,0.00,0.00,0.00,0.00,0,'INV'),(185,'91489505-53','FE VERTICAL MULTISTAGE 95VR5G-53 37Kw, 50Hp, 3 Phase ( 5 Stages )','PCS','POMPA','FRANKLIN',0.00,7000000.00,'IDR',1,'','noimage.jpg',0.00,1.00,0.00,0.00,0.00,0.00,0.00,0.00,0.00,0.00,0.00,0.00,0.00,0.00,0.00,0.00,0.00,0.00,0.00,0.00,0,'INV'),(186,'91580309-53','FE VERTICAL MULTISTAGE 3VR09-H-F-53 0.75Kw, 1Hp, 3 Phase ( 9 Stages )','PCS','POMPA','FRANKLIN',0.00,13329280.00,'IDR',1,'','noimage.jpg',0.00,2.00,0.00,0.00,0.00,0.00,0.00,0.00,0.00,0.00,0.00,0.00,0.00,0.00,0.00,0.00,0.00,0.00,0.00,0.00,0,'INV'),(187,'91580313-53','FE VERTICAL MULTISTAGE 3VR13-H-F-53 1.1Kw, 1.5Hp, 3 Phase ( 13 Stages )','PCS','POMPA','FRANKLIN',0.00,7286400.00,'IDR',1,'','noimage.jpg',0.00,4.00,0.00,0.00,0.00,0.00,0.00,0.00,0.00,0.00,0.00,0.00,0.00,0.00,0.00,0.00,0.00,0.00,0.00,0.00,0,'INV'),(188,'91580606-53','FE VERTICAL MULTISTAGE 6VR06-00-F-H-53 0.75Kw, 1Hp, 3 Phase ( 6 Stages )','PCS','POMPA','FRANKLIN',0.00,8095520.00,'IDR',1,'','noimage.jpg',0.00,1.00,0.00,0.00,0.00,0.00,0.00,0.00,0.00,0.00,0.00,0.00,0.00,0.00,0.00,0.00,0.00,0.00,0.00,0.00,0,'INV'),(189,'91580609-53','FE VERTICAL MULTISTAGE 6VR09-H-F-53 1.1Kw, 1.5Hp, 3 Phase ( 9 Stages )','PCS','POMPA','FRANKLIN',0.00,6954560.00,'IDR',1,'','noimage.jpg',0.00,1.00,0.00,0.00,0.00,0.00,0.00,0.00,0.00,0.00,0.00,0.00,0.00,0.00,0.00,0.00,0.00,0.00,0.00,0.00,0,'INV'),(190,'91580611-53','FE VERTICAL MULTISTAGE 6VR11-H-F-53 1.5Kw, 2Hp, 3 Phase (11 Stages )','PCS','POMPA','FRANKLIN',0.00,7452160.00,'IDR',1,'','noimage.jpg',0.00,5.00,0.00,0.00,0.00,0.00,0.00,0.00,0.00,0.00,0.00,0.00,0.00,0.00,0.00,0.00,0.00,0.00,0.00,0.00,0,'INV'),(191,'91580614-53','FE VERTICAL MULTISTAGE 6VR14-H-F-53 2.2Kw, 3Hp, 3 Phase ( 14 Stages )','PCS','POMPA','FRANKLIN',0.00,8529280.00,'IDR',1,'','noimage.jpg',0.00,1.00,0.00,0.00,0.00,0.00,0.00,0.00,0.00,0.00,0.00,0.00,0.00,0.00,0.00,0.00,0.00,0.00,0.00,0.00,0,'INV'),(192,'91581005-53','FE VERTICAL MULTISTAGE 10VR05-00-F-H-53 1.5Kw, 2Hp, 3 Phase ( 5 Stages )','PCS','POMPA','FRANKLIN',0.00,9349920.00,'IDR',1,'','noimage.jpg',0.00,1.00,0.00,0.00,0.00,0.00,0.00,0.00,0.00,0.00,0.00,0.00,0.00,0.00,0.00,0.00,0.00,0.00,0.00,0.00,0,'INV'),(194,'91581012-53','FE VERTICAL MULTISTAGE 10VR12-H-F-53 4Kw, 5.5Hp, 3 Phase ( 12 Stages )','PCS','POMPA','FRANKLIN',0.00,10423360.00,'IDR',1,'','noimage.jpg',0.00,1.00,0.00,0.00,0.00,0.00,0.00,0.00,0.00,0.00,0.00,0.00,0.00,0.00,0.00,0.00,0.00,0.00,0.00,0.00,0,'INV'),(197,'93616310','FE Submersible Pump 100 Lpm, 1.5 Hp , 10 Stages','PCS','POMPA','FRANKLIN',0.00,1826240.00,'IDR',1,'','noimage.jpg',0.00,5.00,0.00,0.00,0.00,0.00,0.00,0.00,0.00,0.00,0.00,0.00,0.00,0.00,0.00,0.00,0.00,0.00,0.00,0.00,0,'INV'),(200,'93616334','FE Submersible Pump 100 Lpm, 5 Hp, 34 Stages','PCS','POMPA','FRANKLIN',0.00,3841920.00,'IDR',1,'','noimage.jpg',0.00,1.00,0.00,0.00,0.00,0.00,0.00,0.00,0.00,0.00,0.00,0.00,0.00,0.00,0.00,0.00,0.00,0.00,0.00,0.00,0,'INV'),(201,'93616414','FE Submersible Pump 150 LPM, 2,2 Kw, 3 Hp, 16 Stages','PCS','POMPA','FRANKLIN',0.00,3712800.00,'IDR',1,'','noimage.jpg',0.00,11.00,2.00,0.00,0.00,0.00,0.00,0.00,0.00,0.00,0.00,0.00,0.00,0.00,0.00,0.00,0.00,0.00,0.00,0.00,0,'INV'),(204,'93616606','FE Submersible Pump 200 Lpm, 2 Hp , 6 Stages','PCS','POMPA','FRANKLIN',0.00,2874080.00,'IDR',1,'','noimage.jpg',0.00,1.00,0.00,0.00,0.00,0.00,0.00,0.00,0.00,0.00,0.00,0.00,0.00,0.00,0.00,0.00,0.00,0.00,0.00,0.00,0,'INV'),(207,'93616620','BIAYA KIRIM','PCS','LAIN-LAIN','LAIN-LAIN',0.00,0.00,'IDR',0,'','noimage.jpg',0.00,0.00,0.00,0.00,0.00,0.00,0.00,0.00,0.00,0.00,0.00,0.00,0.00,0.00,0.00,0.00,0.00,0.00,0.00,0.00,0,'INV'),(212,'93616626','FE Submersible Pump 200 Lpm, 7.5 Hp, 26 Stages','PCS','POMPA','FRANKLIN',0.00,6219520.00,'IDR',1,'','noimage.jpg',0.00,6.00,0.00,0.00,0.00,0.00,0.00,0.00,0.00,0.00,0.00,0.00,0.00,0.00,0.00,0.00,0.00,0.00,0.00,0.00,0,'INV'),(219,'93616911','FE Submersible Pump 270 Lpm, 3 Hp , 2.2 Kw, 11 Stages','PCS','POMPA','FRANKLIN',0.00,3290720.00,'IDR',1,'','noimage.jpg',0.00,2.00,0.00,0.00,0.00,0.00,0.00,0.00,0.00,0.00,0.00,0.00,0.00,0.00,0.00,0.00,0.00,0.00,0.00,0.00,0,'INV'),(220,'93616919','FE Submersible Pump 270 LPM, 5Hp , 19 Stages','PCS','POMPA','FRANKLIN',0.00,0.00,'IDR',0,'','noimage.jpg',0.00,0.00,0.00,0.00,0.00,0.00,0.00,0.00,0.00,0.00,0.00,0.00,0.00,0.00,0.00,0.00,0.00,0.00,0.00,0.00,0,'INV'),(223,'93806015','Sub Drive Solar Quick Pack 60SDQP 2.2 Kw, 3 Hp','PCS','POMPA','FRANKLIN',0.00,21016640.00,'IDR',1,'','noimage.jpg',0.00,1.00,0.00,0.00,0.00,0.00,0.00,0.00,0.00,0.00,0.00,0.00,0.00,0.00,0.00,0.00,0.00,0.00,0.00,0.00,0,'INV'),(224,'94543512','Franklin Submersible Pump 100 LPM, 2 HP, 1,5 Kw, 12 STAGES','PCS','POMPA','FRANKLIN',0.00,1980800.00,'IDR',1,'','noimage.jpg',0.00,25.00,0.00,0.00,0.00,0.00,0.00,0.00,0.00,0.00,0.00,0.00,0.00,0.00,0.00,0.00,0.00,0.00,0.00,0.00,0,'INV'),(225,'94543520','Franklin Submersible Pump 100 LPM, 3 HP, 2,2 Kw, 20 Stages','PCS','POMPA','FRANKLIN',0.00,2678240.00,'IDR',1,'','noimage.jpg',0.00,20.00,0.00,0.00,0.00,0.00,0.00,0.00,0.00,0.00,0.00,0.00,0.00,0.00,0.00,0.00,0.00,0.00,0.00,0.00,0,'INV'),(226,'94543529','Franklin Submersible Pump 100 LPM, 5 HP, 3,7 Kw, 29 Stages','PCS','POMPA','FRANKLIN',0.00,3468960.00,'IDR',1,'','noimage.jpg',0.00,7.00,0.00,0.00,0.00,0.00,0.00,0.00,0.00,0.00,0.00,0.00,0.00,0.00,0.00,0.00,0.00,0.00,0.00,0.00,0,'INV'),(227,'94544510','Franklin Sumbersible Pump 150 Lpm, 1.1 Kw 2Hp, 10 Stages','PCS','POMPA','FRANKLIN',0.00,2247520.00,'IDR',1,'','noimage.jpg',0.00,1.00,0.00,0.00,0.00,0.00,0.00,0.00,0.00,0.00,0.00,0.00,0.00,0.00,0.00,0.00,0.00,0.00,0.00,0.00,0,'INV'),(229,'94544525','Franklin Submersible Pump 150 LPM, 5 HP, 3,7 Kw, 25 Stages','PCS','POMPA','FRANKLIN',0.00,3620960.00,'IDR',1,'','noimage.jpg',0.00,20.00,2.00,0.00,0.00,0.00,0.00,0.00,0.00,0.00,0.00,0.00,0.00,0.00,0.00,0.00,0.00,0.00,0.00,0.00,0,'INV'),(230,'94544531','Franklin Submersible Pump 150 LPM, 7,5 HP, 5,5 Kw','PCS','POMPA','FRANKLIN',0.00,0.00,'IDR',0,'','noimage.jpg',0.00,2.00,2.00,0.00,0.00,0.00,0.00,0.00,0.00,0.00,0.00,0.00,0.00,0.00,0.00,0.00,0.00,0.00,0.00,0.00,0,'INV'),(231,'94546016','Franklin Submersible Pump 200 Lpm 2.2KW/ 3HP/ 16STAGES','PCS','POMPA','FRANKLIN',0.00,4343040.00,'IDR',1,'','noimage.jpg',0.00,3.00,1.00,0.00,0.00,0.00,0.00,0.00,0.00,0.00,0.00,0.00,0.00,0.00,0.00,0.00,0.00,0.00,0.00,0.00,0,'INV'),(232,'94546023','FE Submersible Pump 200 Lpm/ 5 HP / 3.7KW/ 23 Stages','PCS','POMPA','FRANKLIN',0.00,5667520.00,'IDR',1,'','noimage.jpg',0.00,9.00,1.00,0.00,0.00,0.00,0.00,0.00,0.00,0.00,0.00,0.00,0.00,0.00,0.00,0.00,0.00,0.00,0.00,0.00,0,'INV'),(233,'94549021','Franklin Submersible Pump 270 Lpm , 5 HP, 3.7 Kw, 21 STAGES','PCS','POMPA','FRANKLIN',0.00,5325600.00,'IDR',1,'','noimage.jpg',0.00,6.00,0.00,0.00,0.00,0.00,0.00,0.00,0.00,0.00,0.00,0.00,0.00,0.00,0.00,0.00,0.00,0.00,0.00,0.00,0,'INV'),(236,'95711011','FE Submersible Pump 30 Lpm, 0.75 Hp, 8 Stages','PCS','POMPA','FRANKLIN',0.00,0.00,'IDR',0,'','noimage.jpg',0.00,0.00,0.00,0.00,0.00,0.00,0.00,0.00,0.00,0.00,0.00,0.00,0.00,0.00,0.00,0.00,0.00,0.00,0.00,0.00,0,'INV'),(237,'95711516','Franklin Submersible Pump 45 Lpm , 1 HP, 0,75 Kw, 10STAGES ','PCS','POMPA','FRANKLIN',0.00,1386720.00,'IDR',1,'','noimage.jpg',0.00,2.00,1.00,0.00,0.00,0.00,0.00,0.00,0.00,0.00,0.00,0.00,0.00,0.00,0.00,0.00,0.00,0.00,0.00,0.00,0,'INV'),(238,'95711521','FE Submersible Pump 45 Lpm, 1.5 Hp, 15 Stages, 1.1Kw','PCS','POMPA','FRANKLIN',0.00,1881920.00,'IDR',1,'','noimage.jpg',0.00,5.00,0.00,0.00,0.00,0.00,0.00,0.00,0.00,0.00,0.00,0.00,0.00,0.00,0.00,0.00,0.00,0.00,0.00,0.00,0,'INV'),(239,'95711526','FE Submersible Pump 45 Lpm, 2 Hp , 1,5 Kw, 19 Stages','PCS','POMPA','FRANKLIN',0.00,2255040.00,'IDR',1,'','noimage.jpg',0.00,4.00,1.00,0.00,0.00,0.00,0.00,0.00,0.00,0.00,0.00,0.00,0.00,0.00,0.00,0.00,0.00,0.00,0.00,0.00,0,'INV'),(240,'95711531','FE Submersible Pump 45 Lpm, 3 Hp, 31 Stages','PCS','POMPA','FRANKLIN',0.00,0.00,'IDR',0,'','noimage.jpg',0.00,0.00,0.00,0.00,0.00,0.00,0.00,0.00,0.00,0.00,0.00,0.00,0.00,0.00,0.00,0.00,0.00,0.00,0.00,0.00,0,'INV'),(241,'95711536','FE Submersible Pump 45 Lpm, 5 Hp , 3.7Kw, 46 Stages','PCS','POMPA','FRANKLIN',0.00,7269120.00,'IDR',1,'','noimage.jpg',0.00,3.00,0.00,0.00,0.00,0.00,0.00,0.00,0.00,0.00,0.00,0.00,0.00,0.00,0.00,0.00,0.00,0.00,0.00,0.00,0,'INV'),(242,'95711541','FE Submersible Pump 45 Lpm, 7.5 Hp , 5.5Kw, 62 Stages','PCS','POMPA','FRANKLIN',0.00,10053760.00,'IDR',1,'','noimage.jpg',0.00,3.00,0.00,0.00,0.00,0.00,0.00,0.00,0.00,0.00,0.00,0.00,0.00,0.00,0.00,0.00,0.00,0.00,0.00,0.00,0,'INV'),(244,'95712036','FE Submersible Pump 60 Lpm, 5 Hp , 3.7Kw, 39 Stages','PCS','POMPA','FRANKLIN',0.00,4641120.00,'IDR',1,'','noimage.jpg',0.00,2.00,0.00,0.00,0.00,0.00,0.00,0.00,0.00,0.00,0.00,0.00,0.00,0.00,0.00,0.00,0.00,0.00,0.00,0.00,0,'INV'),(245,'95712506','FE Submersible Pump 70 Lpm, 0.75KW, 1HP - 7 STAGES','PCS','POMPA','FRANKLIN',0.00,1553440.00,'IDR',1,'','noimage.jpg',0.00,1.00,0.00,0.00,0.00,0.00,0.00,0.00,0.00,0.00,0.00,0.00,0.00,0.00,0.00,0.00,0.00,0.00,0.00,0.00,0,'INV'),(246,'95712511','FE Submersible Pump 70 Lpm, 1.5 Hp , 1,1 Kw, 10 Stages','PCS','POMPA','FRANKLIN',0.00,1737280.00,'IDR',1,'','noimage.jpg',0.00,5.00,1.00,0.00,0.00,0.00,0.00,0.00,0.00,0.00,0.00,0.00,0.00,0.00,0.00,0.00,0.00,0.00,0.00,0.00,0,'INV'),(247,'95712516','FE Submersible Pump 70 LPM, 1,5 KW, 2 Hp, 14 Stages','PCS','POMPA','FRANKLIN',0.00,1932160.00,'IDR',1,'','noimage.jpg',0.00,11.00,1.00,0.00,0.00,0.00,0.00,0.00,0.00,0.00,0.00,0.00,0.00,0.00,0.00,0.00,0.00,0.00,0.00,0.00,0,'INV'),(248,'95712521','FE Submersible Pump 70 Lpm, 3 Hp , 2.2Kw, 22 Stages','PCS','POMPA','FRANKLIN',0.00,2572160.00,'IDR',1,'','noimage.jpg',0.00,148.00,1.00,0.00,0.00,0.00,0.00,0.00,0.00,0.00,0.00,0.00,0.00,0.00,0.00,0.00,0.00,0.00,0.00,0.00,0,'INV'),(249,'95712536','FE Submersible Pump 70 Lpm, 5 Hp , 35 Stages','PCS','POMPA','FRANKLIN',0.00,3863840.00,'IDR',0,'','noimage.jpg',0.00,2.00,2.00,0.00,0.00,0.00,0.00,0.00,0.00,0.00,0.00,0.00,0.00,0.00,0.00,0.00,0.00,0.00,0.00,0.00,0,'INV'),(250,'95712541','FE Submersible Pump 70 Lpm, 7.5 Hp , 44 Stages','PCS','POMPA','FRANKLIN',0.00,0.00,'IDR',0,'','noimage.jpg',0.00,0.00,0.00,0.00,0.00,0.00,0.00,0.00,0.00,0.00,0.00,0.00,0.00,0.00,0.00,0.00,0.00,0.00,0.00,0.00,0,'INV'),(251,'96140003105','Franklin Pump MH Horizontal 3FMH5B-51 0.75 KW / 1 HP / 1 PHASE/ 5 STAGES','PCS','POMPA','FRANKLIN',0.00,2756480.00,'IDR',1,'','noimage.jpg',0.00,4.00,0.00,0.00,0.00,0.00,0.00,0.00,0.00,0.00,0.00,0.00,0.00,0.00,0.00,0.00,0.00,0.00,0.00,0.00,0,'INV'),(252,'96140005105','Franklin Pump MH Horizontal 5FMH5B-51 1.1 KW / 1.5 HP / 1 PHASE/ 5 STAGES','PCS','POMPA','FRANKLIN',0.00,2948320.00,'IDR',1,'','noimage.jpg',0.00,2.00,0.00,0.00,0.00,0.00,0.00,0.00,0.00,0.00,0.00,0.00,0.00,0.00,0.00,0.00,0.00,0.00,0.00,0.00,0,'INV'),(253,'96140009104','Franklin Pump MH Horizontal 9FMH4B-51 1.5 KW / 2 HP / 1 PHASE/ 4 STAGES','PCS','POMPA','FRANKLIN',0.00,0.00,'IDR',0,'','noimage.jpg',0.00,0.00,0.00,0.00,0.00,0.00,0.00,0.00,0.00,0.00,0.00,0.00,0.00,0.00,0.00,0.00,0.00,0.00,0.00,0.00,0,'INV'),(254,'96140015103','Franklin Pump MH HORIZONTAL 5FMH3B-51 2.2 Kw, 3 Hp, 3 STAGES','PCS','POMPA','FRANKLIN',0.00,6736160.00,'IDR',1,'','noimage.jpg',0.00,2.00,0.00,0.00,0.00,0.00,0.00,0.00,0.00,0.00,0.00,0.00,0.00,0.00,0.00,0.00,0.00,0.00,0.00,0.00,0,'INV'),(255,'96140015304','Franklin Pump MH HORIZONTAL 15FMH4B-53 3 Kw, 4 Hp, 4 STAGES','PCS','POMPA','FRANKLIN',0.00,7897600.00,'IDR',1,'','noimage.jpg',0.00,2.00,0.00,0.00,0.00,0.00,0.00,0.00,0.00,0.00,0.00,0.00,0.00,0.00,0.00,0.00,0.00,0.00,0.00,0.00,0,'INV'),(256,'96140020304','Franklin Pump MH HORIZONTAL 20FMH4B-53 4 Kw, 5.5 Hp, 4 STAGES','PCS','POMPA','FRANKLIN',0.00,8910720.00,'IDR',1,'','noimage.jpg',0.00,2.00,0.00,0.00,0.00,0.00,0.00,0.00,0.00,0.00,0.00,0.00,0.00,0.00,0.00,0.00,0.00,0.00,0.00,0.00,0,'INV'),(257,'96140020305','Franklin Pump MH HORIZONTAL 20FMH5B-53 5.5 Kw, 7.5 Hp, 5 STAGES','PCS','POMPA','FRANKLIN',0.00,11955200.00,'IDR',1,'','noimage.jpg',0.00,2.00,0.00,0.00,0.00,0.00,0.00,0.00,0.00,0.00,0.00,0.00,0.00,0.00,0.00,0.00,0.00,0.00,0.00,0.00,0,'INV'),(258,'97160014013','FE Submersible Pump SR 14, 7.5Hp , 5.5Kw, 13 Stages','PCS','POMPA','FRANKLIN',0.00,10288160.00,'IDR',1,'','noimage.jpg',0.00,4.00,1.00,0.00,0.00,0.00,0.00,0.00,0.00,0.00,0.00,0.00,0.00,0.00,0.00,0.00,0.00,0.00,0.00,0.00,0,'INV'),(259,'97160014017','FE Submersible Pump SR 14, 10Hp , 7.5Kw, 17 Stages','PCS','POMPA','FRANKLIN',0.00,11685120.00,'IDR',1,'','noimage.jpg',0.00,2.00,0.00,0.00,0.00,0.00,0.00,0.00,0.00,0.00,0.00,0.00,0.00,0.00,0.00,0.00,0.00,0.00,0.00,0.00,0,'INV'),(260,'97160014036','FE Subm. Pump SR 14, 20 Hp, 36 Stages','PCS','POMPA','FRANKLIN',0.00,0.00,'IDR',0,'','noimage.jpg',0.00,0.00,0.00,0.00,0.00,0.00,0.00,0.00,0.00,0.00,0.00,0.00,0.00,0.00,0.00,0.00,0.00,0.00,0.00,0.00,0,'INV'),(261,'97160019006','FE Submersible Pump SR 19, 5Hp , 3.7Kw, 6 Stages','PCS','POMPA','FRANKLIN',0.00,7986240.00,'IDR',1,'','noimage.jpg',0.00,1.00,0.00,0.00,0.00,0.00,0.00,0.00,0.00,0.00,0.00,0.00,0.00,0.00,0.00,0.00,0.00,0.00,0.00,0.00,0,'INV'),(262,'97160019009','FE Submersible Pump SR 19, 7.5Hp , 9 Stages','PCS','POMPA','FRANKLIN',0.00,0.00,'IDR',0,'','noimage.jpg',0.00,0.00,0.00,0.00,0.00,0.00,0.00,0.00,0.00,0.00,0.00,0.00,0.00,0.00,0.00,0.00,0.00,0.00,0.00,0.00,0,'INV'),(263,'97160019012','FE Submersible Pump SR 19, 10Hp , 7.5Kw, 12 Stages','PCS','POMPA','FRANKLIN',0.00,10276800.00,'IDR',1,'','noimage.jpg',0.00,2.00,0.00,0.00,0.00,0.00,0.00,0.00,0.00,0.00,0.00,0.00,0.00,0.00,0.00,0.00,0.00,0.00,0.00,0.00,0,'INV'),(264,'97160019021','FE Submersible Pump SR 19, 20Hp , 21 Stages','PCS','POMPA','FRANKLIN',0.00,0.00,'IDR',0,'','noimage.jpg',0.00,0.00,0.00,0.00,0.00,0.00,0.00,0.00,0.00,0.00,0.00,0.00,0.00,0.00,0.00,0.00,0.00,0.00,0.00,0.00,0,'INV'),(265,'97160025004','FE Submersible Pump SR 25, 5Hp , 4 Stages','PCS','POMPA','FRANKLIN',0.00,7918240.00,'IDR',1,'','noimage.jpg',0.00,4.00,0.00,0.00,0.00,0.00,0.00,0.00,0.00,0.00,0.00,0.00,0.00,0.00,0.00,0.00,0.00,0.00,0.00,0.00,0,'INV'),(266,'97160025017','FE Submersible Pump SR 25, 25Hp , 17 Stages','PCS','POMPA','FRANKLIN',0.00,0.00,'IDR',0,'','noimage.jpg',0.00,0.00,0.00,0.00,0.00,0.00,0.00,0.00,0.00,0.00,0.00,0.00,0.00,0.00,0.00,0.00,0.00,0.00,0.00,0.00,0,'INV'),(267,'97160030004','FE Submersible Pump SR 30, 7.5Hp , 5.5Kw, 4 Stages','PCS','POMPA','FRANKLIN',0.00,10061920.00,'IDR',1,'','noimage.jpg',0.00,2.00,0.00,0.00,0.00,0.00,0.00,0.00,0.00,0.00,0.00,0.00,0.00,0.00,0.00,0.00,0.00,0.00,0.00,0.00,0,'INV'),(268,'97160030006','FE Submersible Pump SR 30, 10Hp , 6 Stages','PCS','POMPA','FRANKLIN',0.00,0.00,'IDR',0,'','noimage.jpg',0.00,0.00,0.00,0.00,0.00,0.00,0.00,0.00,0.00,0.00,0.00,0.00,0.00,0.00,0.00,0.00,0.00,0.00,0.00,0.00,0,'INV'),(269,'97160030012','FE Submersible Pump SR 30, 20Hp , 12 Stages','PCS','POMPA','FRANKLIN',0.00,0.00,'IDR',0,'','noimage.jpg',0.00,0.00,0.00,0.00,0.00,0.00,0.00,0.00,0.00,0.00,0.00,0.00,0.00,0.00,0.00,0.00,0.00,0.00,0.00,0.00,0,'INV'),(270,'97160030018','FE Submersible Pump SR 30, 30Hp , 22Kw, 18 Stages','PCS','POMPA','FRANKLIN',0.00,26599840.00,'IDR',1,'','noimage.jpg',0.00,2.00,0.00,0.00,0.00,0.00,0.00,0.00,0.00,0.00,0.00,0.00,0.00,0.00,0.00,0.00,0.00,0.00,0.00,0.00,0,'INV'),(271,'97160046005','FE Submersible Pump SR 46, 10Hp , 5 Stages','PCS','POMPA','FRANKLIN',0.00,0.00,'IDR',0,'','noimage.jpg',0.00,0.00,0.00,0.00,0.00,0.00,0.00,0.00,0.00,0.00,0.00,0.00,0.00,0.00,0.00,0.00,0.00,0.00,0.00,0.00,0,'INV'),(272,'97160046008','FE Submersible Pump SR 46, 15Hp , 8 Stages','PCS','POMPA','FRANKLIN',0.00,0.00,'IDR',0,'','noimage.jpg',0.00,0.00,0.00,0.00,0.00,0.00,0.00,0.00,0.00,0.00,0.00,0.00,0.00,0.00,0.00,0.00,0.00,0.00,0.00,0.00,0,'INV'),(273,'97160065013','FE Subm. Pump 6\' SR 65, 30 Hp, 13 Stages','PCS','POMPA','FRANKLIN',0.00,0.00,'IDR',0,'','noimage.jpg',0.00,0.00,0.00,0.00,0.00,0.00,0.00,0.00,0.00,0.00,0.00,0.00,0.00,0.00,0.00,0.00,0.00,0.00,0.00,0.00,0,'INV'),(284,'9730450517','BAREPUMP ONLY SUBMERSIBLE 4\', 5SSI 4KW, 1.5KW, 2HP, 17STAGES','PCS','POMPA','FRANKLIN',0.00,1502400.00,'IDR',1,'','noimage.jpg',0.00,3.00,0.00,0.00,0.00,0.00,0.00,0.00,0.00,0.00,0.00,0.00,0.00,0.00,0.00,0.00,0.00,0.00,0.00,0.00,0,'INV'),(285,'9730450814','BAREPUMP ONLY SUBMERSIBLE 4\' 8SSI 2.2 Kw, 3 Hp , 14 STAGES','PCS','POMPA','FRANKLIN',0.00,2692640.00,'IDR',1,'','noimage.jpg',0.00,3.00,0.00,0.00,0.00,0.00,0.00,0.00,0.00,0.00,0.00,0.00,0.00,0.00,0.00,0.00,0.00,0.00,0.00,0.00,0,'INV'),(286,'9730450824','BAREPUMP ONLY SUBMERSIBLE 4\' 8SSI 4 Kw, 5.5 Hp 24 STAGES','PCS','POMPA','FRANKLIN',0.00,4044320.00,'IDR',1,'','noimage.jpg',0.00,3.00,0.00,0.00,0.00,0.00,0.00,0.00,0.00,0.00,0.00,0.00,0.00,0.00,0.00,0.00,0.00,0.00,0.00,0.00,0,'INV'),(287,'9730451413','BAREPUMP ONLY SUBMERSIBLE 4\', 14SSI 4KW, 5.5HP, 13STAGES','PCS','POMPA','FRANKLIN',0.00,3350080.00,'IDR',1,'','noimage.jpg',0.00,4.00,0.00,0.00,0.00,0.00,0.00,0.00,0.00,0.00,0.00,0.00,0.00,0.00,0.00,0.00,0.00,0.00,0.00,0.00,0,'INV'),(288,'9730451418','BAREPUMP ONLY SUBMERSIBLE 4\', 14SSI 5.5KW, 7.5HP, 18STAGES','PCS','POMPA','FRANKLIN',0.00,4366720.00,'IDR',1,'','noimage.jpg',0.00,5.00,3.00,0.00,0.00,0.00,0.00,0.00,0.00,0.00,0.00,0.00,0.00,0.00,0.00,0.00,0.00,0.00,0.00,0.00,0,'INV'),(289,'9730451425','BAREPUMP ONLY SUBMERSIBLE 4\', 14SSI 7.5KW, 10HP, 25STAGES','PCS','POMPA','FRANKLIN',0.00,0.00,'IDR',0,'','noimage.jpg',0.00,0.00,0.00,0.00,0.00,0.00,0.00,0.00,0.00,0.00,0.00,0.00,0.00,0.00,0.00,0.00,0.00,0.00,0.00,0.00,0,'INV'),(290,'9730650363110','BAREPUMP ONLY SUBMERSIBLE 6\', 36SSI 11KW, 15HP, 10STAGES','PCS','POMPA','FRANKLIN',0.00,0.00,'IDR',0,'','noimage.jpg',0.00,1.00,1.00,0.00,0.00,0.00,0.00,0.00,0.00,0.00,0.00,0.00,0.00,0.00,0.00,0.00,0.00,0.00,0.00,0.00,0,'INV'),(291,'9730650603110','BAREPUMP ONLY SUBMERSIBLE 6\', 60SSI 15KW, 20HP, 10STAGES','PCS','POMPA','FRANKLIN',0.00,12122400.00,'IDR',1,'','noimage.jpg',0.00,2.00,0.00,0.00,0.00,0.00,0.00,0.00,0.00,0.00,0.00,0.00,0.00,0.00,0.00,0.00,0.00,0.00,0.00,0.00,0,'INV'),(292,'A4GGS07RD','Barepump Only Submersible 4\', Type 4GGS07, SUB WET END,1 Hp, 9 Stages','PCS','POMPA','FRANKLIN',0.00,2243000.00,'IDR',1,'','noimage.jpg',0.00,2.00,0.00,0.00,0.00,0.00,0.00,0.00,0.00,0.00,0.00,0.00,0.00,0.00,0.00,0.00,0.00,0.00,0.00,0.00,0,'INV'),(313,'MSI-00021','CTK Tanfon M13','PCS','POMPA','FRANKLIN',0.00,3962000.00,'IDR',1,'','noimage.jpg',0.00,20.00,0.00,0.00,0.00,0.00,0.00,0.00,0.00,0.00,0.00,0.00,0.00,0.00,0.00,0.00,0.00,0.00,0.00,0.00,0,'INV'),(325,'MSI-00033','DOWN PAYMENT','PCS','LAIN-LAIN','LAIN-LAIN',0.00,0.00,'IDR',0,'','noimage.jpg',0.00,0.00,0.00,0.00,0.00,0.00,0.00,0.00,0.00,0.00,0.00,0.00,0.00,0.00,0.00,0.00,0.00,0.00,0.00,0.00,0,'NON'),(339,'MSI-00046','Flow Meter SHM EMF 150','PCS','POMPA','FRANKLIN',0.00,0.00,'IDR',0,'','noimage.jpg',0.00,0.00,0.00,0.00,0.00,0.00,0.00,0.00,0.00,0.00,0.00,0.00,0.00,0.00,0.00,0.00,0.00,0.00,0.00,0.00,0,'INV'),(353,'MSI-00059','Grease Trap Type : GT-30','PCS','POMPA','FRANKLIN',0.00,0.00,'IDR',0,'','noimage.jpg',0.00,0.00,0.00,0.00,0.00,0.00,0.00,0.00,0.00,0.00,0.00,0.00,0.00,0.00,0.00,0.00,0.00,0.00,0.00,0.00,0,'INV'),(354,'MSI-00060','Gravel 3-5mm','PCS','POMPA','FRANKLIN',0.00,0.00,'IDR',0,'','noimage.jpg',0.00,0.00,0.00,0.00,0.00,0.00,0.00,0.00,0.00,0.00,0.00,0.00,0.00,0.00,0.00,0.00,0.00,0.00,0.00,0.00,0,'INV'),(355,'MSI-00061','Gravel 3-5mm','PCS','POMPA','FRANKLIN',0.00,0.00,'IDR',0,'','noimage.jpg',0.00,0.00,0.00,0.00,0.00,0.00,0.00,0.00,0.00,0.00,0.00,0.00,0.00,0.00,0.00,0.00,0.00,0.00,0.00,0.00,0,'INV'),(356,'MSI-00062','Submersible Pump Grundfos Type SP 30-7 (Pump Only)','PCS','POMPA','FRANKLIN',0.00,0.00,'IDR',0,'','noimage.jpg',0.00,0.00,0.00,0.00,0.00,0.00,0.00,0.00,0.00,0.00,0.00,0.00,0.00,0.00,0.00,0.00,0.00,0.00,0.00,0.00,0,'INV'),(357,'MSI-00063','Larkin Heat Shrinkable Tube 12mm Black (100 meters/roll)','PCS','POMPA','FRANKLIN',0.00,0.00,'IDR',0,'','noimage.jpg',0.00,0.00,0.00,0.00,0.00,0.00,0.00,0.00,0.00,0.00,0.00,0.00,0.00,0.00,0.00,0.00,0.00,0.00,0.00,0.00,0,'INV'),(358,'MSI-00064','Larkin Heat Shrinkable Tube 16mm Black (100 meters/roll)','PCS','POMPA','FRANKLIN',0.00,0.00,'IDR',0,'','noimage.jpg',0.00,0.00,0.00,0.00,0.00,0.00,0.00,0.00,0.00,0.00,0.00,0.00,0.00,0.00,0.00,0.00,0.00,0.00,0.00,0.00,0,'INV'),(377,'MSI-00083','JASA','PCS','POMPA','FRANKLIN',0.00,0.00,'IDR',0,'','noimage.jpg',0.00,0.00,0.00,0.00,0.00,0.00,0.00,0.00,0.00,0.00,0.00,0.00,0.00,0.00,0.00,0.00,0.00,0.00,0.00,0.00,0,'INV'),(380,'MSI-00087','Zeolit 8x16','PCS','POMPA','FRANKLIN',0.00,0.00,'IDR',0,'','noimage.jpg',0.00,0.00,0.00,0.00,0.00,0.00,0.00,0.00,0.00,0.00,0.00,0.00,0.00,0.00,0.00,0.00,0.00,0.00,0.00,0.00,0,'INV'),(381,'MSI-00088','Kabel Electroda NYYHY 3 X 1.5mm','PCS','POMPA','FRANKLIN',0.00,0.00,'IDR',0,'','noimage.jpg',0.00,0.00,0.00,0.00,0.00,0.00,0.00,0.00,0.00,0.00,0.00,0.00,0.00,0.00,0.00,0.00,0.00,0.00,0.00,0.00,0,'INV'),(382,'MSI-00089','Kabel Supreme NYYHY 3x1.5mm','PCS','POMPA','FRANKLIN',0.00,0.00,'IDR',0,'','noimage.jpg',0.00,0.00,0.00,0.00,0.00,0.00,0.00,0.00,0.00,0.00,0.00,0.00,0.00,0.00,0.00,0.00,0.00,0.00,0.00,0.00,0,'INV'),(383,'MSI-00090','Kabel NYYHY 2X1.5mm','PCS','POMPA','FRANKLIN',0.00,0.00,'IDR',0,'','noimage.jpg',0.00,0.00,0.00,0.00,0.00,0.00,0.00,0.00,0.00,0.00,0.00,0.00,0.00,0.00,0.00,0.00,0.00,0.00,0.00,0.00,0,'INV'),(415,'MSI-00122','Pompa Peterson 4SP 8/21 , 21 Stages','PCS','POMPA','FRANKLIN',0.00,0.00,'IDR',0,'','noimage.jpg',0.00,0.00,0.00,0.00,0.00,0.00,0.00,0.00,0.00,0.00,0.00,0.00,0.00,0.00,0.00,0.00,0.00,0.00,0.00,0.00,0,'INV'),(459,'MSI-00166','Scale Master','PCS','POMPA','FRANKLIN',0.00,0.00,'IDR',0,'','noimage.jpg',0.00,0.00,0.00,0.00,0.00,0.00,0.00,0.00,0.00,0.00,0.00,0.00,0.00,0.00,0.00,0.00,0.00,0.00,0.00,0.00,0,'INV'),(462,'MSI-00169','Shackle Stainless Steel M10','PCS','POMPA','FRANKLIN',0.00,0.00,'IDR',0,'','noimage.jpg',0.00,0.00,0.00,0.00,0.00,0.00,0.00,0.00,0.00,0.00,0.00,0.00,0.00,0.00,0.00,0.00,0.00,0.00,0.00,0.00,0,'INV'),(464,'MSI-00171','Horizontal Multistage Shimge BW 8-5 Power : 2.2Kw, 3Hp, 1 Phase','PCS','POMPA','FRANKLIN',0.00,0.00,'IDR',0,'','noimage.jpg',0.00,0.00,0.00,0.00,0.00,0.00,0.00,0.00,0.00,0.00,0.00,0.00,0.00,0.00,0.00,0.00,0.00,0.00,0.00,0.00,0,'INV'),(473,'MSI-00180','Solar Pump 600Kw, 48V, 6M3/H','PCS','POMPA','FRANKLIN',0.00,0.00,'IDR',0,'','noimage.jpg',0.00,0.00,0.00,0.00,0.00,0.00,0.00,0.00,0.00,0.00,0.00,0.00,0.00,0.00,0.00,0.00,0.00,0.00,0.00,0.00,0,'INV'),(504,'MSI-00211','JOHNSON SCREEN LOW CARBON 2\' SLOT 40 (1MM)','PCS','AS SCREEN','JOHNSON',0.00,341000.00,'IDR',1,'','noimage.jpg',0.00,9.00,0.00,0.00,0.00,0.00,0.00,0.00,0.00,0.00,0.00,0.00,0.00,0.00,0.00,0.00,0.00,0.00,0.00,0.00,0,'INV'),(505,'MSI-00212','JOHNSON SCREEN LOW CARBON 3\' SLOT 40 (1MM)','PCS','AS SCREEN','JOHNSON',0.00,449500.00,'IDR',1,'','noimage.jpg',0.00,92.00,3.00,0.00,0.00,0.00,0.00,0.00,0.00,0.00,0.00,0.00,0.00,0.00,0.00,0.00,0.00,0.00,0.00,0.00,0,'INV'),(506,'MSI-00213','JOHNSON SCREEN LOW CARBON 4\' SLOT 40 (1MM)','PCS','AS SCREEN','JOHNSON',0.00,511500.00,'IDR',1,'','noimage.jpg',0.00,236.00,0.00,0.00,0.00,-74.00,0.00,0.00,0.00,0.00,0.00,0.00,0.00,0.00,0.00,0.00,0.00,0.00,0.00,0.00,0,'INV'),(507,'MSI-00214','JOHNSON SCREEN LOW CARBON 6\' SLOT 40 (1MM)','PCS','AS SCREEN','JOHNSON',0.00,713000.00,'IDR',1,'','noimage.jpg',0.00,184.00,10.00,0.00,0.00,-43.00,0.00,0.00,0.00,0.00,0.00,0.00,0.00,0.00,0.00,0.00,0.00,0.00,0.00,0.00,0,'INV'),(508,'MSI-00215','JOHNSON SCREEN LOW CARBON 8\' SLOT 40 (1MM)','PCS','AS SCREEN','JOHNSON',0.00,1038500.00,'IDR',1,'','noimage.jpg',0.00,69.00,0.00,0.00,0.00,-64.00,0.00,0.00,0.00,0.00,0.00,0.00,0.00,0.00,0.00,0.00,0.00,0.00,0.00,0.00,0,'INV'),(509,'MSI-00216','JOHNSON SCREEN STAINLESS STEEL 2\' SLOT 40(1MM)','PCS','AS SCREEN','JOHNSON',0.00,821500.00,'IDR',1,'','noimage.jpg',0.00,20.00,3.00,0.00,0.00,0.00,0.00,0.00,0.00,0.00,0.00,0.00,0.00,0.00,0.00,0.00,0.00,0.00,0.00,0.00,0,'INV'),(510,'MSI-00217','JOHNSON SCREEN STAINLESS STEEL 3\' SLOT 40 (1MM)','PCS','AS SCREEN','JOHNSON',0.00,945500.00,'IDR',0,'','noimage.jpg',0.00,2.00,2.00,0.00,0.00,0.00,0.00,0.00,0.00,0.00,0.00,0.00,0.00,0.00,0.00,0.00,0.00,0.00,0.00,0.00,0,'INV'),(511,'MSI-00218','JOHNSON SCREEN STAINLESS STEEL 4\' SLOT 40 (1MM)','PCS','AS SCREEN','JOHNSON',0.00,1193500.00,'IDR',1,'','noimage.jpg',0.00,7.00,7.00,0.00,0.00,0.00,0.00,0.00,0.00,0.00,0.00,0.00,0.00,0.00,0.00,0.00,0.00,0.00,0.00,0.00,0,'INV'),(512,'MSI-00219','JOHNSON SCREEN STAINLESS STEEL 6\' SLOT 40 (1MM)','PCS','AS SCREEN','JOHNSON',0.00,1767000.00,'IDR',1,'','noimage.jpg',0.00,51.00,45.00,0.00,0.00,0.00,0.00,0.00,0.00,0.00,0.00,0.00,0.00,0.00,0.00,0.00,0.00,0.00,0.00,0.00,0,'INV'),(513,'MSI-00220','JOHNSON SCREEN STAINLESS STEEL 8\' SLOT 40 (1MM)','PCS','AS SCREEN','JOHNSON',0.00,2805500.00,'IDR',1,'','noimage.jpg',0.00,28.00,24.00,0.00,0.00,0.00,0.00,0.00,0.00,0.00,0.00,0.00,0.00,0.00,0.00,0.00,0.00,0.00,0.00,0.00,0,'INV'),(514,'MSI-00221','JOHNSON SCREEN STAINLESS STEEL 2\' SLOT 8 (200mm)','PCS','AS SCREEN','JOHNSON',0.00,821765.00,'IDR',1,'','noimage.jpg',0.00,11.00,8.00,0.00,0.00,0.00,0.00,0.00,0.00,0.00,0.00,0.00,0.00,0.00,0.00,0.00,0.00,0.00,0.00,0.00,0,'INV'),(516,'MSI-00223','JOHNSON SCREEN STAINLESS STEEL 8\' SLOT 20 (500mm)','PCS','AS SCREEN','JOHNSON',0.00,0.00,'IDR',0,'','noimage.jpg',0.00,0.00,0.00,0.00,0.00,0.00,0.00,0.00,0.00,0.00,0.00,0.00,0.00,0.00,0.00,0.00,0.00,0.00,0.00,0.00,0,'INV'),(519,'MSI-00227','AS SCREEN LOW CARBON 8\' SLOT 40 (1MM)','PCS','AS SCREEN','JOHNSON',0.00,1038500.00,'IDR',1,'','noimage.jpg',0.00,5.00,69.00,0.00,0.00,64.00,0.00,0.00,0.00,0.00,0.00,0.00,0.00,0.00,0.00,0.00,0.00,0.00,0.00,0.00,0,'INV'),(520,'MSI-00228','AS SCREEN LOW CARBON 6\' SLOT 40','PCS','AS SCREEN','JOHNSON',0.00,713000.00,'IDR',1,'','noimage.jpg',0.00,49.00,92.00,0.00,0.00,43.00,0.00,0.00,0.00,0.00,0.00,0.00,0.00,0.00,0.00,0.00,0.00,0.00,0.00,0.00,0,'INV'),(521,'MSI-00229','AS Screen Low Carbon 3\' Slot 40 (1mm)','PCS','AS SCREEN','JOHNSON',0.00,449500.00,'IDR',1,'','noimage.jpg',0.00,2.00,2.00,0.00,0.00,0.00,0.00,0.00,0.00,0.00,0.00,0.00,0.00,0.00,0.00,0.00,0.00,0.00,0.00,0.00,0,'INV'),(522,'MSI-00230','AS Screen Low Carbon 4\' Slot 40 (1mm)','PCS','AS SCREEN','JOHNSON',0.00,511500.00,'IDR',1,'','noimage.jpg',0.00,14.00,88.00,0.00,0.00,89.00,0.00,0.00,0.00,0.00,0.00,0.00,0.00,0.00,0.00,0.00,0.00,0.00,0.00,0.00,0,'INV'),(527,'MSI-00235','Johnson Screen Stainless 1 1/2\' Slot 8','PCS','AS SCREEN','JOHNSON',0.00,930540.00,'IDR',1,'','noimage.jpg',0.00,23.00,23.00,0.00,0.00,0.00,0.00,0.00,0.00,0.00,0.00,0.00,0.00,0.00,0.00,0.00,0.00,0.00,0.00,0.00,0,'INV'),(529,'MSI-00237','AS SCREEN STAINLESS STEEL 2\' SLOT 40 (1MM)','PCS','AS SCREEN','JOHNSON',0.00,666500.00,'IDR',1,'','noimage.jpg',0.00,19.00,0.00,0.00,0.00,0.00,0.00,0.00,0.00,0.00,0.00,0.00,0.00,0.00,0.00,0.00,0.00,0.00,0.00,0.00,0,'INV'),(530,'MSI-00238','AS SCREEN STAINLESS STEEL 3\' SLOT 40 (1MM)','PCS','AS SCREEN','JOHNSON',0.00,821500.00,'IDR',1,'','noimage.jpg',0.00,33.00,5.00,0.00,0.00,0.00,0.00,0.00,0.00,0.00,0.00,0.00,0.00,0.00,0.00,0.00,0.00,0.00,0.00,0.00,0,'INV'),(531,'MSI-00239','AS SCREEN STAINLESS STEEL 4\' SLOT 40 (1MM)','PCS','AS SCREEN','JOHNSON',0.00,992000.00,'IDR',1,'','noimage.jpg',0.00,49.00,6.00,0.00,0.00,0.00,0.00,0.00,0.00,0.00,0.00,0.00,0.00,0.00,0.00,0.00,0.00,0.00,0.00,0.00,0,'INV'),(532,'MSI-00240','AS SCREEN STAINLESS STEEL 6\' SLOT 40 (1MM)','PCS','AS SCREEN','JOHNSON',0.00,1565500.00,'IDR',1,'','noimage.jpg',0.00,46.00,46.00,0.00,0.00,0.00,0.00,0.00,0.00,0.00,0.00,0.00,0.00,0.00,0.00,0.00,0.00,0.00,0.00,0.00,0,'INV'),(533,'MSI-00241','AS SCREEN STAINLESS STEEL 8\' SLOT 40 (1MM)','PCS','AS SCREEN','JOHNSON',0.00,2433500.00,'IDR',1,'','noimage.jpg',0.00,80.00,80.00,0.00,0.00,0.00,0.00,0.00,0.00,0.00,0.00,0.00,0.00,0.00,0.00,0.00,0.00,0.00,0.00,0.00,0,'INV'),(534,'MSI-00242','JOHNSON SCREEN LOW CARBON 2\' SLOT 10 (1MM)','PCS','AS SCREEN','JOHNSON',0.00,992000.00,'IDR',1,'','noimage.jpg',0.00,6.00,0.00,0.00,0.00,0.00,0.00,0.00,0.00,0.00,0.00,0.00,0.00,0.00,0.00,0.00,0.00,0.00,0.00,0.00,0,'INV'),(535,'MSI-00243','JOHNSON SCREEN LOW CARBON 3\' SLOT 10 (1MM)','PCS','AS SCREEN','JOHNSON',0.00,1193577.00,'IDR',1,'','noimage.jpg',0.00,7.00,0.00,0.00,0.00,0.00,0.00,0.00,0.00,0.00,0.00,0.00,0.00,0.00,0.00,0.00,0.00,0.00,0.00,0.00,0,'INV'),(536,'MSI-00244','JOHNSON SCREEN LOW CARBON 4\' SLOT 10 (1MM)','PCS','AS SCREEN','JOHNSON',0.00,1472690.00,'IDR',1,'','noimage.jpg',0.00,5.00,0.00,0.00,0.00,0.00,0.00,0.00,0.00,0.00,0.00,0.00,0.00,0.00,0.00,0.00,0.00,0.00,0.00,0.00,0,'INV'),(537,'MSI-00245','JOHNSON SCREEN LOW CARBON COATED 3\'','PCS','AS SCREEN','JOHNSON',0.00,930180.00,'IDR',1,'','noimage.jpg',0.00,3.00,0.00,0.00,0.00,0.00,0.00,0.00,0.00,0.00,0.00,0.00,0.00,0.00,0.00,0.00,0.00,0.00,0.00,0.00,0,'INV'),(538,'MSI-00246','JOHNSON SCREEN LOW CARBON COATED 4\'','PCS','AS SCREEN','JOHNSON',0.00,0.00,'IDR',0,'','noimage.jpg',0.00,0.00,0.00,0.00,0.00,0.00,0.00,0.00,0.00,0.00,0.00,0.00,0.00,0.00,0.00,0.00,0.00,0.00,0.00,0.00,0,'INV'),(551,'MSI-00259','Sieve Bend SS304, 1500mmx2400mm','PCS','POMPA','FRANKLIN',0.00,8995800.00,'IDR',1,'','noimage.jpg',0.00,1.00,0.00,0.00,0.00,0.00,0.00,0.00,0.00,0.00,0.00,0.00,0.00,0.00,0.00,0.00,0.00,0.00,0.00,0.00,0,'INV'),(559,'MSI-00231','AS SCREEN LOW CARBON 2\' SLOT 40 (1MM)','PCS','AS SCREEN','JOHNSON',0.00,341000.00,'IDR',1,'','noimage.jpg',0.00,0.00,0.00,0.00,0.00,0.00,0.00,0.00,0.00,0.00,0.00,0.00,0.00,0.00,0.00,0.00,0.00,0.00,0.00,0.00,0,'INV'),(560,'40/MSI/ZLS/11/2022','FP-D-M Wedge Screen100','PCS','AS SCREEN','JOHNSON',0.00,0.00,'IDR',0,'123','noimage.jpg',0.00,2.00,2.00,0.00,0.00,0.00,0.00,0.00,0.00,0.00,0.00,0.00,0.00,0.00,0.00,0.00,0.00,0.00,0.00,0.00,0,'INV'),(562,'2366118120','FE Submersible Motor 5.5 Kw, 7.5 Hp, 3 Phase, DOL- Sandfighter, 6\'','PCS','POMPA','FRANKLIN',0.00,10343520.00,'IDR',1,'','noimage.jpg',0.00,2.00,0.00,0.00,0.00,0.00,0.00,0.00,0.00,0.00,0.00,0.00,0.00,0.00,0.00,0.00,0.00,0.00,0.00,0.00,0,'INV'),(563,'2367118120','FE Submersible Motor 5.5 Kw, 7.5 Hp, 3 Phase, STARDELTA - Sandfighter, 6\'','PCS','POMPA','FRANKLIN',0.00,0.00,'IDR',0,'','noimage.jpg',0.00,1.00,1.00,0.00,0.00,0.00,0.00,0.00,0.00,0.00,0.00,0.00,0.00,0.00,0.00,0.00,0.00,0.00,0.00,0.00,0,'INV'),(564,'G08583400','Control Box QSC/15/50UF/10-16A 1.5 Kw, 2 Hp, 1 Phase, 230 V','PCS','POMPA','FRANKLIN',0.00,1583000.00,'IDR',1,'','noimage.jpg',0.00,3.00,0.00,0.00,0.00,0.00,0.00,0.00,0.00,0.00,0.00,0.00,0.00,0.00,0.00,0.00,0.00,0.00,0.00,0.00,0,'INV'),(565,'G4C15M235','GOULDS SUBMERSIBLE MOTOR 1.5 Kw, 2 Hp, 1 Phase, 230 V','PCS','POMPA','FRANKLIN',0.00,5293000.00,'IDR',1,'','noimage.jpg',0.00,3.00,0.00,0.00,0.00,0.00,0.00,0.00,0.00,0.00,0.00,0.00,0.00,0.00,0.00,0.00,0.00,0.00,0.00,0.00,0,'INV'),(566,'SDP001','Monitoring Box Shimge SDP001','PCS','POMPA','FRANKLIN',0.00,1950000.00,'IDR',1,'','noimage.jpg',0.00,4.00,0.00,0.00,0.00,0.00,0.00,0.00,0.00,0.00,0.00,0.00,0.00,0.00,0.00,0.00,0.00,0.00,0.00,0.00,0,'INV'),(567,'RESIN ONLY','Resin Only 370ML','PCS','POMPA','FRANKLIN',0.00,140000.00,'IDR',1,'','noimage.jpg',0.00,77.00,6.00,0.00,0.00,-4.00,0.00,0.00,0.00,0.00,0.00,0.00,0.00,0.00,0.00,0.00,0.00,0.00,0.00,0.00,0,'INV'),(568,'TANFON CTK M12','CTK Tanfon M12 6\'','PCS','POMPA','FRANKLIN',0.00,200000.00,'IDR',1,'','noimage.jpg',0.00,207.00,30.00,0.00,0.00,0.00,0.00,0.00,0.00,0.00,0.00,0.00,0.00,0.00,0.00,0.00,0.00,0.00,0.00,0.00,0,'INV'),(569,'TANFON CTK M11','CTK Tanfon M11 4\'','PCS','POMPA','FRANKLIN',0.00,200000.00,'IDR',1,'','noimage.jpg',0.00,702.00,75.00,0.00,0.00,4.00,0.00,0.00,0.00,0.00,0.00,0.00,0.00,0.00,0.00,0.00,0.00,0.00,0.00,0.00,0,'INV'),(570,'2145589203GS','FE Submersible Motor 0.75 Kw, 1 Hp, 1 Phase, 220 V, DOL, 4\'','PCS','POMPA','FRANKLIN',0.00,2665920.00,'IDR',1,'','noimage.jpg',0.00,7.00,1.00,0.00,0.00,0.00,0.00,0.00,0.00,0.00,0.00,0.00,0.00,0.00,0.00,0.00,0.00,0.00,0.00,0.00,0,'INV'),(571,'SOLAR INVERTER 3.7KW','GENVIK Solar Inverter Control Panel 3.7Kw, 5Hp, 3 Phase, 400 V','PCS','POMPA','FRANKLIN',0.00,14944000.00,'IDR',1,'','noimage.jpg',0.00,5.00,0.00,0.00,0.00,0.00,0.00,0.00,0.00,0.00,0.00,0.00,0.00,0.00,0.00,0.00,0.00,0.00,0.00,0.00,0,'INV'),(572,'SOLAR INVERTER 2.2KW','GENVIK Solar Inverter Control Panel 2.2Kw, 3Hp, 3 Phase, 400 V','PCS','POMPA','FRANKLIN',0.00,12704000.00,'IDR',1,'','noimage.jpg',0.00,2.00,0.00,0.00,0.00,0.00,0.00,0.00,0.00,0.00,0.00,0.00,0.00,0.00,0.00,0.00,0.00,0.00,0.00,0.00,0,'INV'),(573,'SDC K4-8S/2200S','GENVIK Solar DC Pump 300 Volt, 2.200Watt','PCS','POMPA','FRANKLIN',0.00,18432000.00,'IDR',1,'','noimage.jpg',0.00,2.00,0.00,0.00,0.00,0.00,0.00,0.00,0.00,0.00,0.00,0.00,0.00,0.00,0.00,0.00,0.00,0.00,0.00,0.00,0,'INV'),(574,'SDC K4-1.9S/210S','GENVIK Solar DC Pump 36 Volt, 210Watt','PCS','POMPA','FRANKLIN',0.00,11280000.00,'IDR',1,'','noimage.jpg',0.00,2.00,0.00,0.00,0.00,0.00,0.00,0.00,0.00,0.00,0.00,0.00,0.00,0.00,0.00,0.00,0.00,0.00,0.00,0.00,0,'INV'),(575,'SDC K4-3.5S/300S','GENVIK Solar DC Pump 36 Volt, 300Watt','PCS','POMPA','FRANKLIN',0.00,13792000.00,'IDR',1,'','noimage.jpg',0.00,2.00,0.00,0.00,0.00,0.00,0.00,0.00,0.00,0.00,0.00,0.00,0.00,0.00,0.00,0.00,0.00,0.00,0.00,0.00,0,'INV'),(576,'059AS000C501','Coverco Control Box 4 Kw, 5.5 Hp, 1 Phase, 220 V','PCS','POMPA','FRANKLIN',0.00,2065120.00,'IDR',1,'','noimage.jpg',0.00,5.00,0.00,0.00,0.00,0.00,0.00,0.00,0.00,0.00,0.00,0.00,0.00,0.00,0.00,0.00,0.00,0.00,0.00,0.00,0,'INV'),(578,'SDC K4-6.7S/1000S','GENVIK Solar DC Pump 110 Volt, 1.000Watt','PCS','POMPA','FRANKLIN',0.00,18432000.00,'IDR',1,'','noimage.jpg',0.00,2.00,0.00,0.00,0.00,0.00,0.00,0.00,0.00,0.00,0.00,0.00,0.00,0.00,0.00,0.00,0.00,0.00,0.00,0.00,0,'INV'),(579,'SDC K4-4S/500S','GENVIK Solar DC Pump 48 Volt, 500Watt','PCS','POMPA','FRANKLIN',0.00,14768000.00,'IDR',1,'','noimage.jpg',0.00,4.00,0.00,0.00,0.00,0.00,0.00,0.00,0.00,0.00,0.00,0.00,0.00,0.00,0.00,0.00,0.00,0.00,0.00,0.00,0,'INV'),(580,'FREIGHT','BIAYA FREIGHT','SET','LAIN-LAIN','LAIN-LAIN',0.00,0.00,'USD',0,'','noimage.jpg',0.00,0.00,0.00,0.00,0.00,0.00,0.00,0.00,0.00,0.00,0.00,0.00,0.00,0.00,0.00,0.00,0.00,0.00,0.00,0.00,0,'NON'),(581,'SOLAR INVERTER 7.5KW','GENVIK Solar Inverter Control Panel 7.5Kw, 10Hp, 3 Phase, 400 V','PCS','POMPA','FRANKLIN',0.00,29280000.00,'IDR',1,'','noimage.jpg',0.00,2.00,0.00,0.00,0.00,0.00,0.00,0.00,0.00,0.00,0.00,0.00,0.00,0.00,0.00,0.00,0.00,0.00,0.00,0.00,0,'INV'),(582,'SOLAR INVERTER 5.5KW','GENVIK Solar Inverter Control Panel 5.5Kw, 7.5Hp, 3 Phase, 400 V','PCS','POMPA','FRANKLIN',0.00,24448000.00,'IDR',1,'','noimage.jpg',0.00,4.00,0.00,0.00,0.00,0.00,0.00,0.00,0.00,0.00,0.00,0.00,0.00,0.00,0.00,0.00,0.00,0.00,0.00,0.00,0,'INV'),(583,'SOLAR INVERTER 3KW','GENVIK Solar Inverter Control Panel 3Kw, 4Hp, 3 Phase, 400 V','PCS','POMPA','FRANKLIN',0.00,18496000.00,'IDR',1,'','noimage.jpg',0.00,2.00,0.00,0.00,0.00,0.00,0.00,0.00,0.00,0.00,0.00,0.00,0.00,0.00,0.00,0.00,0.00,0.00,0.00,0.00,0,'INV'),(584,'SOLAR INVERTER 1.5KW','GENVIK Solar Inverter Control Panel 1.5Kw, 2Hp, 3 Phase, 400 V','PCS','POMPA','FRANKLIN',0.00,15840000.00,'IDR',1,'','noimage.jpg',0.00,2.00,0.00,0.00,0.00,0.00,0.00,0.00,0.00,0.00,0.00,0.00,0.00,0.00,0.00,0.00,0.00,0.00,0.00,0.00,0,'INV'),(585,'SOLAR INVERTER 1.1KW','GENVIK Solar Inverter Control Panel 1.1Kw, 1.5Hp, 3 Phase, 400 V','PCS','POMPA','FRANKLIN',0.00,15168000.00,'IDR',1,'','noimage.jpg',0.00,1.00,0.00,0.00,0.00,0.00,0.00,0.00,0.00,0.00,0.00,0.00,0.00,0.00,0.00,0.00,0.00,0.00,0.00,0.00,0,'INV'),(586,'ISOLASI 3M 33+ ','Isolasi 3M 33+ (Lakban)','PCS','POMPA','FRANKLIN',0.00,48000.00,'IDR',1,'','noimage.jpg',0.00,7.00,0.00,0.00,0.00,0.00,0.00,0.00,0.00,0.00,0.00,0.00,0.00,0.00,0.00,0.00,0.00,0.00,0.00,0.00,0,'INV'),(587,'ISOLASI 3M 23','Isolasi 3M 23 (Karet)','PCS','POMPA','FRANKLIN',0.00,69900.00,'IDR',1,'','noimage.jpg',0.00,8.00,0.00,0.00,0.00,0.00,0.00,0.00,0.00,0.00,0.00,0.00,0.00,0.00,0.00,0.00,0.00,0.00,0.00,0.00,0,'INV'),(588,'ELECTRODA MASSA','Electroda Massa','PCS','POMPA','FRANKLIN',0.00,585000.00,'IDR',1,'','noimage.jpg',0.00,3.00,0.00,0.00,0.00,0.00,0.00,0.00,0.00,0.00,0.00,0.00,0.00,0.00,0.00,0.00,0.00,0.00,0.00,0.00,0,'INV'),(589,'FLEKSIBLE KABEL ','Fleksibel Kabel','PCS','POMPA','FRANKLIN',0.00,103240.00,'IDR',1,'','noimage.jpg',0.00,1.00,0.00,0.00,0.00,0.00,0.00,0.00,0.00,0.00,0.00,0.00,0.00,0.00,0.00,0.00,0.00,0.00,0.00,0.00,0,'INV'),(590,'JUNCTION BOX ( KECIL','Junction Box ( Kecil )','PCS','POMPA','FRANKLIN',0.00,115000.00,'IDR',1,'','noimage.jpg',0.00,4.00,0.00,0.00,0.00,0.00,0.00,0.00,0.00,0.00,0.00,0.00,0.00,0.00,0.00,0.00,0.00,0.00,0.00,0.00,0,'INV'),(591,'FLOW SWITCH','Flow Switch Pro Instrument HFS - 25','PCS','POMPA','FRANKLIN',0.00,95000.00,'IDR',1,'','noimage.jpg',0.00,6.00,0.00,0.00,0.00,0.00,0.00,0.00,0.00,0.00,0.00,0.00,0.00,0.00,0.00,0.00,0.00,0.00,0.00,0.00,0,'INV'),(592,'SARINGAN FOOT VALVE','Saringan Foot Valve 1\'','PCS','POMPA','FRANKLIN',0.00,175000.00,'IDR',1,'','noimage.jpg',0.00,2.00,0.00,0.00,0.00,0.00,0.00,0.00,0.00,0.00,0.00,0.00,0.00,0.00,0.00,0.00,0.00,0.00,0.00,0.00,0,'INV'),(593,'FOOT VALVE','Foot Valve Galvanis 1\'','PCS','POMPA','FRANKLIN',0.00,800000.00,'IDR',1,'','noimage.jpg',0.00,1.00,0.00,0.00,0.00,0.00,0.00,0.00,0.00,0.00,0.00,0.00,0.00,0.00,0.00,0.00,0.00,0.00,0.00,0.00,0,'INV'),(594,'SOCK GALVANIS ','Sock Galvanis 3/4\'','PCS','POMPA','FRANKLIN',0.00,40700.00,'IDR',1,'','noimage.jpg',0.00,5.00,0.00,0.00,0.00,0.00,0.00,0.00,0.00,0.00,0.00,0.00,0.00,0.00,0.00,0.00,0.00,0.00,0.00,0.00,0,'INV'),(595,'DOUBLE NEPEL GALVANI','Double Nepel Galvanis 3\'','PCS','POMPA','FRANKLIN',0.00,3500.00,'IDR',1,'','noimage.jpg',0.00,4.00,0.00,0.00,0.00,0.00,0.00,0.00,0.00,0.00,0.00,0.00,0.00,0.00,0.00,0.00,0.00,0.00,0.00,0.00,0,'INV'),(596,'WATERMOOR GALVANIS','Watermoor Galvanis 2\'','PCS','POMPA','FRANKLIN',0.00,3500.00,'IDR',1,'','noimage.jpg',0.00,3.00,0.00,0.00,0.00,0.00,0.00,0.00,0.00,0.00,0.00,0.00,0.00,0.00,0.00,0.00,0.00,0.00,0.00,0.00,0,'INV'),(597,'CHECK VALVE ','Check Valve KITZ 2\'','PCS','POMPA','FRANKLIN',0.00,200000.00,'IDR',1,'','noimage.jpg',0.00,1.00,0.00,0.00,0.00,0.00,0.00,0.00,0.00,0.00,0.00,0.00,0.00,0.00,0.00,0.00,0.00,0.00,0.00,0.00,0,'INV'),(598,'CHECK VALVE 3\'','Check Valve KITZ 3\'','PCS','POMPA','FRANKLIN',0.00,100000.00,'IDR',1,'','noimage.jpg',0.00,5.00,0.00,0.00,0.00,0.00,0.00,0.00,0.00,0.00,0.00,0.00,0.00,0.00,0.00,0.00,0.00,0.00,0.00,0.00,0,'INV'),(599,'PANEL 7.5-10','Panel Control 7.5 Hp - 10 Hp, 3 Phase','PCS','POMPA','FRANKLIN',0.00,1725000.00,'IDR',1,'','noimage.jpg',0.00,2.00,0.00,0.00,0.00,0.00,0.00,0.00,0.00,0.00,0.00,0.00,0.00,0.00,0.00,0.00,0.00,0.00,0.00,0.00,0,'INV'),(600,'91581008-53','FE VERTICAL MULTISTAGE 10VR08-H-F-53 3Kw, 4Hp, 3 Phase ( 8 Stages )','PCS','POMPA','FRANKLIN',0.00,9088160.00,'IDR',1,'','noimage.jpg',0.00,3.00,0.00,0.00,0.00,0.00,0.00,0.00,0.00,0.00,0.00,0.00,0.00,0.00,0.00,0.00,0.00,0.00,0.00,0.00,0,'INV'),(601,'NUT6','NUT LOKAL 6\'','PCS','POMPA','FRANKLIN',0.00,2500.00,'IDR',1,'','noimage.jpg',0.00,132.00,0.00,0.00,0.00,0.00,0.00,0.00,0.00,0.00,0.00,0.00,0.00,0.00,0.00,0.00,0.00,0.00,0.00,0.00,0,'INV'),(602,'305707906','Pressure Sensor Sub Drive Inline Booster KIT ','PCS','POMPA','FRANKLIN',0.00,200000.00,'IDR',1,'','noimage.jpg',0.00,1.00,0.00,0.00,0.00,0.00,0.00,0.00,0.00,0.00,0.00,0.00,0.00,0.00,0.00,0.00,0.00,0.00,0.00,0.00,0,'INV'),(603,'305473001','Adaptor 6\' x 4\'','PCS','POMPA','FRANKLIN',0.00,499699.00,'IDR',1,'','noimage.jpg',0.00,4.00,0.00,0.00,0.00,0.00,0.00,0.00,0.00,0.00,0.00,0.00,0.00,0.00,0.00,0.00,0.00,0.00,0.00,0.00,0,'INV'),(604,'95712011','FE Submersible Pump 60 Lpm, 1 Hp , 0.75Kw, 8 Stages','PCS','POMPA','FRANKLIN',0.00,23000000.00,'IDR',1,'','noimage.jpg',0.00,3.00,0.00,0.00,0.00,0.00,0.00,0.00,0.00,0.00,0.00,0.00,0.00,0.00,0.00,0.00,0.00,0.00,0.00,0.00,0,'INV'),(605,'90032530','FE Sub Drive Solar Quick Pack 70SDSP 2.2 Kw, 3 Hp','PCS','POMPA','FRANKLIN',0.00,32103840.00,'IDR',1,'','noimage.jpg',0.00,1.00,0.00,0.00,0.00,0.00,0.00,0.00,0.00,0.00,0.00,0.00,0.00,0.00,0.00,0.00,0.00,0.00,0.00,0.00,0,'INV'),(607,'NASIONAL GP 189','Pump Nasional 30 Lpm 220V','PCS','POMPA','FRANKLIN',0.00,1000000.00,'IDR',1,'','noimage.jpg',0.00,1.00,0.00,0.00,0.00,0.00,0.00,0.00,0.00,0.00,0.00,0.00,0.00,0.00,0.00,0.00,0.00,0.00,0.00,0.00,0,'INV'),(608,'NASIONAL JMC 2','Pump Nasional 42 Lpm 755Watt','PCS','POMPA','FRANKLIN',0.00,1080000.00,'IDR',1,'','noimage.jpg',0.00,2.00,0.00,0.00,0.00,0.00,0.00,0.00,0.00,0.00,0.00,0.00,0.00,0.00,0.00,0.00,0.00,0.00,0.00,0.00,0,'INV'),(609,'NASIONAL JMC 5','Pump Nasional 33 LPM 1600 Watt 1 1/4\'','PCS','POMPA','FRANKLIN',0.00,950000.00,'IDR',1,'','noimage.jpg',0.00,2.00,0.00,0.00,0.00,0.00,0.00,0.00,0.00,0.00,0.00,0.00,0.00,0.00,0.00,0.00,0.00,0.00,0.00,0.00,0,'INV'),(610,'NUT 4','NUT LOKAL 4\'','PCS','POMPA','FRANKLIN',0.00,2000.00,'IDR',1,'','noimage.jpg',0.00,2347.00,0.00,0.00,0.00,0.00,0.00,0.00,0.00,0.00,0.00,0.00,0.00,0.00,0.00,0.00,0.00,0.00,0.00,0.00,0,'INV'),(611,'RING SS','RING SS LOKAL','PCS','POMPA','FRANKLIN',0.00,130000.00,'IDR',1,'','noimage.jpg',0.00,15.00,0.00,0.00,0.00,0.00,0.00,0.00,0.00,0.00,0.00,0.00,0.00,0.00,0.00,0.00,0.00,0.00,0.00,0.00,0,'INV'),(612,'CB H521','Control Box China H521 220V, 3 Kw - 4 Kw','PCS','POMPA','FRANKLIN',0.00,2944000.00,'IDR',1,'','noimage.jpg',0.00,1.00,0.00,0.00,0.00,0.00,0.00,0.00,0.00,0.00,0.00,0.00,0.00,0.00,0.00,0.00,0.00,0.00,0.00,0.00,0,'INV'),(613,'CBM531 0.75','Control Box China M531 220V, 0.75 Kw - 4 Kw','PCS','POMPA','FRANKLIN',0.00,4200000.00,'IDR',1,'','noimage.jpg',0.00,4.00,0.00,0.00,0.00,0.00,0.00,0.00,0.00,0.00,0.00,0.00,0.00,0.00,0.00,0.00,0.00,0.00,0.00,0.00,0,'INV'),(614,'CBM531 5.5','Control Box China M531 380V, 5.5 Kw - 7.5 Kw','PCS','POMPA','FRANKLIN',0.00,4200000.00,'IDR',1,'','noimage.jpg',0.00,2.00,0.00,0.00,0.00,0.00,0.00,0.00,0.00,0.00,0.00,0.00,0.00,0.00,0.00,0.00,0.00,0.00,0.00,0.00,0,'INV'),(615,'WWDS 34MM','Wedge Wire P :1000mm, OD 34mm, Slot 0,125mm','PCS','AS SCREEN','JOHNSON',0.00,757000.00,'IDR',1,'','noimage.jpg',0.00,16.00,16.00,0.00,0.00,0.00,0.00,0.00,0.00,0.00,0.00,0.00,0.00,0.00,0.00,0.00,0.00,0.00,0.00,0.00,0,'INV'),(616,'WWDS 60MM','Wedge Wire P :1000mm, OD 60mm, Slot 0,125mm','PCS','AS SCREEN','JOHNSON',0.00,1135500.00,'IDR',1,'','noimage.jpg',0.00,2.00,2.00,0.00,0.00,0.00,0.00,0.00,0.00,0.00,0.00,0.00,0.00,0.00,0.00,0.00,0.00,0.00,0.00,0.00,0,'INV'),(617,'WWDS 168MM','Wedge Wire P :1000mm, OD 168mm, Slot 0,125mm','PCS','AS SCREEN','JOHNSON',0.00,2649500.00,'IDR',1,'','noimage.jpg',0.00,4.00,4.00,0.00,0.00,0.00,0.00,0.00,0.00,0.00,0.00,0.00,0.00,0.00,0.00,0.00,0.00,0.00,0.00,0.00,0,'INV'),(618,'DSM SCREEN','DSM Screen P.1000mm, Slot 0,5mm, SS304','PCS','AS SCREEN','JOHNSON',0.00,340.00,'USD',15140,'','noimage.jpg',0.00,1.00,1.00,0.00,0.00,0.00,0.00,0.00,0.00,0.00,0.00,0.00,0.00,0.00,0.00,0.00,0.00,0.00,0.00,0.00,0,'INV'),(619,'WWDS 33MM','Wedge Wire P. 148mm, OD 33mm, Slot 0,4mm','PCS','AS SCREEN','JOHNSON',0.00,605600.00,'IDR',1,'','noimage.jpg',0.00,4.00,4.00,0.00,0.00,0.00,0.00,0.00,0.00,0.00,0.00,0.00,0.00,0.00,0.00,0.00,0.00,0.00,0.00,0.00,0,'INV'),(620,'WWDS1 33MM','Wedge Wire P. 466mm, OD 33mm, Slot 0,4mm','PCS','AS SCREEN','JOHNSON',0.00,1059800.00,'IDR',1,'','noimage.jpg',0.00,4.00,4.00,0.00,0.00,0.00,0.00,0.00,0.00,0.00,0.00,0.00,0.00,0.00,0.00,0.00,0.00,0.00,0.00,0.00,0,'INV'),(621,'WWDS2 33MM','Wedge Wire P. 581mm, OD 33mm, Slot 0,4mm','PCS','AS SCREEN','JOHNSON',0.00,1135500.00,'IDR',1,'','noimage.jpg',0.00,2.00,2.00,0.00,0.00,0.00,0.00,0.00,0.00,0.00,0.00,0.00,0.00,0.00,0.00,0.00,0.00,0.00,0.00,0.00,0,'INV'),(622,'WWS','Wedge Wire Screen 1000mm, SS316, Slot 0,5mm','PCS','AS SCREEN','JOHNSON',0.00,5147600.00,'IDR',1,'','noimage.jpg',0.00,1.00,1.00,0.00,0.00,0.00,0.00,0.00,0.00,0.00,0.00,0.00,0.00,0.00,0.00,0.00,0.00,0.00,0.00,0.00,0,'INV'),(624,'INVERTER 1,5 KW','EP20-4T Inverter 1,5 Kw','PCS','TANFON','JOHNSON',0.00,12300000.00,'IDR',1,'','noimage.jpg',0.00,5.00,0.00,0.00,0.00,0.00,0.00,0.00,0.00,0.00,0.00,0.00,0.00,0.00,0.00,0.00,0.00,0.00,0.00,0.00,0,'INV'),(625,'INVERTER 11 KW','EP20-4T Inverter 11 Kw','PCS','TANFON','JOHNSON',0.00,12300000.00,'IDR',1,'','noimage.jpg',0.00,1.00,0.00,0.00,0.00,0.00,0.00,0.00,0.00,0.00,0.00,0.00,0.00,0.00,0.00,0.00,0.00,0.00,0.00,0.00,0,'INV'),(626,'INVERTER 4KW			','EP20-4T Inverter 4 Kw','PCS','TANFON','JOHNSON',0.00,0.00,'IDR',0,'','noimage.jpg',0.00,1.00,1.00,0.00,0.00,0.00,0.00,0.00,0.00,0.00,0.00,0.00,0.00,0.00,0.00,0.00,0.00,0.00,0.00,0.00,0,'INV'),(627,'NUT SS','NUT SS HEX 5/16 - 24 UNF300SS','PCS','POMPA','FRANKLIN',0.00,3900.00,'IDR',1,'','noimage.jpg',0.00,104.00,80.00,0.00,0.00,0.00,0.00,0.00,0.00,0.00,0.00,0.00,0.00,0.00,0.00,0.00,0.00,0.00,0.00,0.00,0,'INV'),(628,'NUT HEX 6\'','NUT HEX 6\'','PCS','POMPA','FRANKLIN',0.00,5700.00,'IDR',1,'','noimage.jpg',0.00,20.00,20.00,0.00,0.00,0.00,0.00,0.00,0.00,0.00,0.00,0.00,0.00,0.00,0.00,0.00,0.00,0.00,0.00,0.00,0,'INV'),(629,'JASA','Jasa','PCS','JASA','LAIN-LAIN',0.00,0.00,'IDR',0,'','noimage.jpg',0.00,0.00,0.00,0.00,0.00,0.00,0.00,0.00,0.00,0.00,0.00,0.00,0.00,0.00,0.00,0.00,0.00,0.00,0.00,0.00,0,'NON'),(630,'JASA1','Biaya Penggantian Media Filter Termasuk Pengiriman dan Pengerjaannya','LS','JASA','WINFLOW',0.00,0.00,'IDR',0,'','noimage.jpg',0.00,0.00,0.00,0.00,0.00,0.00,0.00,0.00,0.00,0.00,0.00,0.00,0.00,0.00,0.00,0.00,0.00,0.00,0.00,0.00,0,'NON'),(631,'JASA2','Biaya Penggantian Support Pompa dan Pemipaan Lama dengan Besi','LS','JASA','WINFLOW',0.00,0.00,'IDR',0,'','noimage.jpg',0.00,0.00,0.00,0.00,0.00,0.00,0.00,0.00,0.00,0.00,0.00,0.00,0.00,0.00,0.00,0.00,0.00,0.00,0.00,0.00,0,'NON'),(633,'MSI-00222','Lateral Screen SS304 2\' X 70 cm Slot 0,2mm','PCS','AS SCREEN','JOHNSON',0.00,821765.00,'IDR',1,'','noimage.jpg',0.00,8.00,8.00,0.00,0.00,0.00,0.00,0.00,0.00,0.00,0.00,0.00,0.00,0.00,0.00,0.00,0.00,0.00,0.00,0.00,0,'INV'),(634,'ELEKTRO MOTOR','Elektro Motor Brand : Yuema Model : 132M-4 Power: 7.5 kW / 10 HP Tegangan : 3 Phase / 380 V Putaran ','PCS','POMPA','FRANKLIN',0.00,0.00,'IDR',0,'','noimage.jpg',0.00,1.00,1.00,0.00,0.00,0.00,0.00,0.00,0.00,0.00,0.00,0.00,0.00,0.00,0.00,0.00,0.00,0.00,0.00,0.00,0,'INV'),(635,'JASA3','Biaya Kerja Tambah di kampung Bandan , Jakarta Utara Pompa Boster untuk Distribusi','PCS','JASA','WINFLOW',0.00,0.00,'IDR',0,'','noimage.jpg',0.00,0.00,0.00,0.00,0.00,0.00,0.00,0.00,0.00,0.00,0.00,0.00,0.00,0.00,0.00,0.00,0.00,0.00,0.00,0.00,0,'NON'),(636,'JASA4','Pekerjaan Water Treatment System Teknologi : Winflow Reverse Osmosis Kapasitas : 1.000 Liter/Jam','PCS','JASA','WINFLOW',0.00,0.00,'IDR',0,'','noimage.jpg',0.00,0.00,0.00,0.00,0.00,0.00,0.00,0.00,0.00,0.00,0.00,0.00,0.00,0.00,0.00,0.00,0.00,0.00,0.00,0.00,0,'NON'),(637,'JASA5','Periode Januari 2023 Maintenance Drinking Water System','LS','JASA','WINFLOW',0.00,0.00,'IDR',0,'','noimage.jpg',0.00,0.00,0.00,0.00,0.00,0.00,0.00,0.00,0.00,0.00,0.00,0.00,0.00,0.00,0.00,0.00,0.00,0.00,0.00,0.00,0,'NON'),(638,'JASA6','Water Test','LS','JASA','WINFLOW',0.00,0.00,'IDR',0,'','noimage.jpg',0.00,0.00,0.00,0.00,0.00,0.00,0.00,0.00,0.00,0.00,0.00,0.00,0.00,0.00,0.00,0.00,0.00,0.00,0.00,0.00,0,'NON'),(639,'JASA7','Periode November 2022 Maintenance Drinking Water System','LS','JASA','WINFLOW',0.00,0.00,'IDR',0,'','noimage.jpg',0.00,0.00,0.00,0.00,0.00,0.00,0.00,0.00,0.00,0.00,0.00,0.00,0.00,0.00,0.00,0.00,0.00,0.00,0.00,0.00,0,'NON'),(640,'CATRIDGE 20\'-5 MICRO','Isi Catridge Filter 20\' -5micron','PCS','POMPA','WINFLOW',0.00,0.00,'IDR',0,'','noimage.jpg',0.00,10.00,10.00,0.00,0.00,0.00,0.00,0.00,0.00,0.00,0.00,0.00,0.00,0.00,0.00,0.00,0.00,0.00,0.00,0.00,0,'INV'),(642,'CYLINDERICL SCREEN','AS SCREEN STAINLESS STEEL 10\' SLOT 40 (1MM) ex HUADONG','PCS','AS SCREEN','JOHNSON',0.00,256.00,'USD',15438,'','noimage.jpg',0.00,14.00,14.00,0.00,0.00,0.00,0.00,0.00,0.00,0.00,0.00,0.00,0.00,0.00,0.00,0.00,0.00,0.00,0.00,0.00,0,'INV'),(643,'TEST','Test Commissioning','LS','LAIN-LAIN','LAIN-LAIN',0.00,0.00,'IDR',0,'','noimage.jpg',0.00,0.00,0.00,0.00,0.00,0.00,0.00,0.00,0.00,0.00,0.00,0.00,0.00,0.00,0.00,0.00,0.00,0.00,0.00,0.00,0,'NON'),(644,'JASA8','Periode Februari 2023 Maintenance Drinking Water System','LS','JASA','WINFLOW',0.00,0.00,'IDR',0,'','noimage.jpg',0.00,0.00,0.00,0.00,0.00,0.00,0.00,0.00,0.00,0.00,0.00,0.00,0.00,0.00,0.00,0.00,0.00,0.00,0.00,0.00,0,'NON'),(645,'JASA9','Cleaning Pipa','LS','LAIN-LAIN','WINFLOW',0.00,0.00,'IDR',0,'','noimage.jpg',0.00,0.00,0.00,0.00,0.00,0.00,0.00,0.00,0.00,0.00,0.00,0.00,0.00,0.00,0.00,0.00,0.00,0.00,0.00,0.00,0,'NON'),(646,'POMPA FILTER','Pompa Filter Merk : Franklin atau setara kapasitas : 2000 Liter/Jam Head : 46 Meter Power: 0,75 Kw / 1 Hp / 1 Phase ; 220Volt','PCS','POMPA','FRANKLIN',0.00,760000.00,'IDR',0,'','noimage.jpg',0.00,2.00,1.00,0.00,0.00,0.00,0.00,0.00,0.00,0.00,0.00,0.00,0.00,0.00,0.00,0.00,0.00,0.00,0.00,0.00,0,'INV'),(647,'WINFLOW SAND FILTER ','WSF-1,5 Kapasitas : 1500 Liter/Jam Body Material: Fiberglass Diameter Tangki : 30 Cm Tinggi Tangki : 130 Cm Jenis Media : Pasir Silika (Lokal) Operasional : Manual Backwash','PCS','LAIN-LAIN','LAIN-LAIN',0.00,1835400.00,'IDR',0,'','noimage.jpg',0.00,1.00,1.00,0.00,0.00,0.00,0.00,0.00,0.00,0.00,0.00,0.00,0.00,0.00,0.00,0.00,0.00,0.00,0.00,0.00,0,'INV'),(648,'WINFLOW CARBON FILTE','WCF-1,5 Kapasitas : 1500 Liter/Jam Body Material : Fiberglass Diameter Tangki : 30 Cm Tinggi Tangki : 130 Cm Jenis Media :-Pasir Silika (Lokal) -Carbon Haycard (Srilanka/ Lokal) Operasional : Manual B','PCS','LAIN-LAIN','WINFLOW',0.00,1835000.00,'IDR',0,'','noimage.jpg',0.00,1.00,1.00,0.00,0.00,0.00,0.00,0.00,0.00,0.00,0.00,0.00,0.00,0.00,0.00,0.00,0.00,0.00,0.00,0.00,0,'INV'),(649,'JASA10','Biaya Pemasangan dan Pengiriman','LS','JASA','LAIN-LAIN',0.00,0.00,'IDR',0,'','noimage.jpg',0.00,0.00,0.00,0.00,0.00,0.00,0.00,0.00,0.00,0.00,0.00,0.00,0.00,0.00,0.00,0.00,0.00,0.00,0.00,0.00,0,'NON'),(650,'MEMBRANE RO','Membrane RO','PCS','LAIN-LAIN','WINFLOW',0.00,240000.00,'IDR',0,'','noimage.jpg',0.00,10.00,10.00,0.00,0.00,0.00,0.00,0.00,0.00,0.00,0.00,0.00,0.00,0.00,0.00,0.00,0.00,0.00,0.00,0.00,0,'INV'),(651,'CARBON','Carbon Blok 20\'','PCS','LAIN-LAIN','WINFLOW',0.00,36000.00,'IDR',0,'','noimage.jpg',0.00,20.00,20.00,0.00,0.00,0.00,0.00,0.00,0.00,0.00,0.00,0.00,0.00,0.00,0.00,0.00,0.00,0.00,0.00,0.00,0,'INV'),(652,'ANALISA AIR','Analisa Air','SAMPEL','LAIN-LAIN','WINFLOW',0.00,0.00,'IDR',0,'','noimage.jpg',0.00,0.00,0.00,0.00,0.00,0.00,0.00,0.00,0.00,0.00,0.00,0.00,0.00,0.00,0.00,0.00,0.00,0.00,0.00,0.00,0,'NON'),(653,'UJI COBA AIR MINUM','Paket Uji Air Minum SNI AMDK','SAMPEL','LAIN-LAIN','WINFLOW',0.00,0.00,'IDR',0,'','noimage.jpg',0.00,0.00,0.00,0.00,0.00,0.00,0.00,0.00,0.00,0.00,0.00,0.00,0.00,0.00,0.00,0.00,0.00,0.00,0.00,0.00,0,'NON'),(654,'UJI ARSEN','Uji Arsen ','SAMPEL','LAIN-LAIN','WINFLOW',0.00,0.00,'IDR',0,'','noimage.jpg',0.00,0.00,0.00,0.00,0.00,0.00,0.00,0.00,0.00,0.00,0.00,0.00,0.00,0.00,0.00,0.00,0.00,0.00,0.00,0.00,0,'NON'),(655,'SAMPLING','Biaya Sampling','LS','LAIN-LAIN','WINFLOW',0.00,0.00,'IDR',0,'','noimage.jpg',0.00,0.00,0.00,0.00,0.00,0.00,0.00,0.00,0.00,0.00,0.00,0.00,0.00,0.00,0.00,0.00,0.00,0.00,0.00,0.00,0,'NON'),(656,'JASA11','Jasa Bongkar Pasang Pompa','LOT','JASA','LAIN-LAIN',0.00,0.00,'IDR',0,'','noimage.jpg',0.00,0.00,0.00,0.00,0.00,0.00,0.00,0.00,0.00,0.00,0.00,0.00,0.00,0.00,0.00,0.00,0.00,0.00,0.00,0.00,0,'NON');
/*!40000 ALTER TABLE `tbl_barang` ENABLE KEYS */;
UNLOCK TABLES;
COMMIT;

-- Dumped table `tbl_barang` with 304 row(s)
--

--
-- Table structure for table `tbl_bulan`
--

/*!40101 SET @saved_cs_client     = @@character_set_client */;
/*!40101 SET character_set_client = utf8 */;
CREATE TABLE `tbl_bulan` (
  `id` int(11) NOT NULL AUTO_INCREMENT,
  `bulan` varchar(2) NOT NULL,
  `tahun` varchar(4) NOT NULL,
  `counter` int(10) NOT NULL DEFAULT 0,
  PRIMARY KEY (`id`)
) ENGINE=InnoDB DEFAULT CHARSET=latin1 COLLATE=latin1_swedish_ci;
/*!40101 SET character_set_client = @saved_cs_client */;

--
-- Dumping data for table `tbl_bulan`
--

LOCK TABLES `tbl_bulan` WRITE;
/*!40000 ALTER TABLE `tbl_bulan` DISABLE KEYS */;
SET autocommit=0;
/*!40000 ALTER TABLE `tbl_bulan` ENABLE KEYS */;
UNLOCK TABLES;
COMMIT;

-- Dumped table `tbl_bulan` with 0 row(s)
--

--
-- Table structure for table `tbl_company`
--

/*!40101 SET @saved_cs_client     = @@character_set_client */;
/*!40101 SET character_set_client = utf8 */;
CREATE TABLE `tbl_company` (
  `id_company` int(11) NOT NULL AUTO_INCREMENT,
  `nama_company` varchar(50) DEFAULT NULL,
  `address1` varchar(100) DEFAULT NULL,
  `address2` varchar(100) DEFAULT NULL,
  `address3` varchar(50) NOT NULL,
  `telephone` varchar(50) DEFAULT NULL,
  `facsimile` varchar(50) DEFAULT NULL,
  `email` varchar(50) DEFAULT NULL,
  `bank` varchar(30) DEFAULT NULL,
  `noac` varchar(30) DEFAULT NULL,
  `atasnama` varchar(30) DEFAULT NULL,
  `acctar` varchar(10) DEFAULT NULL,
  `acctap` varchar(10) DEFAULT NULL,
  `acctjual` varchar(10) DEFAULT NULL,
  `accthpp` varchar(10) DEFAULT NULL,
  `acctppnk` varchar(10) DEFAULT NULL,
  `acctppnm` varchar(10) DEFAULT NULL,
  `acctdisc` varchar(10) DEFAULT NULL,
  `acctrtrjl` varchar(10) DEFAULT NULL,
  `acctinvt` varchar(10) DEFAULT NULL,
  `acctumuka` varchar(10) DEFAULT NULL,
  `starting_date` date DEFAULT NULL,
  `tanda_tangan` varchar(30) DEFAULT NULL,
  `npwp` varchar(20) DEFAULT NULL,
  PRIMARY KEY (`id_company`)
) ENGINE=InnoDB AUTO_INCREMENT=3 DEFAULT CHARSET=utf8mb4 COLLATE=utf8mb4_general_ci;
/*!40101 SET character_set_client = @saved_cs_client */;

--
-- Dumping data for table `tbl_company`
--

LOCK TABLES `tbl_company` WRITE;
/*!40000 ALTER TABLE `tbl_company` DISABLE KEYS */;
SET autocommit=0;
INSERT INTO `tbl_company` VALUES (2,'PT. MULTI SCREEN INDONESIA','PIK Avenue Mall Level 6 ','Jl Pantai Indah Barat No.1 Kamal Muara Penjaringan','Jakarta Utara 14470','+62 21 22674247','+62 21 22674247','support@multiscreenindoneisa.com','Bank Panin Cab. Niaga Meditera','018 500 2999',' PT. Multi Screen Indonesia','1103.001','2101.001','4101.001','5101.001','2104.005','1106.001','4201.001','4201.001','1105.001','2105.001','2021-01-01','Kamdani','');
/*!40000 ALTER TABLE `tbl_company` ENABLE KEYS */;
UNLOCK TABLES;
COMMIT;

-- Dumped table `tbl_company` with 1 row(s)
--

--
-- Table structure for table `tbl_counter`
--

/*!40101 SET @saved_cs_client     = @@character_set_client */;
/*!40101 SET character_set_client = utf8 */;
CREATE TABLE `tbl_counter` (
  `id` int(11) NOT NULL AUTO_INCREMENT,
  `customer` int(11) DEFAULT 0,
  `supplier` int(11) NOT NULL DEFAULT 0,
  `salesman` int(11) NOT NULL DEFAULT 0,
  `baku` int(11) NOT NULL DEFAULT 0,
  `barang` int(11) NOT NULL DEFAULT 0,
  `po` int(11) NOT NULL DEFAULT 0,
  `pi` int(11) NOT NULL DEFAULT 0,
  `pr` int(11) NOT NULL DEFAULT 0,
  `vp` int(11) NOT NULL DEFAULT 0,
  `sr` int(11) NOT NULL DEFAULT 0,
  `non` int(11) NOT NULL DEFAULT 0,
  `inv` int(11) NOT NULL DEFAULT 0,
  `cr` int(11) NOT NULL DEFAULT 0,
  `adjustment` int(11) NOT NULL DEFAULT 0,
  `jurnal` int(11) NOT NULL DEFAULT 0,
  `othpay` int(11) NOT NULL DEFAULT 0,
  `othrcv` int(11) NOT NULL DEFAULT 0,
  `tt` int(11) NOT NULL DEFAULT 0,
  `pindah` int(11) NOT NULL DEFAULT 0,
  `salesoth` int(11) NOT NULL DEFAULT 0,
  PRIMARY KEY (`id`)
) ENGINE=InnoDB AUTO_INCREMENT=2 DEFAULT CHARSET=utf8mb4 COLLATE=utf8mb4_general_ci;
/*!40101 SET character_set_client = @saved_cs_client */;

--
-- Dumping data for table `tbl_counter`
--

LOCK TABLES `tbl_counter` WRITE;
/*!40000 ALTER TABLE `tbl_counter` DISABLE KEYS */;
SET autocommit=0;
INSERT INTO `tbl_counter` VALUES (1,384,136,0,0,0,1,18,0,11,0,0,1,89,37,26,64,13,0,39,0);
/*!40000 ALTER TABLE `tbl_counter` ENABLE KEYS */;
UNLOCK TABLES;
COMMIT;

-- Dumped table `tbl_counter` with 1 row(s)
--

--
-- Table structure for table `tbl_currency`
--

/*!40101 SET @saved_cs_client     = @@character_set_client */;
/*!40101 SET character_set_client = utf8 */;
CREATE TABLE `tbl_currency` (
  `currency` varchar(6) NOT NULL,
  `nilai_tukar` int(11) NOT NULL,
  `nama_negara` varchar(20) NOT NULL,
  `simbol` varchar(6) NOT NULL,
  PRIMARY KEY (`currency`)
) ENGINE=InnoDB DEFAULT CHARSET=utf8mb4 COLLATE=utf8mb4_general_ci;
/*!40101 SET character_set_client = @saved_cs_client */;

--
-- Dumping data for table `tbl_currency`
--

LOCK TABLES `tbl_currency` WRITE;
/*!40000 ALTER TABLE `tbl_currency` DISABLE KEYS */;
SET autocommit=0;
INSERT INTO `tbl_currency` VALUES ('IDR',1,'INDONESIA','Rp'),('USD',15406,'AMERIKA SERIKAT','$');
/*!40000 ALTER TABLE `tbl_currency` ENABLE KEYS */;
UNLOCK TABLES;
COMMIT;

-- Dumped table `tbl_currency` with 2 row(s)
--

--
-- Table structure for table `tbl_customer`
--

/*!40101 SET @saved_cs_client     = @@character_set_client */;
/*!40101 SET character_set_client = utf8 */;
CREATE TABLE `tbl_customer` (
  `kode_customer` varchar(10) NOT NULL,
  `nama_customer` varchar(50) NOT NULL,
  `kode_salesman` varchar(10) NOT NULL,
  `address1` varchar(100) NOT NULL,
  `address2` varchar(100) NOT NULL,
  `address3` varchar(100) NOT NULL,
  `addkrm1` varchar(100) NOT NULL,
  `addkrm2` varchar(100) NOT NULL,
  `addkrm3` varchar(100) NOT NULL,
  `telephone` varchar(20) NOT NULL,
  `facsimile` varchar(20) NOT NULL,
  `handphone` varchar(30) NOT NULL,
  `email` varchar(50) NOT NULL,
  `npwp` varchar(25) NOT NULL,
  `personal_kontak` varchar(20) NOT NULL,
  `no_hp` varchar(20) NOT NULL,
  `ekpedisi` varchar(40) NOT NULL,
  `termin` int(3) NOT NULL DEFAULT 0,
  `awal` float(14,2) NOT NULL DEFAULT 0.00,
  `awldbt` float(14,2) NOT NULL DEFAULT 0.00,
  `awlcrd` float(14,2) NOT NULL DEFAULT 0.00,
  `debet` float(14,2) NOT NULL DEFAULT 0.00,
  `credit` float(14,2) NOT NULL DEFAULT 0.00,
  `status` varchar(7) NOT NULL,
  `ppn` int(5) NOT NULL,
  `dbt` float(14,2) NOT NULL DEFAULT 0.00,
  `crd` float(14,2) NOT NULL DEFAULT 0.00,
  `tax` int(1) NOT NULL DEFAULT 0,
  PRIMARY KEY (`kode_customer`)
) ENGINE=InnoDB DEFAULT CHARSET=utf8mb4 COLLATE=utf8mb4_general_ci;
/*!40101 SET character_set_client = @saved_cs_client */;

--
-- Dumping data for table `tbl_customer`
--

LOCK TABLES `tbl_customer` WRITE;
/*!40000 ALTER TABLE `tbl_customer` DISABLE KEYS */;
SET autocommit=0;
INSERT INTO `tbl_customer` VALUES ('CS-0001','PT. KEBON AGUNG','','JL. RAYA MARGOREJO INDAH BLOK - NO.- RT:000 RW:000','KOTA/KAB.SURABAYA JAWA TIMUR 60238','','','','','','','','','','','','',0,0.00,0.00,0.00,0.00,0.00,'PKP',0,0.00,0.00,0),('CS-0002','HARI','','JL APEL 3 TAPOS DEPOK JAWABARAT ','','','','','','','','','','','','','',0,0.00,0.00,0.00,0.00,0.00,'PKP',0,0.00,0.00,0),('CS-0003','YAHYA NIKANOR TODE','','OSILOA RT.015 RW.006 KEL. TARUS KEC.KUPANG TENGAH','','','','','','','','','','','','','',0,0.00,0.00,0.00,0.00,0.00,'PKP',0,0.00,0.00,0),('CS-0004','PT. BARATA INDONESIA (PERSERO)','','JL. VETERAN 241 GRESIK 61123, JAWA TIMUR','','','','','','','','','','','','','',0,0.00,0.00,0.00,0.00,0.00,'PKP',0,0.00,0.00,0),('CS-0005','SUMBER JAYA TEKNIK (USUP PERMANA)','','JL. RAYA PASAR MINGGU KM. 19 NO. 8','(SAMPING POM BENSIN VOLVO), JAKARTA SELATAN','','','','','','','','','','','','',0,0.00,0.00,0.00,13873500.00,13874000.00,'PKP',0,0.00,0.00,0),('CS-0006','CV. RUMAH POMPA','','JL. RUHUI RAHAYU BLOK A1 NO.10 RT:001 RW:000 KEL.G','KALIMANTAN TIMUR, INDONESIA ','','','','','','','','','','','','',0,0.00,0.00,0.00,0.00,0.00,'PKP',0,0.00,0.00,0),('CS-0007','DAVID CHRISTIAN SETIONEGORO','','THE SPRING CLUSTER CANANY TIMUR 5 NO. 10 BLOK CAT ','TANGERANG BANTEN','INDONESIA ','','','','','','','','','','','',0,0.00,0.00,0.00,0.00,0.00,'PKP',0,0.00,0.00,0),('CS-0008','PT. MENARA ASIA GLOBAL','','PALMERAH UTARA BLOK C NO.28 RT:007 RW:004 KEL.SLIP','DKI JAKARTA, INDONESIA ','','','','','','','','','','','','',0,0.00,0.00,0.00,0.00,0.00,'PKP',0,0.00,0.00,0),('CS-0009','PT ERICH BALIKPAPAN DRILLINDO','','JL MT HARYONO (SAMPING SEASIK) BLOK - NO.86 RT:012','SELATAN KOTA/KAB.BALIKPAPAN KALIMANTAN TIMUR 00000','','','','','','','','','','','','',0,0.00,0.00,0.00,137783008.00,43985000.00,'PKP',0,0.00,0.00,0),('CS-0010','CV SOLO POMPA','','KARANGTURI BLOK - NO.- RT:003 RW:001 KEL.TRIYAGAN ','JAWATENGAH, INDONESIA ','','','','','','','','','','','','',0,0.00,0.00,0.00,0.00,0.00,'PKP',0,0.00,0.00,0),('CS-0011','PT ANDRITECHNINDO NILAMTUNGGAL','','TANAH PASIR BLOK - NO.008 RT:006 RW:007 KEL.PENJAR','KOTA/KAB.JAKARTA UTARA DKI JAKARTA 14440 ','','','','','','','','','','','','',0,0.00,0.00,0.00,227364752.00,55520720.00,'PKP',0,0.00,0.00,0),('CS-0012','SUMBER JAYA URIP (MURSID)','','JL. PEMBANGUNAN V 57, KARANG SARI','KEC.PAMULANG TANGERANG BANTEN','NEGLASARI, TANGERANG','','','','0812 9327 3312','','','','','','','',0,0.00,0.00,0.00,254662784.00,173708992.00,'PKP',0,0.00,0.00,0),('CS-0013','NARMADA TRIWIBOWO','','KOMPLEK PERTAMINA NO. 98 RT. 002 RW. 003 KEL. CURU','','','','','','','','','','','','','',0,0.00,0.00,0.00,0.00,0.00,'PKP',0,0.00,0.00,0),('CS-0014','PT. SEIMITSU DIAGNOSTICS','','HARTON TOWER LT 7 JALAN BOULEVARD ARTHA GADING BLO','GADING BARAT KEC.KELAPA GADING KOTA/KAB.JAKARTA UT','','','','','','','','','','','','',0,0.00,0.00,0.00,0.00,0.00,'PKP',0,0.00,0.00,0),('CS-0015','DIANATUL KOMARIAH','','JL. RS POLRI RT.010 RW.004 KEL. KRAMATJATI KEC. KR','','','','','','','','','','','','','',0,0.00,0.00,0.00,0.00,0.00,'PKP',0,0.00,0.00,0),('CS-0016','HINDARTO FIF ARAYASA','','JL. CITARUM NO. 50 RT. 001 RW. 009 KEL. MINTARAGEN','','','','','','','','','','','','','',0,0.00,0.00,0.00,0.00,0.00,'PKP',0,0.00,0.00,0),('CS-0017','MANDIRI FORMULANSI ','','JL. ATANG SANAJAYA RT 03 RW 08, ','KP WALUNGAN, BENDA, KEC BENDA, KOTA TANGERANG','','','','','0821 2432 8293','','','','','','','',0,0.00,0.00,0.00,140901504.00,22240000.00,'PKP',0,0.00,0.00,0),('CS-0018','PT BUMI SUKSESINDO','','DUSUN PANCER BLOK - NO.- RT:008 RW:001 KEL.SUMBERA','','','','','','','','','','','','','',0,0.00,0.00,0.00,0.00,0.00,'PKP',0,0.00,0.00,0),('CS-0019','CV ANTIKA SUKSES GEMILANG','','PASAR BESAR WETAN 30/3 BLOK - NO.- RT:000 RW:000 K','','','','','','','','','','','','','',0,0.00,0.00,0.00,0.00,0.00,'PKP',0,0.00,0.00,0),('CS-0020','BAPAK ANDRIYONO ( IGNATIUS KIRNO ANDRIYONO )','','KP. BELAKANG RT. 003 RW. 003 KEL. KAMAL KEC. KALID','','','','','','','','','','','','','',0,0.00,0.00,0.00,0.00,0.00,'PKP',0,0.00,0.00,0),('CS-0021','( BP. SASMITA ) CUCU SRI RAHAYU','','JL. MUARARAJEUN LAMA DLM RT.003 RW. 005 KEL.CIHAUR','','','','','','','','','','','','','',0,0.00,0.00,0.00,41638200.00,4630000.00,'PKP',0,0.00,0.00,0),('CS-0022','LIE KING KI','','LTC GF 2 A12-5 BLOK - NO.- RT:000 RW:000 KEL.MANGG','','','','','','','','','','','','','',0,0.00,0.00,0.00,0.00,0.00,'PKP',0,0.00,0.00,0),('CS-0023','ADE KARIM','','KP. RANJI RT.026 RW. 002 KEL. MAKASARI KEC. KALAPA','','','','','','','','','','','','','',0,0.00,0.00,0.00,996803968.00,0.00,'PKP',0,0.00,0.00,0),('CS-0024','BP ARIS SETIAWAN','','JL FATMAWATI NO 54 RT 9 RW 3 TUANTUNU INDAH BANGKA','','','','','','','','','','','','','',0,0.00,0.00,0.00,0.00,0.00,'PKP',0,0.00,0.00,0),('CS-0025','PT KENINDO UTAMA TEKNIK','','GEDUNG PIK AVENUE MALL LEVEL 6 JL PANTAI INDAH KAPUK BOULEVARD','KEL.KAMAL MUARA KEC.PENJARINGAN KOTA/KAB.JAKARTA UTARA DKI JAKARTA','','','','','','','','','','','','',0,0.00,0.00,0.00,50665060.00,15826800.00,'PKP',0,0.00,0.00,0),('CS-0026','PT MEGA TRIWEXINDO','','KOMP GROGOL PERMAI BLOK A NO.29 RT:001 RW:007 KEL.JELAMBAR KEC.GROGOL PETAMBURAN','','','','','','','','','','','','','',0,0.00,0.00,0.00,555000.00,555000.00,'PKP',0,0.00,0.00,0),('CS-0027','PT TIRTO LANGGENG','','SEROJA TIMUR BLOK - NO.17 RT:001 RW:001 KEL.KARANG KIDUL KEC.SEMARANG TENGAH','KOTA/KAB.SEMARANG JAWA TENGAH 50241','','','','','','','','','','','','',0,0.00,0.00,0.00,0.00,0.00,'PKP',0,0.00,0.00,0),('CS-0028','SUMBER TEHNIK POMPA ( ALVIN TIEN )','','KP NAMBO BLOK - NO.- RT:001 RW:001 KEL.NAMBO JAYA KEC.KARAWACI KOTA/KAB.TANGERANG','BANTEN ','','','','','','','','','','','','',0,0.00,0.00,0.00,0.00,0.00,'PKP',0,0.00,0.00,0),('CS-0029','CV ATHALLAH TEKNIK','','VILLA PERMATA SARAKAN BLOK CI NO.3 RT:002 RW:003 KEL.SARAKAN KEC.SEPATAN','TANGERANG BANTEN','','','','','','','','','','','','',0,0.00,0.00,0.00,0.00,0.00,'PKP',0,0.00,0.00,0),('CS-0030','BAPAK PROF. SUWARDI SOMODIPUTRO','','JL. PLERET UTAMA CHRISANT V B7 BLOK - NO.- RT:004 RW:012 KEL.BANYUANYAR KEC.BANJARSARI','SURAKARTA JAWA TENGAH','','','','','','','','','','','','',0,0.00,0.00,0.00,0.00,0.00,'PKP',0,0.00,0.00,0),('CS-0031','BAPAK ANDI F. PARANGIN ANGIN','','DIKLAT PENERBANGAN II KAYU BATU NO 6 BLOK - NO.- RT:000 RW:000 KEL.TANJUNG RIA KEC.PAPUA','KOTA/KAB.JAYAPURA JAYAPURA','','','','','','','','','','','','',0,0.00,0.00,0.00,0.00,0.00,'PKP',0,0.00,0.00,0),('CS-0032','BAPAK YANU SASOMO','','KP. KULUWAN BLOK - NO.000 RT:002 RW:001 KEL.PRANAN KEC.POLOKARTO KOTA/KAB.SUKOHARJO','JAWA TENGAH','','','','','','','','','','','','',0,0.00,0.00,0.00,0.00,0.00,'PKP',0,0.00,0.00,0),('CS-0033','PT NOJORONO TOBACCO INTERNATIONAL','','JL. PANGLIMA SUDIRMAN BLOK B NO.86 RT:000 RW:000 KEL.NGANGUK KEC. KUDUS KOTA/KAB.KUDUS','JAWA TENGAH','','','','','','','','','','','','',0,0.00,0.00,0.00,0.00,0.00,'PKP',0,0.00,0.00,0),('CS-0034','BAPAK RAYMOND SEBASTIAN','','JL PAHLAWAN NO 15 KANDANGAN KAB HULU KALIMANTAN SELATAN','','','','','','','','','','','','','',0,0.00,0.00,0.00,0.00,0.00,'PKP',0,0.00,0.00,0),('CS-0035','NIKO JAYA SUPPLY ( DJOKO SURJANTO )','','NANAS BLOK - NO.57 RT:002 RW:001 KEL.MANGGA BESAR KEC.TAMANSARI KOTA/KAB.JAKARTA BARAT','','','','','','','','','','','','','',0,0.00,0.00,0.00,0.00,0.00,'PKP',0,0.00,0.00,0),('CS-0036','BPK. PEPEN','','JL. NIRMALA JAYA NO. 7 JAKARTA','','','','','','','','','','','','','',0,0.00,0.00,0.00,0.00,0.00,'PKP',0,0.00,0.00,0),('CS-0037','PT PARINDO TEKNIK MANDIRI','','MENARA SUCI JL.RADIN INTEN II LT.3 BLOK 000 NO.54 RT:007 RW:014 KEL.DUREN SAWIT KEC.DUREN SAWIT','KOTA/KAB.JAKARTA TIMUR DKI JAKARTA 13440','','','','','','','','','','','','',0,0.00,0.00,0.00,33880744.00,7120000.00,'PKP',0,0.00,0.00,0),('CS-0038','PT. INTERTAMA TRIKENCANA BERSINAR','','JL. BKT GD INDAH RAYA KOMP BKT GD INDAH BLOK K NO.03 RT:000 RW:000 KEL.KELAPA GADING','BARAT KEC.KELAPA GADING KOTA/KAB.JAKARTA UTARA DKI JAKARTA','','','','','','','','','','','','',0,0.00,0.00,0.00,0.00,0.00,'PKP',0,0.00,0.00,0),('CS-0039','CV. ASIA TEHNIK','','JL. MELATI KAV-C BLOK A NO.32 RT:004 RW:009 KEL.LOWOKWARU KEC.LOWOK WARU KOTA/KAB.MALANG','','','','','','','','','','','','','',0,0.00,0.00,0.00,0.00,0.00,'PKP',0,0.00,0.00,0),('CS-0040','ANEKA POMPA ( ARIANTO CIANA )','','JL. GATOT SUBROTO KM. 4 NO. 70, JATIUWUNG, KEC. CIBODAS, KOTA TANGERANG, BANTEN 15138','VILLA TAMAN CIBODAS BLOK M-4 NO. 17 RT. 0, RW. 0 KEL. SANGIANG JAYA KEC. SANGIANG JAYA, PERIUK','','','','','021 - 591 5963','','','','07.224.352.0-402.000','BAPAK ARIANTO','','',0,0.00,0.00,0.00,0.00,0.00,'PKP',0,0.00,0.00,0),('CS-0041','BAPAK ANDRI- JOBSHARE ( BAYU PURWOKERTO )','','PURWOKERTO','','','','','','','','','','','','','',0,0.00,0.00,0.00,0.00,0.00,'PKP',0,0.00,0.00,0),('CS-0042','PT TIARA MARGA TRAKINDO','','GD. TMT 1 LT.1 SUIT 101 & LT.18 SUITE 1801 JL. CILANDAK KKO NO.1 BLOK - NO.- RT:000 RW:000 KEL.CILAN','TIMUR KEC.PASAR MINGGU KOTA/KAB.JAKARTA SELATAN DKI JAKARTA RAYA 12560','','','','','','','','','','','','',0,0.00,0.00,0.00,121545000.00,0.00,'PKP',0,0.00,0.00,0),('CS-0043','PT ENKA SARANA INTERNASIONAL','','ANZ TOWER LT.16 & 17 JL. JEND. SUDIRMAN KAV.33A BLOK - NO.- RT:000 RW:000 KEL.KARET TENGSIN','KEC.TANAH ABANG KOTA/KAB.JAKARTA PUSAT DKI JAKARTA 10220','','','','','','','','','','','','',0,0.00,0.00,0.00,0.00,0.00,'PKP',0,0.00,0.00,0),('CS-0044','ARIANTO CIANA','','VILLA TAMAN CIBODAS BLOK M-4 NO.17 RT:000 RW:000 KEL.SANGIANGJAYA KEC.SANGIANGJAYA','PERIUK KOTA/KAB.TANGERANG BANTEN','','','','','','','','','','','','',0,0.00,0.00,0.00,0.00,0.00,'PKP',0,0.00,0.00,0),('CS-0045','IBU YENNY','','GOLF LAKE RESIDENCE CENGKARENG BARAT NO 32','','','','','','','','','','','','','',0,0.00,0.00,0.00,0.00,0.00,'PKP',0,0.00,0.00,0),('CS-0046','CV. MAGHROBI BAROKAH','','JL. RAYA BRANTI I BLOK - NO.643 RT:005 RW:000 KEL.BRANTI RAYA KEC.NATAR KOTA/KAB.LAMPUNG','SELATAN LAMPUNG','','','','','','','','','','','','',0,0.00,0.00,0.00,184974000.00,0.00,'PKP',0,0.00,0.00,0),('CS-0047','PT. KONDOBO TEXTINDO','','KAMPUNG CIBEUNYING BLOK - NO.- RT:024 RW:006 KEL.CIPEUNDEUY KEC.CIPEUNDEUY ','KOTA/KAB.SUBANG JAWA BARAT 41271','','','','','','','','','','','','',0,0.00,0.00,0.00,0.00,0.00,'PKP',0,0.00,0.00,0),('CS-0048','PT. HANDARUSA TIRTA SARANA','','HERTASNING BARU KOMPLEK PERMATA HIJAU LESTARI BLOK P17 NO.15 RT:008 RW:014 KEL.KASSA-KASSI KEC.RAPPO','KEC.RAPPOCINI KOTA/KAB.MAKASSAR SULAWESI SELATAN 90220','','','','','','','','','','','','',0,0.00,0.00,0.00,0.00,0.00,'PKP',0,0.00,0.00,0),('CS-0049','PT. DJATNIKA PRIMA UTAMA','','JL SUBANG 4 BLOK 0 NO.14 RT:003 RW:002 KEL.ANTAPANI TENGAH KEC.ANTAPANI KOTA/KAB.BANDUNG','JAWA BARAT','','','','','','','','','','','','',0,0.00,0.00,0.00,0.00,0.00,'PKP',0,0.00,0.00,0),('CS-0050','KOIRU SUBEKTIONO','','DSN BANJAR RT. 003 RW. 002 KEL. WATESKROYO KEC. BESUKI TULUNGAGUNG JAWA TENGAH','','','','','','','','','','','','','',0,0.00,0.00,0.00,0.00,0.00,'PKP',0,0.00,0.00,0),('CS-0051','PT. BUMI ARTA REKAPERDANA','','JL. PASIR IMPUN NO. 98 A.H. NASUTION, BANDUNG','','','','','','022-8788321','','','','01.555.630.1-428.000','','','',0,0.00,0.00,0.00,44042952.00,0.00,'PKP',0,0.00,0.00,0),('CS-0052','PT. MULTI INDOCITRA TBK','','JL. GAJAH MADA NO. 188 RT. 003 RW. 005, TAMAN SARI - JAKARTA BARAT ','','','','','','','','','','01.353.286.6-054.000','','','',0,0.00,0.00,0.00,0.00,0.00,'PKP',0,0.00,0.00,0),('CS-0053','PT. MEDIKARYA ANUGRAH PRIKASIH','','JL. RS. FATMAWATI NO. 74, RT. 005 RW. 001, PONDOK LABU, CILANDAK - JAKARTA SELATAN','','','','','','','','','','03.027.698.4-016.000','','','',0,0.00,0.00,0.00,0.00,0.00,'PKP',0,0.00,0.00,0),('CS-0054','CV. SURYA ANGKASA TEKNIK','','KENDANGSARI YKP P/15 RT. 001 RW. 002, KENDANGSARI - TENGGILIS MEJOYO, SURABAYA 60292','','','','','','','','','','02.476.319.5-615.000','BAPAK SAFIER','','',0,0.00,0.00,0.00,0.00,0.00,'PKP',0,0.00,0.00,0),('CS-0055','BAPAK IBNU PURWANTO','','JL. PETEMON SIDOMULYO 2 / 33, SURABAYA','','','','','','','','','','','','','',0,0.00,0.00,0.00,0.00,0.00,'PKP',0,0.00,0.00,0),('CS-0056','IBU VHIN GUSHA','','JL RAYA DEPOK SAWANGAN KM2 NO 12 DEPOK','','','','','','','','','','','','','',0,0.00,0.00,0.00,0.00,0.00,'PKP',0,0.00,0.00,0),('CS-0057','M. HILMAN','','KP. CIJULANG RT.002 RW. 004 KEL. CADASNGAMPAR KEC. SUKARAJA BOGOR','','','','','','','','','','','','','',0,0.00,0.00,0.00,54570000.00,0.00,'PKP',0,0.00,0.00,0),('CS-0058','PT. HOBBY SENTOSA','','GG.KONGKOAN BLOK - NO.3 RT:000 RW:000 KEL.ROA MALAKA KEC.TAMBORA KOTA/KAB.JAKARTA BARAT','','','','','','','','','','','','','',0,0.00,0.00,0.00,0.00,0.00,'PKP',0,0.00,0.00,0),('CS-0059','CV. GANESHA MANDIRI','','JL. KUPU KUPU BLOK E NO.1/7 RT:002 RW:007 KEL.MEKAR SARI KEC.TAMBUN SELATAN','KOTA/KAB.BEKASI JAWA BARAT','','','','','021-88329718','','','','','BAPAK GANI SUBIARTO','08121825685','',0,0.00,0.00,0.00,31839004.00,0.00,'PKP',0,0.00,0.00,0),('CS-0060','M. ROBBY KARDANA CHANDRA','','JALAN DAHLIA 2 BLOK D 143 RT.004 RW.013 KEL. JATIMULYA KEC. TAMBUN SELATAN BEKASI JAWA BARAT','','','','','','','','','','','','','',0,0.00,0.00,0.00,0.00,0.00,'PKP',0,0.00,0.00,0),('CS-0061','SETIAWAN MAULANA','','JL.CEMARA V BLOK F NO 356 RT.008 RW.013 JATIMULYA TAMBUN SELATAN BEKASI JAWA BARAT','','','','','','','','','','','','','',0,0.00,0.00,0.00,0.00,0.00,'PKP',0,0.00,0.00,0),('CS-0062','PT. MADYA KARYA PUTRA','','JL. LEDOKGONDOMANAN BLOK - NO.006 RT:023 RW:008 KEL.PRAWIRODIRJAN KEC.GONDOMANA','KOTA/KAB.YOGYAKARTA DAERAH ISTIMEWA YOGYAKARTA 55121','','','','','','','','','','','','',0,0.00,0.00,0.00,0.00,0.00,'PKP',0,0.00,0.00,0),('CS-0063','RUDI KUSBIYANTORO','','SUMURWELUT NO. 61 RT. 002 RW. 001 KEL. SUMUR WELUT KEC. LAKAR SANTRI SURABAYA JAWA TIMUR','','','','','','','','','','','','','',0,0.00,0.00,0.00,41800000.00,5000000.00,'PKP',0,0.00,0.00,0),('CS-0064','PT HYDROMASTER HARMONI NUSANTARA','','GRIYA UTAMA KOMP. RUKAN PURI MUTIARA BLOK D NO.119 RT:000 RW:000 KEL.SUNTER AGUNG','KEC.TANJUNG PRIOK KOTA/KAB.JAKARTA UTARA DKI JAKARTA 14350','','','','','','','','','','','','',0,0.00,0.00,0.00,0.00,0.00,'PKP',0,0.00,0.00,0),('CS-0065','PT. METRO TEKNIK INDONESIA','','JL. CIDENG TIMUR LT.2 BLOK - NO.16/3 RT:001 RW:004 KEL.PETOJO UTARA KEC.GAMBIR','KOTA/KAB.JAKARTA PUSAT DKI JAKARTA 10130','','','','','','','','','','','','',0,0.00,0.00,0.00,0.00,0.00,'PKP',0,0.00,0.00,0),('CS-0066','PT.KHAYA TIRTA MANDIRI','','JL.UNTUNG SUROPATI KAV.43 BLOK 0 NO.93 RT:001 RW:003 KEL.BAMBANKEREP KEC.NGALIYAN','KOTA/KAB.SEMARANG JAWA TENGAH ','','','','','','','','','','','','',0,0.00,0.00,0.00,9000000.00,0.00,'PKP',0,0.00,0.00,0),('CS-0067','PT COATS REJO INDONESIA','','GEDUNG VENTURA BUILDING LT.5 SUITE 501 A JL. RA KARTINI BLOK - NO.26 RT:000 RW:000','KEL.CILANDAK BARAT KEC.CILANDAK KOTA/KAB.JAKARTA SELATAN DKI JAKARTA 12430','','','','','','','','','','','','',0,0.00,0.00,0.00,0.00,0.00,'PKP',0,0.00,0.00,0),('CS-0068','PT. HANDARUSA TIRTA SARANA','','HERTASNING BARU KOMPLEK PERMATA HIJAU LESTARI BLOK P17 NO.15 RT:008 RW:014 KEL.KASSA-KASSI','KEC.RAPPOCINI KOTA/KAB.MAKASSAR SULAWESI SELATAN 90220','','','','','','','','','','','','',0,0.00,0.00,0.00,0.00,0.00,'PKP',0,0.00,0.00,0),('CS-0069','PT. KAO INDONESIA CHEMICALS','','JL. HARAPAN RAYA LOT LL-3B KIIC BLOK - NO.- RT:000 RW:000 KEL.SIRNABAYA KEC.TELUKJAMBE TIMUR','KOTA/KAB.KARAWANG JAWA BARAT 41361','','','','','','','','','','','','',0,0.00,0.00,0.00,0.00,0.00,'PKP',0,0.00,0.00,0),('CS-0070','M.ZENAL','','KP. NAGROG RT.002 RW.012 KEL.PAMOYANAN KEC.BOGOR SELATAN JAWABARAT','','','','','','','','','','','','','',0,0.00,0.00,0.00,431480000.00,0.00,'PKP',0,0.00,0.00,0),('CS-0071','CV. BERKAH GEMILANG','','GRAND INDRAPRASTA BLOK C-1 NO.08 RT:005 RW:006 KEL.PEDURUNGAN LOR KEC.PEDURUNGAN','KOTA/KAB.SEMARANG JAWA TENGAH','','','','','','','','','','','','',0,0.00,0.00,0.00,0.00,0.00,'PKP',0,0.00,0.00,0),('CS-0072','PT SANDY JAYA UTAMA','','KOMPLEK HBTB BLOK A5 NO.23 RT:006 RW:010 KEL.HARJAMUKTI KEC.CIMANGGIS KOTA/KAB.DEPOK JAWA BARAT 1695','','','','','','','','','','','','','',0,0.00,0.00,0.00,0.00,0.00,'PKP',0,0.00,0.00,0),('CS-0073','PT PELAYARAN TANJUNG KUMAWA','','JL.GUNUNG ARFAK BLOK - NO.22 RT:000 RW:000 KEL.KLABALA KEC.SORONG BARAT KOTA/KAB.SORONG PAPUA BARAT','','','','','','','','','','','','','',0,0.00,0.00,0.00,0.00,0.00,'PKP',0,0.00,0.00,0),('CS-0074','PT SARANACITRA DUTAJAYA','','TAMAN KEBON JERUK INTERCON BLOK AA2 NO.30 RT:004 RW:007 KEL.MERUYA SELATAN','KEC.KEMBANGAN KOTA/KAB.JAKARTA BARAT DKI JAKARTA RAYA 11650','','','','','','','','','','','','',0,0.00,0.00,0.00,0.00,0.00,'PKP',0,0.00,0.00,0),('CS-0075','PT. INDO SUTECH SEJAHTERA','','JL. CIKINI RAYA BLOK - NO.1 RT:000 RW:000 KEL.CIKINI KEC.MENTENG KOTA/KAB.JAKARTA PUSAT DKI JAKARTA','','','','','','','','','','','','','',0,0.00,0.00,0.00,0.00,0.00,'PKP',0,0.00,0.00,0),('CS-0076','PT INDONESIAN MARINE','','JL.SARONO JIWO BLOK - NO.09 RT:000 RW:000 KEL.- KEC.- KOTA/KAB.SURABAYA JAWA TIMUR','','','','','','','','','','','','','',0,0.00,0.00,0.00,0.00,0.00,'PKP',0,0.00,0.00,0),('CS-0077','PT. VALCO SWASTIKA UTAMA','','KOMPLEKS MUTIARA TAMAN PALEM BLOK B7 NO.51 RT:006 RW:014 KEL.CENGKARENG TIMUR','KEC.CENGKARENG KOTA/KAB.JAKARTA BARAT DKI JAKARTA 11730','','','','','','','','','','','','',0,0.00,0.00,0.00,0.00,0.00,'PKP',0,0.00,0.00,0),('CS-0078','SETIAWAN .M','','KP. DOYONG, JL ALAM JAYA RT 001 RW 005, KERONCONG,KEC JATIWUNG, TANGERANG','','','','','','0897-4857-528','','','','','','','',0,0.00,0.00,0.00,71800000.00,27900000.00,'PKP',0,0.00,0.00,0),('CS-0079','NOPIYANTO','','DUSUN I RT.01 RW 001 KEL. WAYA KRUI KEC. KALIREJO LAMPUNG','','','','','','','','','','','','','',0,0.00,0.00,0.00,0.00,0.00,'PKP',0,0.00,0.00,0),('CS-0080','HENDRA SETIAWAN','','JL. RAYA PASAR KEMIS NO. 45 REGENCY - TANGERANG','','','','','','','','','','','','','',0,0.00,0.00,0.00,75075000.00,0.00,'PKP',0,0.00,0.00,0),('CS-0081','IBNU PURWANTO','','GONDOREJO RT. 004 RW. 001 KEL. HARGOSARI KEC. SINE NGAWI JAWATIMUR','','','','','','','','','','','','','',0,0.00,0.00,0.00,0.00,0.00,'PKP',0,0.00,0.00,0),('CS-0082','PT. JESINDO HARTECH PRIMA','','GEDUNG ALDIRON WORKSPACE KOMP. ALDIRON JL. DAAN MOGOT RAYA A17-18 BLOK - NO.119 RT:006','RW:005 KEL.DURI KEPA KEC.KEBON JERUK KOTA/KAB.JAKARTA BARAT DKI JAKARTA 11510','','','','','','','','','','','','',0,0.00,0.00,0.00,0.00,0.00,'PKP',0,0.00,0.00,0),('CS-0083','PT. MULTI EMPIRI PRIMA','','GADING GRIYA LESTARI RAYA BLOK E.3 NO.15 RT:001 RW:012 KEL.SUKAPURA KEC.CILINCING','KOTA/KAB.JAKARTA UTARA DKI JAKARTA','','','','','','','','','','','','',0,0.00,0.00,0.00,0.00,0.00,'PKP',0,0.00,0.00,0),('CS-0084','PT. BERKAT BAKTI WIJAYA SENTOSA','','KOMPLEK RUKO DUTA HARAPAN INDAH BLOK N NO.51 RT:000 RW:000 KEL.KAPUK MUARA','KEC.PENJARINGAN KOTA/KAB.JAKARTA UTARA DKI JAKARTA','','','','','','','','','','','','',0,0.00,0.00,0.00,0.00,0.00,'PKP',0,0.00,0.00,0),('CS-0085','MILFA KURNIA PRIBADY','','JL. KH DEWANTARA BLOK - NO.67 RT:021 RW:005 KEL.DANGDEUR KEC.SUBANG KOTA/KAB.SUBANG JAWA BARAT','','','','','','','','','','','','','',0,0.00,0.00,0.00,0.00,0.00,'PKP',0,0.00,0.00,0),('CS-0087','PT. PIRAMID CAHAYA ABADI','','GEDUNG LINEDETEVES TRADE CENTER LANTAI 1 BLOK B10 NO. 8 JL. HAYAM WURUK BLOK - NO.127','RT:000 RW:000 KEL.MANGGA BESAR KEC.TAMAN SARI KOTA/KAB.JAKARTA BARAT DKI JAKARTA 11180','','','','','','','','','','','','',0,0.00,0.00,0.00,0.00,0.00,'PKP',0,0.00,0.00,0),('CS-0088','PT INDOTECH METAL NUSANTARA','','KAWASAN INDUSTRI KIIC LOT C-7C JL. TOL JAKARTA - CIKAMPEK KM.47 TELUK JAMBE KARAWANG JAWA BARAT - 41','361 BLOK - NO.- RT:000 RW:000 KEL.- KEC.- KOTA/KAB.- - 00000','','','','','','','','','','','','',0,0.00,0.00,0.00,9412800.00,2217100.00,'PKP',0,0.00,0.00,0),('CS-0089','SURATMIN','','KP. NAGRAK RT. 003 RW. 003 KEL. NAGRAK KEC. GUNUNG PUTRI KOTA BOGOR JAWA BARAT','','','','','','','','','','','','','',0,0.00,0.00,0.00,0.00,0.00,'PKP',0,0.00,0.00,0),('CS-0090','JONY WISATA','','JL. KARYA BARAT IV BLOK - NO.- RT:000 RW:000 KEL.WIJAYA KUSUMA KEC.GROGOL PETAMBURAN','KOTA/KAB.JAKARTA BARAT DKI JAKARTA 11460','','','','','','','','','','','','',0,0.00,0.00,0.00,0.00,0.00,'PKP',0,0.00,0.00,0),('CS-0091','CV. YAMUNA INDAH','','JL. COKROAMINOTO BLOK A NO.57 RT:000 RW:000 KEL.PEMECUTAN KAJA KEC.DENPASAR BARAT','KOTA/KAB.DENPASAR BALI','','','','','','','','','','','','',0,0.00,0.00,0.00,0.00,0.00,'PKP',0,0.00,0.00,0),('CS-0092','DENI ARDIANSYAH','','JL. TENGGIRI NO. 5 RT.004 RW. 005 KEL. SEKETENG KEC. SUMBAWA NUSA TENGGARA BARAT','','','','','','','','','','','','','',0,0.00,0.00,0.00,0.00,0.00,'PKP',0,0.00,0.00,0),('CS-0093','PT. WAHANA MAKMUR ENGINEERING','','MURAI II BLOK J NO.97 RT:000 RW:000 KEL.SIMPANG TANJUNG KEC.MEDAN SUNGGAL KOTA/KAB.MEDAN','SUMATERA UTARA 20122','','','','','','','','','','','','',0,0.00,0.00,0.00,0.00,0.00,'PKP',0,0.00,0.00,0),('CS-0095','WAWAN','','KAYU JATI III RT.001 RW.005 KEL.RAWAMANGUN KEC.PULO GADUNG JAKARTA TIMUR','','','','','','','','','','','','','',0,0.00,0.00,0.00,0.00,0.00,'PKP',0,0.00,0.00,0),('CS-0096','PT TRAKINDO UTAMA','','KAVLING KOMERSIAL TAMAN TEKNO BLOK B SEKTOR XI BSD CITY NO.1 RT:000 RW:000 KEL.CIATER','KEC.SERPONG KOTA/KAB.TANGERANG SELATAN BANTEN 15317','','','','','','','','','','','','',0,0.00,0.00,0.00,0.00,0.00,'PKP',0,0.00,0.00,0),('CS-0097','MUHAMMAD RIZKY ILHAMSYAH','','PD BAMBU ASRI BRT II/14 RT.001 RW.009 KEL.PONDOK BAMBU KEC.DUREN SAWIT JAKARTA TIMUR','','','','','','','','','','','','','',0,0.00,0.00,0.00,0.00,0.00,'PKP',0,0.00,0.00,0),('CS-0098','PT. TRI MEGAH TEHNIK','','KOMPLEK PERGUDANGAN CITRA 8 L3 BLOK - NO.26 RT:000 RW:000 KEL.PEGADUNGAN KEC.KALIDERES','KOTA/KAB.JAKARTA BARAT DKI JAKARTA ','','','','','','','','','','','','',0,0.00,0.00,0.00,0.00,0.00,'PKP',0,0.00,0.00,0),('CS-0099','PT BUDI INDAH ABADI','','JL.RUHUI RAHAYU BLOK - NO.10 RT:055 RW:000 KEL.RUMAH POMPA KEC.BALIKPAPAN KOTA/KAB.BALIKPAPAN','KALIMANTAN TIMUR 73114','','','','','','','','','','','','',0,0.00,0.00,0.00,128850000.00,42736500.00,'PKP',0,0.00,0.00,0),('CS-0100','( RAJA POMPA ) SUSWANTI','','GG. BANTEN VIII NO. 17 RT/RW: 006/005 KEL. BALI MESTER KEC. JATINEGARA, JAKARTA TIMUR','','','','','','','','','','','','','',0,0.00,0.00,0.00,13703750.00,13703750.00,'PKP',0,0.00,0.00,0),('CS-0101','PT. SABAS DIAN BERSINAR','','JL. RAYA CIKANDE-RANGKASBITUNG KM, 4-6 KAMPUNG PAYA BLOK - NO.- RT:000 RW:000 KEL.JUNTI','KEC.JAWILAN KOTA/KAB.SERANG BANTEN ','','','','','','','','','','','','',0,0.00,0.00,0.00,0.00,0.00,'PKP',0,0.00,0.00,0),('CS-0102','( PT. MITRA ERATAMA ) SANIA ZAHRA AMELIA','','JL. KP MELAYU BARAT BLOK - NO.23 RT:006 RW:006 KEL.BUKIT DURI KEC.TEBET KOTA/KAB.JAKARTA SELATAN DKI','','','','','','','','','','','','','',0,0.00,0.00,0.00,0.00,0.00,'PKP',0,0.00,0.00,0),('CS-0103','PT. POHON MAS SEJAHTERA','','TAMAN PULO INDAH BLOK L NO.26 RT:002 RW:018 KEL.PENGGILINGAN KEC.CAKUNG KOTA/KAB.JAKARTA TIMUR 13940','','','','','','','','','','','','','',0,0.00,0.00,0.00,0.00,0.00,'PKP',0,0.00,0.00,0),('CS-0104','PT SENTRA MEDIA PARIWARA','','JL. DURI RAYA BLOK - NO.78 RT:002 RW:007 KEL.DURI KELAPA KEC.JAKARTA BARAT KOTA/KAB.JAKARTA BARAT ','','','','','','','','','','','','','',0,0.00,0.00,0.00,0.00,0.00,'PKP',0,0.00,0.00,0),('CS-0105','WELEM PANDIE','','JLN. JHON AMALO RT.011 RW.002 KEL. NUNLEU KEC. KOTA RAJA KUPANG NUSA TENGGARA TIMUR','','','','','','','','','','','','','',0,0.00,0.00,0.00,0.00,0.00,'PKP',0,0.00,0.00,0),('CS-0106','YAYA MULYANA','','PUNCAK CISARUA BOGOR ','','','','','','','','','','','','','',0,0.00,0.00,0.00,0.00,0.00,'PKP',0,0.00,0.00,0),('CS-0107','CV UMBUL SITI','','JL. INDUSTRI XXII BLOK - NO.541 RT:000 RW:000 KEL.MUKTIHARJO LOR KEC.GENUK KOTA/KAB.SEMARANG JAWA TE','','','','','','','','','','','','','',0,0.00,0.00,0.00,51300000.00,21300000.00,'PKP',0,0.00,0.00,0),('CS-0108','MUHAMAD IMAM TAUFIK','','JL. JEND SUDIRMAN BLOK - NO.- RT:005 RW:006 KEL.RATU MERAH KEC.SIRIMAU KOTA/KAB.AMBON MALUKU','','','','','','','','','','','','','',0,0.00,0.00,0.00,0.00,0.00,'PKP',0,0.00,0.00,0),('CS-0109','CV KRISMA PERKASA ENGINEERING','','JL.SIMPANG DARMO PERMAI SELATAN BLOK 5 NO.51 RT:006 RW:008 KEL.PRADAH KALI KENDAL','KEC.DUKUH PAKIS KOTA/KAB.SURABAYA JAWA TIMUR 60226','','','','','','','','','','','','',0,0.00,0.00,0.00,0.00,0.00,'PKP',0,0.00,0.00,0),('CS-0110','PT. ELSTARINDO JAYA TEKNIK','','LTC GLODOK LANTAI UG BLOK B6 NO.3 RT:000 RW:000 KEL.MANGGA BESAR KEC.TAMAN SARI','KOTA/KAB.JAKARTA BARAT DKI JAKARTA ','','','','','','','','','','','','',0,0.00,0.00,0.00,0.00,0.00,'PKP',0,0.00,0.00,0),('CS-0111','CV SENTRATAMA SEJAHTERA','','PONDOK MUTIARA BLOK CG/48 NO.- RT:029 RW:013 KEL.BANJARBENDO KEC.SIDOARJO','KOTA/KAB.SIDOARJO JAWA TIMUR','','','','','','','','','','','','',0,0.00,0.00,0.00,0.00,0.00,'PKP',0,0.00,0.00,0),('CS-0112','CV MEKAR SARI','','JL. GN TALANG BLOK - NO.17A RT:000 RW:000 KEL.PADANG SAMBIAN KEC.DENPASAR BARAT','KOTA/KAB.DENPASAR BALI 80117','','','','','','','','','','','','',0,0.00,0.00,0.00,0.00,0.00,'PKP',0,0.00,0.00,0),('CS-0113','PT OSMO MARINA MANDIRI','','GD MEGA GLODOK KEMAYORAN LT GF BLOK B.5 NO.5 RT:000 RW:000 KEL.GUNUNG SAHARI','KEC.KEMAYORAN KOTA/KAB.JAKARTA PUSAT DKI JAKARTA 10610','','','','','','','','','','','','',0,0.00,0.00,0.00,22500000.00,0.00,'PKP',0,0.00,0.00,0),('CS-0114','VIVIANI','','JL.KARYA BARAT V NO.15 RT.16 RW.003 GROGOL JAKARTA BARAT ','','','','','','','','','','','','','',0,0.00,0.00,0.00,0.00,0.00,'PKP',0,0.00,0.00,0),('CS-0115','BELIA','','JL. RAYA SERANG KM. 30 RT.003 RW.004 GEMBONG KEL. CANGKUDU KEC.BALARAJA TANGERANG BANTEN 15610','','','','','','','','','','','','','',0,0.00,0.00,0.00,0.00,0.00,'PKP',0,0.00,0.00,0),('CS-0116','BP. ALFAREZA SANDY','','JL. PULAU PISANG 1 NO. 133','','','','','','0813 6676 9540','','','','','','','',0,0.00,0.00,0.00,0.00,0.00,'PKP',0,0.00,0.00,0),('CS-0117','BP. GUNTUR / RT. YAMAN','','JL. SURYA TIMUR NO. 38, KEBUN JERUK, JAKARTA BARAT  ','','','','','','','','','','','','','',0,0.00,0.00,0.00,0.00,0.00,'PKP',0,0.00,0.00,0),('CS-0118','PT. KEBUN TEBU MAS','','JALAN RAYA BABAT - JOMBANG KM 25.5 BLOK - NO.- RT:000 RW:000 KEL.LAMONGREJO KEC.NGIMBANG','KOTA/KAB.LAMONGAN JAWA TIMUR 62273','','','','','','','','','','','','',0,0.00,0.00,0.00,0.00,0.00,'PKP',0,0.00,0.00,0),('CS-0119','IBU RAHAYU','','JL. BINTARO RAYA NO. 1 TANAH KUSIR, JAKARTA SELATAN ','','','','','','0822 8120 2020','','','','','','','',0,0.00,0.00,0.00,0.00,0.00,'PKP',0,0.00,0.00,0),('CS-0120','BP. TEGUH ARIF','','MCCOE ROOM, GEOSTECH BUILDING, 2ND FLOOR, TANGERANG SELATAN ','','','','','','0813 1516 6785','','','','','','','',0,0.00,0.00,0.00,0.00,0.00,'PKP',0,0.00,0.00,0),('CS-0121','BP. GUS AHMAD','','JL. PURI PERMAI, BLOK H10 NO. 1, TANGERANG','','','','','','0859 2148 2263','','','','','','','',0,0.00,0.00,0.00,3040000.00,0.00,'PKP',0,0.00,0.00,0),('CS-0122','IBU CRISTINE','','JL. KOLONEL SUGIONO NO. 107, JAWA TIMUR','','','','','','0812 3160 5489','','','','','','','',0,0.00,0.00,0.00,0.00,0.00,'PKP',0,0.00,0.00,0),('CS-0123','BOBY','','JL. RIAU NO. 50, SINAPELAN, PEKANBARU','','','','','','0819 9026 2600','','','','','','','',0,0.00,0.00,0.00,900000.00,0.00,'PKP',0,0.00,0.00,0),('CS-0124','IBU INDRI NATALIA','','JL. TUPARRV NO. 251, KARAWANG ','','','','','','0822 1000 1089','','','','','','','',0,0.00,0.00,0.00,0.00,0.00,'PKP',0,0.00,0.00,0),('CS-0125','IBU JESSICA','','VICTORIA PARK RESIDENCE, BOJONG RAYA, BLOK D N0.18, TANGERANG ','','','','','','0896 8749 3150','','','','','','','',0,0.00,0.00,0.00,0.00,0.00,'PKP',0,0.00,0.00,0),('CS-0126','CV. ANUGRAH POMPA ( BP. AGUS )','','KOLAM RONGCUYU DESA SIMO, BALEREJO, MADIUN, JAWA TIMUR ','','','','','','0857 8689 2937','','','','','','','',0,0.00,0.00,0.00,0.00,0.00,'PKP',0,0.00,0.00,0),('CS-0127','BP. NURSYAMSIAH AAN','','PT. CRI FLUID SYSTEM, TARUMAJAYA, BEKASI','','','','','','0812 9088 0500','','','','','','','',0,0.00,0.00,0.00,0.00,0.00,'PKP',0,0.00,0.00,0),('CS-0128','BP. RUDY CHANDRA','','APARTEMEN GREEN PALM RESIDENCE LT. 16','','','','','','0812 1813 1518','','','','','','','',0,0.00,0.00,0.00,0.00,0.00,'PKP',0,0.00,0.00,0),('CS-0129','PT. HAENG NAM SEJAHTERA INDONESIA','','DESA CICADAS BLOK - NO.- RT:003 RW:001 KEL.CICADAS KEC.GUNUNG PUTRI KOTA/KAB.BOGOR','','','','','','','','','','','','','',0,0.00,0.00,0.00,0.00,0.00,'PKP',0,0.00,0.00,0),('CS-0130','MAMA CIKA','','PERUM ALINDA 2 BLOK B3 NO. 9, BEKASI','','','','','','0813 9244 8558','','','','','','','',0,0.00,0.00,0.00,0.00,0.00,'PKP',0,0.00,0.00,0),('CS-0131','IBU ANTIK','','JAKARTA ','','','','','','0813 9244 8558','','','','','','','',0,0.00,0.00,0.00,2100000.00,500000.00,'PKP',0,0.00,0.00,0),('CS-0132','BP. GALA AJI SANGKAKALA','','JL. KAUMAN NO. 528 RT. 02 RW. 10, JAWA TIMUR ','','','','','','0877 4138 4792','','','','','','','',0,0.00,0.00,0.00,0.00,0.00,'PKP',0,0.00,0.00,0),('CS-0133','BP. RICKO WIJAYA','','MESS PT. CBN RUMAH BU NIA RT. 004, BANDUNG','','','','','','0812 7000 8982','','','','','','','',0,0.00,0.00,0.00,0.00,0.00,'PKP',0,0.00,0.00,0),('CS-0134','NUR AMIN','','JL. PERINTIS KEMERDEKAAN 12 LRG. 1 NO. 236, MAKASSAR','','','','','','0852 5570 2002','','','','','','','',0,0.00,0.00,0.00,0.00,0.00,'PKP',0,0.00,0.00,0),('CS-0135','CINTIA RISMA','','BUMI SERANG BARU DD NO. 25, SERANG - BANTEN','','','','','','0878 7599 5221','','','','','','','',0,0.00,0.00,0.00,0.00,0.00,'PKP',0,0.00,0.00,0),('CS-0136','CIU KIONG','','JL. RAWASARI BLOK CC NO. 43 TANJUNG PINANG, RIAU','','','','','','0811 779 186','','','','','','','',0,0.00,0.00,0.00,0.00,0.00,'PKP',0,0.00,0.00,0),('CS-0137','BAYU (FREDY)','','RUKO FLORITE BLOK FR N0. 47 GADING SERPONG TANGERANG - KELAPA DUA BANTEN 15810','','','','','','','','','','','','','',0,0.00,0.00,0.00,0.00,0.00,'PKP',0,0.00,0.00,0),('CS-0138','THIO','','JL RAYA MANDALA NO. 446 ','','','','','','','','','','','','','',0,0.00,0.00,0.00,0.00,0.00,'PKP',0,0.00,0.00,0),('CS-0139','CALVIN BEALE','','JL. PUCUK BANG, VILLA NO. 2 BANJAR TANGTU ','','','','','','081248416301','','','','','','','',0,0.00,0.00,0.00,0.00,0.00,'PKP',0,0.00,0.00,0),('CS-0140','PT. BROCO AERATED CONCRETE INDUSTRY','','JL RAYA SERANG KM.59 BLOK - NO.- RT:000 RW:000 KEL.SITU TERATE KEC.CIKANDE KOTA/KAB.SERANG BANTEN 42','','','','','','','','','','','','','',0,0.00,0.00,0.00,0.00,0.00,'PKP',0,0.00,0.00,0),('CS-0141','FAISAL REZA','','JL. TGK DI LHONG II LR. CENDANA NO. 299','','','','','','085277577670','','','','','','','',0,0.00,0.00,0.00,0.00,0.00,'PKP',0,0.00,0.00,0),('CS-0142','ANDRI','','JL. DI PANJAITAN JATNEGARA JAKARTA TIMUR 13650 (POM BENSIN KEMHAN)','','','','','','','','','','','','','',0,0.00,0.00,0.00,0.00,0.00,'PKP',0,0.00,0.00,0),('CS-0143','PT CRI FLUID SYSTEMS','','JL. KAWASAN MARUNDA CENTER TARUMAJAYA BEKASI','','','','','','','','','','','','','',0,0.00,0.00,0.00,0.00,0.00,'PKP',0,0.00,0.00,0),('CS-0144','ASEP','','PURI BUMI RESPATI JL. SMEA 33 SMIK KEC.CIPAYUNG JAKARTA TIMUR ','','','','','','','','','','','','','',0,0.00,0.00,0.00,0.00,0.00,'PKP',0,0.00,0.00,0),('CS-0145','HARYANTO','','JL. KARBELA SELATAN BLOK - NO.14 RT:005 RW:004 KEL.KARET KEC.SETIABUDI KOTA/KAB.JAKARTA','SELATAN DKI JAKARTA 12920','','','','','','','','','','','','',0,0.00,0.00,0.00,0.00,0.00,'PKP',0,0.00,0.00,0),('CS-0146','( PT. CIPTA GUNA ) AGUSTINE ZAHARANI','','TULUS HARAPAN BT NO. 5 RT.005 RW.009 KEL. SENDANGMULYO KEC. TEMBALANG SEMARANG JAWA TENGAH','','','','','','','','','','','','','',0,0.00,0.00,0.00,0.00,0.00,'PKP',0,0.00,0.00,0),('CS-0147','( CV. BINA JASA ) WAWAN SAPUTRA RAZAK','','JL. SAO-SAO RT.001 RW.003 KEL.BENDE KEC.KADIA KENDARI SULAWESI TENGGARA','','','','','','','','','','','7471031306640002','','',0,0.00,0.00,0.00,0.00,0.00,'PKP',0,0.00,0.00,0),('CS-0148','HENRY GOZAL','','PLUIT KARANG TIMUR BLOK O.8.7 NO.56 RT.005 RW.014 KEL.PLUIT KEC.PENJARINGAN JAKARTA UTARA','','','','','','','','','','','','','',0,0.00,0.00,0.00,0.00,0.00,'PKP',0,0.00,0.00,0),('CS-0149','PT. HALIM JAYA SELARAS','','JL.KOL BUSTOMI BLOK - NO.- RT:000 RW:000 KEL.WARUNG MENTENG KEC.CIJERUK KOTA/KAB.BOGOR JAWA BARAT','','','','','','','','','','','','','',0,0.00,0.00,0.00,0.00,0.00,'PKP',0,0.00,0.00,0),('CS-0150','PT GREENFIELDS INDONESIA','','DUSUN MADUARJO BLOK - NO.- RT:003 RW:002 KEL.BABADAN KEC.NGAJUM KOTA/KAB.MALANG JAWA TIMUR','','','','','','','','','','','','','',0,0.00,0.00,0.00,0.00,0.00,'PKP',0,0.00,0.00,0),('CS-0151','ANDIK SUSILO (NENENG)','','KEDUNG WONOKERTO RT. 7 RW. 1 NO. 3 ( RUMAH PAK KAMAL ) ','','','','','','','','','','','','','',0,0.00,0.00,0.00,0.00,0.00,'PKP',0,0.00,0.00,0),('CS-0152','BP DECKY','','JAKARTA','','','','','','','','','','','','','',0,0.00,0.00,0.00,0.00,0.00,'PKP',0,0.00,0.00,0),('CS-0153','MAHARANI ADITYA','','JAKARTA','','','','','','','','','','','','','',0,0.00,0.00,0.00,0.00,0.00,'PKP',0,0.00,0.00,0),('CS-0154','DEVI KURNIAWAN','','CILEGON CITANGKIL BANTEN ','','','','','','','','','','','','','',0,0.00,0.00,0.00,0.00,0.00,'PKP',0,0.00,0.00,0),('CS-0155','BP ERWAN MAULANA','','PADEMANGAN 1 GANG 1 15 NO. 2 JAKARTA UTARA ','','','','','','','','','','','','','',0,0.00,0.00,0.00,85000.00,0.00,'PKP',0,0.00,0.00,0),('CS-0156','HERMANSYAH','','JAKARTA','','','','','','','','','','','','','',0,0.00,0.00,0.00,0.00,0.00,'PKP',0,0.00,0.00,0),('CS-0157','TJONDRA','','JAKARTA','','','','','','','','','','','','','',0,0.00,0.00,0.00,90000.00,0.00,'PKP',0,0.00,0.00,0),('CS-0158','IBU MEYIN','','JL RAYA WIYUNG BARU BLOK BB7 SURABAYA','','','','','','','','','','','','','',0,0.00,0.00,0.00,0.00,0.00,'PKP',0,0.00,0.00,0),('CS-0159','PENGURUS RT.014 RW. 06','','PENGURUS RT. 014 RW. 06, TAMAN WALLET INDAH ','','','','','','','','','','','','','',0,0.00,0.00,0.00,545000.00,0.00,'PKP',0,0.00,0.00,0),('CS-0160','BP. ANDIKA','','JL JOJORAN GANG 3B NO. 18 GUBENG, SURABAYA','','','','','','','','','','','','','',0,0.00,0.00,0.00,0.00,0.00,'PKP',0,0.00,0.00,0),('CS-0161','BAPAK LUCKY','','JAKARTA','','','','','','','','','','','','','',0,0.00,0.00,0.00,0.00,0.00,'PKP',0,0.00,0.00,0),('CS-0162','BAPAK RIAN MAULANA','','KP PAMATUTAN TENGAH, SUNDAWENANG - PARUNG SUKABUMI','','','','','','','','','','','','','',0,0.00,0.00,0.00,121054504.00,0.00,'PKP',0,0.00,0.00,0),('CS-0163','BAPAK PRIYO KISWANTORO','','JL JENDERAL SUDIRMAN KM.23 KOMPLEK PLN GEDUNG GITET UNGARAN, SEMARANG - JAWA TENGAH','','','','','','','','','','','','','',0,0.00,0.00,0.00,0.00,0.00,'PKP',0,0.00,0.00,0),('CS-0164','IBU RAMAWATI','','TAMAN PALEM LESTARI A10, CENGKARENG JAKARTA BARAT','','','','','','','','','','','','','',0,0.00,0.00,0.00,0.00,0.00,'PKP',0,0.00,0.00,0),('CS-0165','JANNET DWI S','','JL. RAYA PERANCIS NO. 2 KAWASAN PERGUDANGAN DADAP BLOK CJ NO. 26 TANGERANG ','','','','','','','','','','','','','',0,0.00,0.00,0.00,140000.00,0.00,'PKP',0,0.00,0.00,0),('CS-0166','ZAELANI','','KP BABAKAN SUKAMAJU RT.012 RW.005 KEL. GANJARSARI KEC. CILELES BANTEN','','','','','','','','','','','','','',0,0.00,0.00,0.00,0.00,0.00,'PKP',0,0.00,0.00,0),('CS-0167','BAGUS REMI S SIHOMBING','','KP. SUMUR NO. 9 RT.007 RW.010 KEL.KLENDER KEC.DUREN SAWIT JAKARTA TIMUR','','','','','','','','','','','','','',0,0.00,0.00,0.00,13500000.00,0.00,'PKP',0,0.00,0.00,0),('CS-0168','HERI TRIYANO','','JL. PEDURUNGAN TENGAH VB NO. 3 KEL PEDURUNGAN TENGAH','','','','','','','','','','','','','',0,0.00,0.00,0.00,0.00,0.00,'PKP',0,0.00,0.00,0),('CS-0169','BPK. AKHAL','','JL. WARTAWAN IV NO. 13 TURUNGGA LENGKONG, BANDUNG','','','','','','','','','','','','','',0,0.00,0.00,0.00,0.00,0.00,'PKP',0,0.00,0.00,0),('CS-0170','PT. ONNA PRIMA UTAMA','','JL. KAPUK UTARA 1 BLOK - NO.3 & 5 RT:001 RW:003 KEL.KAPUK MUARA KEC.PENJARINGAN','KOTA/KAB.JAKARTA UTARA DKI JAKARTA 14460','','','','','','','','','','','','',0,0.00,0.00,0.00,31635000.00,31136250.00,'PKP',0,0.00,0.00,0),('CS-0171','RITA REBEKHA LYMAN','','KOTA BNI JL. JEND SUDIRMAN KAV 1 RT. 008 RW.008 KEL. KARET TENGSIN KEC. TANAH ABANG','','','','','','','','','','','','','',0,0.00,0.00,0.00,0.00,0.00,'PKP',0,0.00,0.00,0),('CS-0172','PT. WIDA AGUNG MAKMUR PERSADA','','GD PURI INDAH FINANCIAL TOWER LT 20 UNIT 2001-2003 JL PURI INDAH RAYA BLOK T NO.08 RT:001','RW:002 KEL.KEMBANGAN SELATAN KEC.KEMBANGAN KOTA/KAB.JAKARTA BARAT DKI JAKARTA 11610','','','','','','','','','','','','',0,0.00,0.00,0.00,39156500.00,0.00,'PKP',0,0.00,0.00,0),('CS-0173','CV. TRESNO AJI','','JL. PENATON BLOK - NO.62 RT:000 RW:000 KEL.BARUSARI KEC.SEMARANG SELATAN','KOTA/KAB.SEMARANG JAWA TENGAH 50245','','','','','','','','','','','','',0,0.00,0.00,0.00,28320000.00,12420000.00,'PKP',0,0.00,0.00,0),('CS-0174','PT. JASA TIRTA ENERGI','','KANTOR TOKO MEGA GLODOK KEMAYORAN BLOK C NO.16 RT:000 RW:000 KEL.GUNUNG SAHARI','SELATAN KEC.KEMAYORAN KOTA/KAB.JAKARTA PUSAT DKI JAKARTA','','','','','','','','','','','','',0,0.00,0.00,0.00,0.00,0.00,'PKP',0,0.00,0.00,0),('CS-0175','BOBI NOFRIZAL','','JL. PERTENGAHAN GG IKHLAS I RT.013 RW.007 KEL.CIJANTUNG KEC.PASAR REBO JAKARTA TIMUR','','','','','','','','','','','','','',0,0.00,0.00,0.00,0.00,0.00,'PKP',0,0.00,0.00,0),('CS-0176','YUDA GUSTIAR','','JL. ASMA TRIBATA GG. CEMARA-MERANTI RIAU ','','','','','','','','','','','','','',0,0.00,0.00,0.00,0.00,0.00,'PKP',0,0.00,0.00,0),('CS-0177','PT UWT INDONESIA','','RUKAN KIRANA BOUTIQUE JL. KIRANA AVENUE III BLOK E2 NO.5 RT:000 RW:000 KEL.KELAPA GADING','TIMUR KEC.KELAPA GADING KOTA/KAB.JAKARTA UTARA DKI JAKARTA ','','','','','','','','','','','','',0,0.00,0.00,0.00,0.00,0.00,'PKP',0,0.00,0.00,0),('CS-0178','PT CENTRAL KURNIA PRATAMA','','JL. HAYAM WURUK NO.127 LTC LT UG A1 NO.06 BLOK - NO.- RT:000 RW:000 KEL.MANGGA BESAR','KEC.TAMAN SARI KOTA/KAB.JAKARTA BARAT DKI JAKARTA','','','','','','','','','','','','',0,0.00,0.00,0.00,0.00,0.00,'PKP',0,0.00,0.00,0),('CS-0179','M. IRFAN','','KP. SEMPLAK RT.002 RW.004 KAB.BUBULAK KEC.BOGOR BARAT JAWA BARAT','','','','','','','','','','','','','',0,0.00,0.00,0.00,120624000.00,0.00,'PKP',0,0.00,0.00,0),('CS-0180','RUDY ADRIYANSAH','','KP. MANCLEU RT.007 RW.002 KEL.BOJONGASIH KEC.PARAKAN SALAK','','','','','','','','','','','','','',0,0.00,0.00,0.00,118122496.00,0.00,'PKP',0,0.00,0.00,0),('CS-0181','PT. DUTA UTAMA SENJAYA','','JL. ARGA PATUHA BLOK D5 NO.19 RT:000 RW:000 KEL.KOTASARI KEC.GROGOL KOTA/KAB.CILEGON BANTEN','','','','','','','','','','','','','',0,0.00,0.00,0.00,0.00,0.00,'PKP',0,0.00,0.00,0),('CS-0182','CV. CIPTA KARYA ADI','','JL. WISMA MENANGGAL BLOK - NO.- RT:000 RW:000 KEL.MENANGGAL KEC.GAYUNG KOTA/KAB.SURABAYA JAWA TIMUR ','','','','','','','','','','','','','',0,0.00,0.00,0.00,0.00,0.00,'PKP',0,0.00,0.00,0),('CS-0183','PT. MUSTIKA SHIYE INDONESIA','','SHOPHOUSE R6 BIZPOINT BLOK - NO.52 RT:000 RW:000 KEL.SUKA MULYA KEC.CIKUPA ','KOTA/KAB.TANGERANG BANTEN','','','','','','','','','','','','',0,0.00,0.00,0.00,0.00,0.00,'PKP',0,0.00,0.00,0),('CS-0184','PT. SRIREJEKI PERDANA STEEL','','KAMPUNG GOMBONG BLOK - NO.- RT:002 RW:005 KEL.PASIR GOMBONG KEC.CIKARANG UTARA','KOTA/KAB.BEKASI JAWABARAT 17520','','','','','','','','','','','','',0,0.00,0.00,0.00,0.00,0.00,'PKP',0,0.00,0.00,0),('CS-0185','PT. GEASINDO TEKNIK PRIMA','','JL. KAJI RAYA BLOK - NO.28 RT:000 RW:000 KEL.PETOJO UTARA KEC.GAMBIR KOTA/KAB.JAKARTA PUSAT','','','','','','','','','','','','','',0,0.00,0.00,0.00,0.00,0.00,'PKP',0,0.00,0.00,0),('CS-0186','CV. DEKA SURYA ENERGI UTAMA','','LINGKUNGAN TELAGA BERTONG BLOK A NO.00 RT:002 RW:004 KEL.TELAGA BERTONG KEC.TALIWANG','KOTA/KAB.SUMBAWA BARAT NUSA TENGGARA BARAT 84455','','','','','','','','','','','','',0,0.00,0.00,0.00,0.00,0.00,'PKP',0,0.00,0.00,0),('CS-0187','BASTIAN YULIANTO','','BEKASI UTARA ','','','','','','','','','','','','','',0,0.00,0.00,0.00,85000.00,0.00,'PKP',0,0.00,0.00,0),('CS-0188','PT SINAR INDONESIA LOKA','','JL.RAYA TAJUR BLOK - NO.123 RT:001 RW:006 KEL.TAJUR KEC.BOGOR TIMUR KOTA/KAB.BOGOR JAWA BARAT','','','','','','','','','','','','','',0,0.00,0.00,0.00,0.00,0.00,'PKP',0,0.00,0.00,0),('CS-0189','BAPAK RONALD RENDIAWAN','','JL RUHUI RAHAYU BLOK A1 NO 10 RT 01, GUNUNG BAHAGIA BALIKPAPAN','','','','','','','','','','','','','',0,0.00,0.00,0.00,2060004.00,2005600.00,'PKP',0,0.00,0.00,0),('CS-0190','APPATINDO JATENG (DR. HADIYAH MELANIE)','','JL. KANO RAYA NO. 134 RT.002 RW.006 KEL.PAKULONAN BARAT KEC.KELAPA DUA','','','','','','','','','','','','','',0,0.00,0.00,0.00,5329998.00,5330000.00,'PKP',0,0.00,0.00,0),('CS-0191','OTONG AZHARI','','KP. BALI RT.009 RW.004 KEL.KALIDERES KEC.KALIDERES JAKARTA BARAT','','','','','','','','','','','','','',0,0.00,0.00,0.00,8800000.00,8800000.00,'PKP',0,0.00,0.00,0),('CS-0192','PT. MAJU MAKMUR GROUP','','KOMPLEK PERGUDANGAN SENTRAL MARGOMULYO PERMAI BLOK B NO.30 ','RT:000 RW:000 KEL.TANJUNGSARI KEC.SUKOMANUNGGAL KOTA/KAB.SURABAYA ','JAWA TIMUR','','','','','','','','','','','',0,0.00,0.00,0.00,0.00,0.00,'PKP',0,0.00,0.00,0),('CS-0193','PT TIRTA ALAM SEGAR','','KAWASAN INDUSTRI MM2100 JL. KALIMANTAN BLOK B1-2 NO.- RT:000 RW:000 ','KEL.- KEC.CIKARANG BARAT KOTA/KAB.BEKASI ','JAWA BARAT','','','','','','','','','','','',0,0.00,0.00,0.00,19702500.00,19699600.00,'PKP',0,0.00,0.00,0),('CS-0194','AGUS TRIYADI','','MAMPANG RT.005 RW.006 KEL. MAMPANG KEC. PANCORAN MAS','','','','','','','','','','','','','',0,0.00,0.00,0.00,79093384.00,54165000.00,'PKP',0,0.00,0.00,0),('CS-0195','LA SENGGO, SH','','JL. MADE SABARA RT.027 RW.007 ','KEL.MANDONGA KEC.MANDONGA KENDARI','','','','','','','','','','','','',0,0.00,0.00,0.00,0.00,0.00,'PKP',0,0.00,0.00,0),('CS-0196','SARIMAN','','JR. BUKIT SUBUR KEL.RANAH PALABI KEC.TIMPEH SUMATERA BARAT','','','','','','','','','','','','','',0,0.00,0.00,0.00,0.00,0.00,'PKP',0,0.00,0.00,0),('CS-0197','PT KILANG PERTAMINA INTERNASIONAL','','GEDUNG UTAMA PERTAMINA LT 14 MEDAN MERDEKA TIMUR BLOK - NO.- RT:000 RW:000 KEL.GAMBIR','KEC.GAMBIR KOTA/KAB.JAKARTA PUSAT DKI JAKARTA 10110','','','','','','','','','','','','',0,0.00,0.00,0.00,0.00,0.00,'PKP',0,0.00,0.00,0),('CS-0198','ANDRI CINDI ADAM','','BEKASI UTARA ','','','','','','','','','','','','','',0,0.00,0.00,0.00,0.00,0.00,'PKP',0,0.00,0.00,0),('CS-0199','PT. BIRO TEKNIK TUNAS SERVIS','','JL. SEMANAN RAYA 3 BLOK - NO.114 RT:006 RW:008 KEL.SEMANAN KEC.KALIDERES KOTA/KAB.JAKARTA BARAT','','','','','','','','','','','','','',0,0.00,0.00,0.00,0.00,0.00,'PKP',0,0.00,0.00,0),('CS-0200','PT PUTRA SINAR PERMAJA','','JL RA KARTINI KAV 8 BLOK - NO.- RT:010 RW:004 KEL.CILANDAK BARAT KEC.CLANDAK','KOTA/KAB.JAKARTA SELATAN DKI JAKARTA 12430','','','','','','','','','','','','',0,0.00,0.00,0.00,7881000.00,1201750.00,'PKP',0,0.00,0.00,0),('CS-0201','PT. NASTITI KARYA LESTARI','','GEDUNG NASTITI JL. SUPRIYADI BLOK - NO.11 RT:008 RW:003 KEL.SUSUKAN KEC.CIRACAS','KOTA/KAB.JAKARTA TIMUR DKI JAKARTA 13750','','','','','','','','','','','','',0,0.00,0.00,0.00,0.00,0.00,'PKP',0,0.00,0.00,0),('CS-0202','PT. MULIA ADHITAMA SEJATI','','KAWASAN INDUSTRI PANCAMATA JL.PANCATAMA VI KAV.59 BLOK A-B NO.000 RT:005 RW:002','KEL.LEUWILIMUS KEC.CIKANDE KOTA/KAB.SERANG BANTEN','','','','','','','','','','','','',0,0.00,0.00,0.00,0.00,0.00,'PKP',0,0.00,0.00,0),('CS-0203','PT. LIZA CHRISTINA GARMENT INDUSTRY','','JL. SELABINTANA BLOK - NO.41 RT:007 RW:002 KEL.CISARUA KEC.CIKOLE KOTA/KAB.SUKABUMI JAWA','','','','','','','','','','','','','',0,0.00,0.00,0.00,0.00,0.00,'PKP',0,0.00,0.00,0),('CS-0204','IBU NUR ROHAYATI','','JL MELATI NO 30 RT 05 RW 02 CILANCAK TIMUR, PASAR MINGGU','','','','','','','','','','','','','',0,0.00,0.00,0.00,0.00,0.00,'PKP',0,0.00,0.00,0),('CS-0205','PT. PERDANA KARYA MANDIRI SEJAHTERA','','RUKO GRAND PORIS BLOK A 12 NO.7 A RT:013 RW:009 KEL.CIPONDOH INDAH KEC.CIPONDOH','KOTA/KAB.TANGERANG BANTEN 15148','','','','','','','','','','','','',0,0.00,0.00,0.00,0.00,0.00,'PKP',0,0.00,0.00,0),('CS-0206','PT. SAMSTEX POLIMER MANDIRI','','GEDUNG LINDETEVES TRADE CENTER LT 1 BLOK B1 NO 6, JL HAYAM WURUK BLOK - NO.127 RT:001','RW:006 KEL.MANGGA BESAR KEC.TAMAN SARI KOTA/KAB.JAKARTA BARAT DKI JAKARTA 11180','','','','','','','','','','','','',0,0.00,0.00,0.00,0.00,0.00,'PKP',0,0.00,0.00,0),('CS-0207','PT. BINTANG BANGUN MANDIRI','','JL. SUKAJADI NO. 137 - 139 BANDUNG 40162 - INDONESIA ','','','','','','','','','','','','','',0,0.00,0.00,0.00,0.00,0.00,'PKP',0,0.00,0.00,0),('CS-0208','CV. ADITYA PRATAMA','','DESA SEJANGAT BLOK - NO.- RT:001 RW:004 KEL.SEJANGAT KEC.BUKIT BATU KOTA/KAB.BENGKALIS RIAU 28761','','','','','','','','','','','','','',0,0.00,0.00,0.00,0.00,0.00,'PKP',0,0.00,0.00,0),('CS-0209','DADAN ISKANDAR','','STADION NO. 6 KEC.MANDAU KAB. BENKALIS RIAU ','','','','','','','','','','','','','',0,0.00,0.00,0.00,0.00,0.00,'PKP',0,0.00,0.00,0),('CS-0210','PT. PARAMITRA MULTI PRAKASA','','RUKO MUTIARA TAMAN PALEM BLOK C-19 NO.86 RT:000 RW:000 KEL.CENGKARENG TIMUR','KEC.CENGKARENG KOTA/KAB.JAKARTA BARAT DKI JAKARTA 11730','','','','','','','','','','','','',0,0.00,0.00,0.00,0.00,0.00,'PKP',0,0.00,0.00,0),('CS-0211','BUDIHARJO','','LEGOK PERMAI BLOK II/B2 NO.- RT:026 RW:007 KEL.LEGOK KEC.LEGOK KOTA/KAB.TANGERANG BANTEN','','','','','','','','','','','','','',0,0.00,0.00,0.00,0.00,0.00,'PKP',0,0.00,0.00,0),('CS-0212','CV. NAYOTTAMA','','KP. PANONGAN BLOK - NO.1C RT:001 RW:001 KEL.PANONGAN KEC.PANONGAN KOTA/KAB.TANGERANG','','','','','','','','','','','','','',0,0.00,0.00,0.00,26000000.00,0.00,'PKP',0,0.00,0.00,0),('CS-0213','PT. CIPTA SURYA MANDIRI JAYA','','VILA GADING HARAPAN JL. MANGGA X.2/35 BLOK - NO.- RT:011 RW:021 KEL.KEBALEN KEC.BABELAN','KOTA/KAB.BEKASI JAWA BARAT 17610','','','','','','','','','','','','',0,0.00,0.00,0.00,0.00,0.00,'PKP',0,0.00,0.00,0),('CS-0214','PT. PP LONDON SUMATRA INDONESIA TBK','','GD. ARIOBIMO SENTRAL LANTAI 12 JL. HR RASUNA SAID BLOK X-2 NO.KAV. 5 RT:000 RW:000','KEL.KUNINGAN TIMUR KEC.SETIABUDI KOTA/KAB.JAKARTA SELATAN DKI JAKARTA 12950','','','','','','','','','','','','',0,0.00,0.00,0.00,0.00,0.00,'PKP',0,0.00,0.00,0),('CS-0215','PT ALKONUSA TEKNIK INTI','','JL GADING KIRANA UTARA E 10 NO 37 RT 017 RW 008 JAKARTA UTARA','','','','','','','','','','','','','',0,0.00,0.00,0.00,0.00,0.00,'PKP',0,0.00,0.00,0),('CS-0216','HAIRIL DIAN','','JL. TJ. BARANGAN IR. TEMIANG X BLOK B NO. 1 ','','','','','','','','','','','','','',0,0.00,0.00,0.00,0.00,0.00,'PKP',0,0.00,0.00,0),('CS-0217','BUDI EKO WIRYANTO','','JL JANGKA NO 44A MEDAN PETISAH MEDAN BARU','','','','','','','','','','','','','',0,0.00,0.00,0.00,0.00,0.00,'PKP',0,0.00,0.00,0),('CS-0218','PT SALCON SAKTI','','JL DANAU SUNTER SELATAN BLOK O4 NO 29 SUNTER PODOMORO JAKARTA UTARA','','','','','','','','','','','','','',0,0.00,0.00,0.00,0.00,0.00,'PKP',0,0.00,0.00,0),('CS-0219','BAPAK TUBAGUS','','KARANG TENGAH, CILEDUG, TANGERANG','','','','','','','','','','','','','',0,0.00,0.00,0.00,0.00,0.00,'PKP',0,0.00,0.00,0),('CS-0220','BIMOAJI PRIBADI','','BEKASI ','','','','','','','','','','','','','',0,0.00,0.00,0.00,0.00,0.00,'PKP',0,0.00,0.00,0),('CS-0221','BAPAK ANDIK','','JL JOJORAN GANG 3B NO 18 GUBENG SURABAYA','','','','','','','','','','','','','',0,0.00,0.00,0.00,0.00,0.00,'PKP',0,0.00,0.00,0),('CS-0222','BAPAK RIZA ZAYA','','DESA CAKRU RT. 2 NO. 21, AMUNTANI UTARA, SULU SUNGAI UTARA','','','','','','','','','','','','','',0,0.00,0.00,0.00,439167.00,0.00,'PKP',0,0.00,0.00,0),('CS-0223','IBU WINDI','','TAMAN KOPO INDAH 1 BLOK K NO. 39, BANDUNG ','','','','','','','','','','','','','',0,0.00,0.00,0.00,6200830.00,0.00,'PKP',0,0.00,0.00,0),('CS-0224','IBU NURI','','JL. PLUIT KARANG JELITA NO. 45, BLOK 4 BELAKANG PASAR','','','','','','','','','','','','','',0,0.00,0.00,0.00,6200830.00,0.00,'PKP',0,0.00,0.00,0),('CS-0225','BAPAK EDRA BRAHMANTYA','','JL GAYUNG SARI TIMUR 3/30, SURABAYA ','','','','','','','','','','','','','',0,0.00,0.00,0.00,9386955.00,0.00,'PKP',0,0.00,0.00,0),('CS-0226','CV ALIRAN BERSAMA','','BALIKPAPAN','','','','','','','','','','','','','',0,0.00,0.00,0.00,0.00,0.00,'PKP',0,0.00,0.00,0),('CS-0227','JAENUDIN','','CIHERANG KAUM RT.005 RW.010 KEL.CIHERANG KEC.DRAMAGA BOGOR JAWABARAT','','','','','','','','','','','','','',0,0.00,0.00,0.00,93932000.00,0.00,'PKP',0,0.00,0.00,0),('CS-0228','BAPAK MOCH SUEB','','JL SEMARANG 704 DS SUGIHWARAS KAB TUBAN JAWA TIMUR','','','','','','','','','','','','','',0,0.00,0.00,0.00,0.00,0.00,'PKP',0,0.00,0.00,0),('CS-0229','BAPAK ANGGA','','KAWASAN INDUSTRI DAN PERGUDANGAN JL KAWASAN MARUNDA CENTER, BEKASI','','','','','','','','','','','','','',0,0.00,0.00,0.00,0.00,0.00,'PKP',0,0.00,0.00,0),('CS-0230','BAPAK DIKO','','SUKABUMI UTARA KEC KEBON JERUK JAKARTA BARAT','','','','','','','','','','','','','',0,0.00,0.00,0.00,0.00,0.00,'PKP',0,0.00,0.00,0),('CS-0231','PT. HARMONI PANCA UTAMA','','MENARA PALMA LANTAI 11 UNIT #11-01, JL.H.R RASUNA SAID BLOK X-2 NO.KAV.6 RT:000 RW:000 KEL.KUNINGAN','TIMUR KEC.SETIABUDI KOTA/KAB.JAKARTA SELATAN DKI JAKARTA 12950','','','','','','','','','','','','',0,0.00,0.00,0.00,0.00,0.00,'PKP',0,0.00,0.00,0),('CS-0232','BAPAK EDY KASTYONO SANTOSO','','HARTOCO INDAH BLOK I V NO 29 RT.004 RW.010 KEL.BALANG BARU KEC.TAMALATE','','','','','','','','','','','','','',0,0.00,0.00,0.00,25128008.00,25142400.00,'PKP',0,0.00,0.00,0),('CS-0233','FEBRIAN','','KUSUN KELABAT DARAT NO.27 RT.002 RW.000 KEL. KELABAT KEC.PARITTIGA','','','','','','','','','','','','','',0,0.00,0.00,0.00,0.00,0.00,'PKP',0,0.00,0.00,0),('CS-0234','PT. PILLARS COSMETIKLON INDONESIA','','GARUDA BLOK - NO.21 F RT:006 RW:004 KEL.BATU CEPER KEC.BATU CEPER KOTA/KAB.TANGERANG','','','','','','','','','','','','','',0,0.00,0.00,0.00,0.00,0.00,'PKP',0,0.00,0.00,0),('CS-0235','SQUALY','','JL TEGAL CUPUK, GANG DUNIA, BANJAR ANYAR KEROBOKAN. KUTA UTARA, DENPASAR','','','','','','','','','','','','','',0,0.00,0.00,0.00,0.00,0.00,'PKP',0,0.00,0.00,0),('CS-0236','MICHAEL PRATOMO','','JL. SUKARHO WIRO PRANOTO NO. 11F-G JAKARTA UTARA ','','','','','','','','','','','','','',0,0.00,0.00,0.00,0.00,0.00,'PKP',0,0.00,0.00,0),('CS-0237','RUMAH SAKIT PUSAT OTAK NASIONAL PROF. DR. DR MAHAR','','JL. MT HARYONO KAV 11 BLOK - NO.- RT:001 RW:006 KEL.CAWANG KEC.KRAMAT JATI','KOTA/KAB.JAKARTA TIMUR DKI JAKARTA 13630','','','','','','','','','','','','',0,0.00,0.00,0.00,0.00,0.00,'PKP',0,0.00,0.00,0),('CS-0238','CV SINAR SUKSES SEMPANA','','JL. HOS COKROAMINOTO BLOK - NO.41A RT:000 RW:000 KEL.SIMPANG ENAM KEC.PADANG BARAT','KOTA/KAB.PADANG SUMATERA BARAT','','','','','','','','','','','','',0,0.00,0.00,0.00,258000.00,0.00,'PKP',0,0.00,0.00,0),('CS-0239','BAPAK ANDRIANSJAH ANWAR','','WALET PERMAI PIK, ELANG LAUT JAKARTA UTARA','','','','','','','','','','','','','',0,0.00,0.00,0.00,83380552.00,0.00,'PKP',0,0.00,0.00,0),('CS-0240','BAPAK JOHAN','','PERUMAHAN TAMAN DRAMAGA PERMAI 7 BLOK M1 NO 13 KEL CIHIDEUNG ILIR, BOGOR','','','','','','','','','','','','','',0,0.00,0.00,0.00,763776.00,0.00,'PKP',0,0.00,0.00,0),('CS-0241','AVRI LESTIANA','','JL. P.ANTASARI GG. KOBA NO.6 RT.002 RW.006 KEL.CIPETE UTARA KEC.KEBAYORAN BARU JAKARTA SELATAN','','','','','','','','','','','','','',0,0.00,0.00,0.00,67398112.00,0.00,'PKP',0,0.00,0.00,0),('CS-0242','PT. REJO MAKMUR RETAILINDO','','JL. PEKOJAN BLOK NO.75 RT:001 RW:001 KEL.PURWODINATAN KEC.SEMARANG TENGAH ','','','','','','024 3545293','','','','','','','',30,0.00,0.00,0.00,40134976.00,27104962.00,'PKP',0,0.00,0.00,0),('CS-0243','PT TIRTA ABADI KENCANA','','CELEP LOR BLOK - NO.- RT:001 RW:002 KEL.DAGEN KEC.JATEN KOTA/KAB.KARANGANYAR JAWA TENGAH 57771','','','','','','','','','','','','','',0,0.00,0.00,0.00,0.00,0.00,'PKP',0,0.00,0.00,0),('CS-0244','PT. SAHABAT WASKITA TEKNIK','','JL. P. JAYAKARTA 141 BLOK IA/15, MANGGA DUA SELATAN NO.- RT:000 RW:000 KEL.- KEC.-','KOTA/KAB.JAKARTA PUSAT DKI JAKARTA 00000','','','','','','','','','','','','',0,0.00,0.00,0.00,0.00,0.00,'PKP',0,0.00,0.00,0),('CS-0245','WARLAN','','DSN KRAJAN RT.006 RW.001 KEL.PENAMBANGAN KEC.SEMANDING TUBAN JAWA TIMUR','','','','','','','','','','','','','',0,0.00,0.00,0.00,0.00,0.00,'PKP',0,0.00,0.00,0),('CS-0246','EKA ANGGRAYANI','','JL. KRAMAT LONTAR XIV RT.014 RW.001 KEL.PASEBAN KEC. SENEN JAKARTA PUSAT','','','','','','','','','','','','','',0,0.00,0.00,0.00,15132000.00,0.00,'PKP',0,0.00,0.00,0),('CS-0247','BAPAK ACENG','','BEKASI ','','','','','','','','','','','','','',0,0.00,0.00,0.00,0.00,0.00,'PKP',0,0.00,0.00,0),('CS-0248','SIMEON KASIH ( BP. DIDIT )','','NUSA TENGGARA TIMUR ','','','','','','','','','','','','','',0,0.00,0.00,0.00,0.00,0.00,'PKP',0,0.00,0.00,0),('CS-0249','PT. TRANS MEDIAKOM INDONESIA','','JL. PUCANG ANOM TIMUR 2 BLOK - NO.7 RT:000 RW:000 KEL.KERTAJAYA KEC.GUBENG','KOTA/KAB.SURABAYA JAWA TIMUR 00000','','','','','','','','','','','','',0,0.00,0.00,0.00,0.00,0.00,'PKP',0,0.00,0.00,0),('CS-0250','IBU AYU','','PASAR KENARI, JAKARTA PUSAT','','','','','','','','','','','','','',0,0.00,0.00,0.00,0.00,0.00,'PKP',0,0.00,0.00,0),('CS-0251','BP. GORIS MONTEIRO','','JL. SRI GUNTING NO. 22, MAUMERE FLORES','','','','','','','','','','','','','',0,0.00,0.00,0.00,0.00,0.00,'PKP',0,0.00,0.00,0),('CS-0252','RUDI NATA MENGGALA','','VILLA CITRA I BLOK Y NO. 20 RT. 010 RW.000 KEL.JAYABAYA III KEC.WAY HALIM LAMPUNG','','','','','','','','','','','','','',0,0.00,0.00,0.00,0.00,0.00,'PKP',0,0.00,0.00,0),('CS-0253','CV. BOBONGLANGI','','JL.NAVIGASI OEBELO BLOK - NO.- RT:000 RW:000 KEL.- KEC.- KOTA/KAB.KUPANG NTT 00000','','','','','','','','','','','','','',0,0.00,0.00,0.00,0.00,0.00,'PKP',0,0.00,0.00,0),('CS-0254','PT. PRAKARSALANGGENG MAJUBERSAMA','','JL. RAYA GAJAH TUNGGAL BLOK - NO.09 RT:004 RW:001 KEL.ALAMJAYA KEC.JATI UWUNG','KOTA/KAB.TANGERANG BANTEN','','','','','','','','','','','','',0,0.00,0.00,0.00,79864496.00,39932248.00,'PKP',0,0.00,0.00,0),('CS-0255','CV. ADHI SURYA','','JL. HASANUDIN BLOK A NO.10 RT:000 RW:000 KEL.MARGOMULYO KEC.NGAWI KOTA/KAB.NGAWI JAWA TIMUR 63217','','','','','','','','','','','','','',0,0.00,0.00,0.00,0.00,0.00,'PKP',0,0.00,0.00,0),('CS-0256','PT. GEOSERVICES','','JL. SETIABUDHI BLOK - NO.81 RT:000 RW:000 KEL.GEGER KALONG KEC.SUKASARI KOTA/KAB.BANDUNG JAWA BARAT ','','','','','','','','','','','','','',0,0.00,0.00,0.00,0.00,0.00,'PKP',0,0.00,0.00,0),('CS-0257','CV SETYA JAYA','','JL. BAKTI BLOK - NO.07 RT:006 RW:007 KEL.PENJARINGAN KEC.PENJARINGAN KOTA/KAB.JAKARTA','UTARA DKI JAKARTA 14440','','','','','','','','','','','','',0,0.00,0.00,0.00,51400000.00,0.00,'PKP',0,0.00,0.00,0),('CS-0258','PT. CAHAYA PUTERA SAKA','','ROKO PERMATA TAMAN PALEM BLOK 06 NO.19 RT:000 RW:000 KEL.PEGADUNGAN KEC.KALIDERES','KOTA/KAB.JAKARTA BARAT DKI JAKARTA ','','','','','','','','','','','','',0,0.00,0.00,0.00,0.00,0.00,'PKP',0,0.00,0.00,0),('CS-0259','PT. DASATAMA SEJAHTERA ABADI','','JL. JEND SUDIRMAN BLOK - NO.58 RT:000 RW:000 KEL.SAGO KEC.SENAPELAN KOTA/KAB.PEKANBARU RIAU 28151','','','','','','','','','','','','','',0,0.00,0.00,0.00,0.00,0.00,'PKP',0,0.00,0.00,0),('CS-0260','PT TOKO BESI TAN','','JL. M.T. HARYONO BLOK - NO.370 A RT:000 RW:000 KEL.- KEC.- KOTA/KAB.SEMARANG JAWA TENGAH','','','','','','','','','','','','','',0,0.00,0.00,0.00,0.00,0.00,'PKP',0,0.00,0.00,0),('CS-0261','MOCHAMMAD ARWANIE','','JL. MANGGA GG LEGARI 147 RT.006 RW. 001 KEL. PURUTREJO KEC.PURWOREJO PASURUAN JAWATIMUR','','','','','','','','','','','','','',0,0.00,0.00,0.00,20627000.00,0.00,'PKP',0,0.00,0.00,0),('CS-0262','DAMAN','','PESING KPNENG RT.010 RW.008 KEL.KEDOYA UTARA KEC.KEBON JERUK JAKARTA BARAT','','','','','','','','','','','','','',0,0.00,0.00,0.00,0.00,0.00,'PKP',0,0.00,0.00,0),('CS-0263','DINDA MULIDA','','KP. RAWA BOKOR RT. 002 RW. 002 KEL. BENDA KEC. BENDA TANGERANG BANTEN','','','','','','','','','','','','','',0,0.00,0.00,0.00,1300000.00,1300000.00,'PKP',0,0.00,0.00,0),('CS-0264','PT. ALAM GUNA PRIMA INDONESIA','','DUSUN KRAJAN RT. 01 RW. 01, SUMBER PINANG KEC. MLANDINGA, SITUBONDO, JAWA TIMUR 68385','','','','','','','','','','','','','',0,0.00,0.00,0.00,0.00,0.00,'PKP',0,0.00,0.00,0),('CS-0265','AGUS PRIYANTO','','PURWOSARI BLOK - NO.- RT:003 RW:006 KEL.KARANGGAYAM KEC.KARANGGAYAM ','KOTA/KAB.KEBUMEN JAWA','','','','','','','','','','','','',0,0.00,0.00,0.00,0.00,0.00,'PKP',0,0.00,0.00,0),('CS-0266','HENDRIK','','JL.BUDI MULIA NO. 42 RT.004 RW.010 KEL.PADEMANGAN BARAT KEC.PADEMANGAN','','','','','','','','','','','','','',0,0.00,0.00,0.00,0.00,0.00,'PKP',0,0.00,0.00,0),('CS-0267','PT. RAJAWALI PRIMAJAYA TEKNINDO','','JL. HAYAM WURUK, LINDETEVES TRADE CENTER LT.GF1 BLOK B17 NO.03 RT:000 RW:006','KEL.MANGGA BESAR KEC.TAMANSARI KOTA/KAB.JAKARTA BARAT DKI JAKARTA','','','','','','','','','','','','',0,0.00,0.00,0.00,25246250.00,0.00,'PKP',0,0.00,0.00,0),('CS-0268','CV. MARVEL JAYA INDOTAMA','','JL. K.H HASYIM ASHARI BLOK - NO.10 RT:001 RW:003 KEL.BAKALAN KEC.BUGUL KIDUL','KOTA/KAB.PASURUAN JAWA TIMUR 67128','','','','','','','','','','','','',0,0.00,0.00,0.00,38610000.00,19316000.00,'PKP',0,0.00,0.00,0),('CS-0269','AGUSTINUS HENDRA','','JL. MESJID LAMA BLOK - NO.28 RT:001 RW:000 KEL.17 ILIR KEC.ILIR TIMUR I','KOTA/KAB.PALEMBANG SUMATERA SELATAN 30125','','','','','','','','','','','','',0,0.00,0.00,0.00,0.00,0.00,'PKP',0,0.00,0.00,0),('CS-0270','YOSEP GREGORIUS KIA','','JL. KELIMUTU RT.030 RW.010 KEL. KELIMUTU KEC.ENDE TENGAH NUSA TENGGARA TIMUR','','','','','','','','','','','','','',0,0.00,0.00,0.00,0.00,0.00,'PKP',0,0.00,0.00,0),('CS-0271','SAMSUL HADI','','PERUM KEDATON GRANDE NO. A 15 RT.003 RW.012 KEL.RANGGAMEKAR','KEC.KOTA BOGOR SELATAN BOGOR JAWABARAT','','','','','','','','','','','','',0,0.00,0.00,0.00,0.00,0.00,'PKP',0,0.00,0.00,0),('CS-0272','SAEPULLAH','','SUMUR BOR RT. 002 RW. 012 KEL. KALIDERES KEC. KALIDERES JAKARTA BARAT','','','','','','','','','','','','','',0,0.00,0.00,0.00,0.00,0.00,'PKP',0,0.00,0.00,0),('CS-0273','BAPAK EKO PRASOJO','','JL. KARYA JAYA GG. ABADI NO.17 MEDAN JOHOR - SUMATERA UTARA','','','','','','','','','','','','','',0,0.00,0.00,0.00,158000.00,0.00,'PKP',0,0.00,0.00,0),('CS-0274','DODI HERMAWAN','','JL. CENGKARENG TIMUR, RUSUN BUDHA TZU CHI','','','','','','','','','','','','','',0,0.00,0.00,0.00,0.00,0.00,'PKP',0,0.00,0.00,0),('CS-0275','AYU SETYOWARDHANI','','KAVLING TAMAN PALEM NO. 6 JL. RAA KEBAGUSAN (SEBERANG PINTU TIMUR RAGUNAN)','','','','','','','','','','','','','',0,0.00,0.00,0.00,0.00,0.00,'PKP',0,0.00,0.00,0),('CS-0276','JACK TOKO JAKARTA PIRANTI','','SAMPING ACE HARDWARE JL. PAHLAWAN NO.45 KAV.2, KEC. CIPUTAT TIMUR, KOTA TANGERANG SELATAN','','','','','','','','','','','','','',0,0.00,0.00,0.00,0.00,0.00,'PKP',0,0.00,0.00,0),('CS-0277','SAEPULOH SUKSES','','JL. RAYA KLONENGAN KEC. MARGASARI KAB.TEGA MARGASARI TEGAL','','','','','','','','','','','','','',0,0.00,0.00,0.00,0.00,0.00,'PKP',0,0.00,0.00,0),('CS-0278','YULIMANS (BOBOB)','','JL. CAGAR ALAM GG SWADAYA 2 RT 02 RW 08 NO 20, PANCORAN MAS DEPOK 16436','','','','','','','','','','','','','',0,0.00,0.00,0.00,0.00,0.00,'PKP',0,0.00,0.00,0),('CS-0279','RINA APRIANA','','RUSUN CINTA KASIH BLOK B NO. 33B CENGKARENG-JAKARTA BARAT','','','','','','','','','','','','','',0,0.00,0.00,0.00,0.00,0.00,'PKP',0,0.00,0.00,0),('CS-0280','PT. DHARMAPALA USAHA SUKSES','','SOUTH QUATER TOWER A LT.21 UNIT B JL. R.A KARTINI KAV 8 BLOK - NO.- RT:010 RW:004','KEL.CILANDAK BARAT KEC.CILANDAK KOTA/KAB.JAKARTA SELATAN DKI JAKARTA 12430','','','','','','','','','','','','',0,0.00,0.00,0.00,0.00,0.00,'PKP',0,0.00,0.00,0),('CS-0281','CV. MADYA KARYA','','JL. SUKONANDI I BLOK - NO.13 RT:026 RW:008 KEL.SEMAKI KEC.UMBULHARJO KOTA/KAB.YOGYAKARTA DI YOGYAKAR','','','','','','','','','','','','','',0,0.00,0.00,0.00,84199032.00,81225000.00,'PKP',0,0.00,0.00,0),('CS-0282','PERSEROAN TERBATAS DAURULANG SEJAHTERA','','JL. TEMBESU III BLOK - NO.- RT:000 RW:000 KEL.CAMPANG RAYA KEC.SUKABUMI','KOTA/KAB.BANDARLAMPUNG LAMPUNG 35122','','','','','','','','','','','','',0,0.00,0.00,0.00,0.00,0.00,'PKP',0,0.00,0.00,0),('CS-0283','MUHAMMAD HIDAYAT','','MATARAM ','','','','','','','','','','','','','',0,0.00,0.00,0.00,0.00,0.00,'PKP',0,0.00,0.00,0),('CS-0284','PT. WANATIARA PERSADA','','GEDUNG GRAHA INDOCHEM LT. 3 JL. PANTAI INDAH KAPUK BOULEVARD KAV.SSB BLOK E NO.000','RT:004 RW:003 KEL.KAMAL MUARA KEC.PENJARINGAN KOTA/KAB.JAKARTA UTARA DKI JAKARTA ','','','','','','','','','','','','',0,0.00,0.00,0.00,0.00,0.00,'PKP',0,0.00,0.00,0),('CS-0285','PT. MITRA ABADI SAKTI','','JL. RAYA PRANCIS NO. 68, PERGUDANGAN BANDARA ','BENDA PERMAI BLOK I NO. 3','','','','','021 - 2931 6200 ','','','','','IBU JULIE ','','',0,0.00,0.00,0.00,45984876.00,45984876.00,'PKP',0,0.00,0.00,0),('CS-0286','CASMURI SALEH','','KARANG BULU JLN. LAPANG BOLA GEBANG MEKAR RT15 RW 06 GEBANG 45191','','','','','','','','','','','','','',0,0.00,0.00,0.00,0.00,0.00,'PKP',0,0.00,0.00,0),('CS-0287','AKIF SYAM','','JL RUKO CEMPAKA MAS , KEC. KEMAYORAN KOTA JAKARTA PUSAT','','','','','','','','','','','','','',0,0.00,0.00,0.00,0.00,0.00,'PKP',0,0.00,0.00,0),('CS-0288','BAYU (JANNE ONG)','','JL. RAYA PERANCIS NO. 2 KAWASAN PERGUDANGAN PANTAI INDAH DADAP BLOK CJ NO 26 TANGERANG','','','','','','','','','','','','','',0,0.00,0.00,0.00,134000.00,0.00,'PKP',0,0.00,0.00,0),('CS-0289','BAPAK HERU','','JATIWARINGIN RAYA BLOK H NO 4 JAKARTA TIMUR','','','','','','','','','','','','','',0,0.00,0.00,0.00,0.00,0.00,'PKP',0,0.00,0.00,0),('CS-0290','BARKAH DAVID','','PERUM SURYA AKBAR VII, TALANG JAMBE KEC, SUKARAMI KOTA PALEMBANG','','','','','','','','','','','','','',0,0.00,0.00,0.00,0.00,0.00,'PKP',0,0.00,0.00,0),('CS-0291','NUGROHO SULISTYO SH. ST','','MODRO RT. 001 RW. 000 KEL. SOKO KEC. MIRI SRAGEN JAWA TENGAH','','','','','','','','','','','','','',0,0.00,0.00,0.00,17953000.00,0.00,'PKP',0,0.00,0.00,0),('CS-0292','KARYA','','PERUM DEPOK MULYA 3 BLOK AI NO 14 KEL. TANAH BARU, KEC. BEJI DEPOK','','','','','','','','','','','','','',0,0.00,0.00,0.00,0.00,0.00,'PKP',0,0.00,0.00,0),('CS-0293','ERLICHA PARAMITHA','','JL NUSANTARA II NO B3/30 LAMPUNG','','','','','','','','','','','','','',0,0.00,0.00,0.00,0.00,0.00,'PKP',0,0.00,0.00,0),('CS-0294','RUSTAM ACHMAD','','JL PUCUNG 3 NO 63A RT 10/04 KEC KRAMAT JATI, JAKARTA TIMUR','','','','','','','','','','','','','',0,0.00,0.00,0.00,0.00,0.00,'PKP',0,0.00,0.00,0),('CS-0295','BAPAK HENDRA WINATA','','JL KENARI GOLF RAYA NO 29 PIK JAKARTA UTARA','','','','','','','','','','','','','',0,0.00,0.00,0.00,0.00,0.00,'PKP',0,0.00,0.00,0),('CS-0296','BAPAK DIDIK','','CITRA 2 EXT POS 5A, PEGADUNGAN KALIDERES JAKARTA BARAT','','','','','','','','','','','','','',0,0.00,0.00,0.00,0.00,0.00,'PKP',0,0.00,0.00,0),('CS-0297','IBU WATI','','JL RAYA RAWA BOKOR BENDA TANGERANG','','','','','','','','','','','','','',0,0.00,0.00,0.00,0.00,0.00,'PKP',0,0.00,0.00,0),('CS-0298','PT SORINI AGRO ASIA CORPORINDO','','RAYA SURABAYA - MALANG KM 43 BLOK - NO.- RT:000 RW:000 KEL.NGERONG KEC.GEMPOL','KOTA/KAB.PASURUAN JAWA TIMUR','','','','','','','','','','','','',0,0.00,0.00,0.00,0.00,0.00,'PKP',0,0.00,0.00,0),('CS-0299','MARDANI','','KALIJAMBE RT.003 RW.003 KEL.LAMBANGSARI KEC.TAMBUN SELATAN BEKASI JAWABARAT','','','','','','','','','','','','','',0,0.00,0.00,0.00,0.00,0.00,'PKP',0,0.00,0.00,0),('CS-0300','PT RATNA JAYA ABADI','','JL. KEDOYA RAYA KAV. 27 BLOK A NO.11 RT:000 RW:000 KEL.KEDOYA UTARA KEC.KEBON JERUK','KOTA/KAB.JAKARTA BARAT DKI JAKARTA 11520','','','','','','','','','','','','',0,0.00,0.00,0.00,0.00,0.00,'PKP',0,0.00,0.00,0),('CS-0301','BAPAK DIDI','','JL TANAH PASIR NO 9 JAKARTA UTARA','','','','','','','','','','','','','',0,0.00,0.00,0.00,0.00,0.00,'PKP',0,0.00,0.00,0),('CS-0302','A. SUDRAJAT','','JL. LETJEN SARBINI BLOK - NO.59 RT:002 RW:001 KEL.MARGAJAYA KEC.BEKASI SELATAN','','','','','','','','','','','','','',0,0.00,0.00,0.00,0.00,0.00,'PKP',0,0.00,0.00,0),('CS-0303','BAPAK YOGI','','JL CITADAYU NO 10 RT 24 TANAH MERAH SAMARINDA UTARA','','','','','','','','','','','','','',0,0.00,0.00,0.00,0.00,0.00,'PKP',0,0.00,0.00,0),('CS-0304','BAPAK ANWAR SADIK','','JL RAYA NAROGON, PANGKALAN 8 NO 21 BEKASI JAWA BARAT','','','','','','','','','','','','','',0,0.00,0.00,0.00,0.00,0.00,'PKP',0,0.00,0.00,0),('CS-0305','SUHENDRI','','JAKARTA','','','','','','','','','','','','','',0,0.00,0.00,0.00,0.00,0.00,'PKP',0,0.00,0.00,0),('CS-0306','IBU MIA DIANA','','RAWA BOKOR','','','','','','','','','','','','','',0,0.00,0.00,0.00,8256000.00,0.00,'PKP',0,0.00,0.00,0),('CS-0307','HADI TJAHJONO','','SUKOMANUNGGAL JAYA RUKO CHOVA 3U/CSH 22 LT.3 BLOK - RT 003 RW 008 SURABAYA JAWA TIMUR','','','','','','','','','','','','','',0,0.00,0.00,0.00,0.00,0.00,'PKP',0,0.00,0.00,0),('CS-0308','PT GUNUNG MADU PLANTATIONS','','KM 90 TERBANGGI BESAR GUNUNG BATIN UDIK TERUSAN NUNYAI, LAMPUNG ','','','','','','','','','','','','','',0,0.00,0.00,0.00,0.00,0.00,'PKP',0,0.00,0.00,0),('CS-0309','PT BISMA PUTERA UTAMA','','JL TAMAN PEGANGSAAN INDAH BLOK A-14 PEGANGSAAN DUA, KELAPA GADING','','','','','','','','','','','','','',0,0.00,0.00,0.00,0.00,0.00,'PKP',0,0.00,0.00,0),('CS-0310','PT. SINERGI GUNA SOLUSINDO','','PERUM RAHAYU RESIDENCE C 08 NO 8 RT 04 RW 09 KAGUNGAN SERANG, SERANG BANTEN','','','','','','','','','','','','','',0,0.00,0.00,0.00,0.00,0.00,'PKP',0,0.00,0.00,0),('CS-0311','DEUTSCHE INTERNATIONAL SCHULE','','JL PUSPA WIDYA 8 BUMI SERPONG DAMAI, LENGKONG TANGERANG SELATAN, BANTEN','','','','','','','','','','','','','',0,0.00,0.00,0.00,0.00,0.00,'PKP',0,0.00,0.00,0),('CS-0312','IBU NIA','','JL KENARI 1G NO 55D','','','','','','','','','','','','','',0,0.00,0.00,0.00,0.00,0.00,'PKP',0,0.00,0.00,0),('CS-0313','TRIYONO IFFAL','','JL. SWADAYA 2 KP. CEGER RT.005 RW.002 HARAPAN JAYA BEKASI UTARA ','','','','','','','','','','','','','',0,0.00,0.00,0.00,0.00,0.00,'PKP',0,0.00,0.00,0),('CS-0314','CV. MITRA ASIATAMA','','JL RAYA TENGGILIS UTARA NO 45 SURABAYA, JAWA TIMUR','','','','','','','','','','','','','',0,0.00,0.00,0.00,0.00,0.00,'PKP',0,0.00,0.00,0),('CS-0315','PT. KALUKU INDAH PERMAI','','DSN JORONG KALUKU, SINGKARAK, X KOTO SINGKARAK SOLOK, SUMATERA BARAT','','','','','','','','','','','','','',0,0.00,0.00,0.00,0.00,0.00,'PKP',0,0.00,0.00,0),('CS-0316','BAPAK TJONG EFENDY ( PUSAT POMPA )','','TRADE CENTRE LANTAI GF BLOK B7 NO 8 ','','','','','','','','','','','','','',0,0.00,0.00,0.00,0.00,0.00,'PKP',0,0.00,0.00,0),('CS-0317','PASTORAN KOLESE HERMANUM','','JL JOHAR BARU VIA NO 6 JAKARTA PUSAT','','','','','','','','','','','','','',0,0.00,0.00,0.00,0.00,0.00,'PKP',0,0.00,0.00,0),('CS-0318','PT. DELTA PERSADA MANDIRI','','JL KI MAJA, WAY HALIM PERMAI, WAY HALIM KOTA BANDAR LAMPUNG','','','','','','','','','','','','','',0,0.00,0.00,0.00,0.00,0.00,'PKP',0,0.00,0.00,0),('CS-0319','CV BETA PRATAMA','','JL BHAKTI KARYA RT 025 RW 008, OEBOBO, KUPANG NUSA TENGGARA TIMUR','','','','','','','','','','','','','',0,0.00,0.00,0.00,0.00,0.00,'PKP',0,0.00,0.00,0),('CS-0320','POLRES METRO JAKUT KEPOLISIAN NEGARA REPUBLIK INDO','','POLRES METRO JAKARTA UTARA JL YOS SUDARSO','','','','','','','','','','','','','',0,0.00,0.00,0.00,0.00,0.00,'PKP',0,0.00,0.00,0),('CS-0321','PT. QAWI MULTI KONSTRUKSI','','DUREN TIGA BARAT VI NO 137 RT 010 RW 002 DUREN TIGA, PANCORAN, JAKARTA SELATAN','','','','','','','','','','','','','',0,0.00,0.00,0.00,0.00,0.00,'PKP',0,0.00,0.00,0),('CS-0322','PT FARMEL CIPTA MANDIRI','','JL RAYA PONDOK JAYA NO 1 BINTARO TANGERANG SELATAN','','','','','','','','','','','','','',0,0.00,0.00,0.00,0.00,0.00,'PKP',0,0.00,0.00,0),('CS-0323','FATHUR KHOIR HAM','','JL.BEMBAN RT.004 RW.003 KEL.SEJEGI KEC.MEMPAWAH TIMUR','','','','','','','','','','','','','',0,0.00,0.00,0.00,184950000.00,0.00,'PKP',0,0.00,0.00,0),('CS-0324','BPK HAFIS','','JL. LAPANGAN BENTENG NO. 1-2 GEUDNG SERBAGUNA BANDUNG','','','','','','','','','','','','','',0,0.00,0.00,0.00,60000000.00,5000000.00,'PKP',0,0.00,0.00,0),('CS-0325','BPK ISMAIL','','KP. KADEMANGAN RT. 02/03 KEL. KADEMANGAN , SETU - TANGERANG','','','','','','','','','','','','','',0,0.00,0.00,0.00,37100000.00,5100000.00,'PKP',0,0.00,0.00,0),('CS-0326','BPK HERMAN','','PANGKALAN JATI MALL CINERE DEPOK	','','','','','','','','','','','','','',0,0.00,0.00,0.00,97050000.00,20000000.00,'PKP',0,0.00,0.00,0),('CS-0327','BPK YUDI','','JL. MANYAR KERTOARJO 7 NO. 3 KUTUARJO - JAWA TENGAH','','','','','','','','','','','','','',0,0.00,0.00,0.00,26470000.00,6470000.00,'PKP',0,0.00,0.00,0),('CS-0328','BPK NARDI','','JL. CEMPEDAK NO. 52 KEL. MALAGUSA KEC. ALMAS	','','','','','','','','','','','','','',0,0.00,0.00,0.00,68430000.00,0.00,'PKP',0,0.00,0.00,0),('CS-0329','BPK SURYA	','','JL. DAAN MOGOT TAMANA KOTA, DAAN MOGOT JAKARTA BARAT	','','','','','','','','','','','','','',0,0.00,0.00,0.00,9900000.00,9900000.00,'PKP',0,0.00,0.00,0),('CS-0330','BPK ARDI	','','JL. SETIA BUDI TANJUNG SARI MEDAN SUMATERA UTARA','','','','','','','','','','','','','',0,0.00,0.00,0.00,56250000.00,0.00,'PKP',0,0.00,0.00,0),('CS-0331','MOCH FATKHI	','','JL. KR KRUMPIK BARAT WIYUNG, SURABAYA	','','','','','','','','','','','','','',0,0.00,0.00,0.00,10800000.00,10800000.00,'PKP',0,0.00,0.00,0),('CS-0332','CV. MITRA SUKSES','','JL. BANTAR JATI NO. 92 CIPAYUNG, JAKARTA TIMUR','','','','','','','','','','','','','',0,0.00,0.00,0.00,25800000.00,0.00,'PKP',0,0.00,0.00,0),('CS-0333','BPK. ROHMAN	','','SANGKRAH, PS, KLIWON RT. 01/02 KOTA SURAKARTA , JAWA TENGAH	','','','','','','','','','','','','','',0,0.00,0.00,0.00,9960000.00,0.00,'PKP',0,0.00,0.00,0),('CS-0334','BPK. SURYAMAN	','','KP. BABAKAN CIKERUH JATINANGOR, BANDUNG - JAWA BARAT	','','','','','','','','','','','','','',0,0.00,0.00,0.00,27450000.00,0.00,'PKP',0,0.00,0.00,0),('CS-0335','MUHAMMAD SADIL	','','JL. PARCA RT. 07 RW. 02 KECAMATAN JATINEGARA, JAKARTA TIMUR	','','','','','','','','','','','','','',0,0.00,0.00,0.00,60000000.00,5000000.00,'PKP',0,0.00,0.00,0),('CS-0336','BANTEN MULIA	','','JL. KETUMBAR CIWADUK KOTA CILEGON	BANTEN	','','','','','','','','','','','','','',0,0.00,0.00,0.00,40000000.00,0.00,'PKP',0,0.00,0.00,0),('CS-0337','CV. SUMBER NIAGA','','JL. CIJAGRA I NO. 2, BUAHBATU BANDUNG','','','','','','022 7315106','','','','','BPK. ANDRI','','',0,0.00,0.00,0.00,428761728.00,10000000.00,'PKP',0,0.00,0.00,0),('CS-0338','SAMBONG CATUR KARSA','','JL. GEGERKALONG III NO. 6 BANDUNG','','','','','','','','','','','','','',0,0.00,0.00,0.00,331669344.00,0.00,'PKP',0,0.00,0.00,0),('CS-0339','KHAYA TIRTA LESTARI','','JL. UNTUNG SUROPATI','','','','','','','','','','','','','',0,0.00,0.00,0.00,249343264.00,0.00,'PKP',0,0.00,0.00,0),('CS-0340','PT. PUTRA JATNIKA','','KOPO PERMAI I BLOK H NO. 18','','','','','','','','','','','','','',0,0.00,0.00,0.00,94817296.00,25600000.00,'PKP',0,0.00,0.00,0),('CS-0341','PT. MALABAR JAYA TEKNINDO','','KP. KADEMANGAN RT. 2/3 TANGERANG SELATAN','','','','','','','','','','','','','',0,0.00,0.00,0.00,95649504.00,14121500.00,'PKP',0,0.00,0.00,0),('CS-0342','TEGUH KURNIADI','','SIBRAMA RT 002 RW 005 KEL. SIBRAMA KEC. KEMRANJEN','','','','','','','','','','','','','',0,0.00,0.00,0.00,5148002.00,5148002.00,'PKP',0,0.00,0.00,0),('CS-0343','PT. HYDRORAYA ADHI PERKASA','','JL RAYA PASAR KEMIS KM.7 RT 005 RW 003 ','KEL SUKAMANTRI KEC PASAR KEMIS TANGERANG BANTEN','','','','','','','','','','','','',0,0.00,0.00,0.00,28266150.00,14133000.00,'PKP',0,0.00,0.00,0),('CS-0344','MAMAN','','KP CISARUA RT 001 RW 005 KEL NAGRAK UTARA KEC NAGRAK','','','','','','','','','','','','','',0,0.00,0.00,0.00,7196000.00,7196001.00,'PKP',0,0.00,0.00,0),('CS-0345','PT. PABRIK CAT TUNGGAL DJAJAJ INDAH','','JL. LETJEN SUPRAPTO, KEPUHKIMAN WARU KAB SIDOARJO, JAWA TIMUR','','','','','','','','','','','','','',0,0.00,0.00,0.00,13986000.00,6993000.00,'PKP',0,0.00,0.00,0),('CS-0346','ARI SUDARSO','','DK SIJAMPANG RT 012 RW 003 KEL. RAGATUNJUNG KEC. PAGUYANGAN','','','','','','','','','','','','','',0,0.00,0.00,0.00,13727500.00,13727500.00,'PKP',0,0.00,0.00,0),('CS-0347','APPATINDO JATENG (MUBASIR DRS)','','JL. PUSPONJOLO TENGAH IX NO. 1','SEMARANG, JAWA TENGAH','','','','','024 7619436','','','','','','','',0,0.00,0.00,0.00,4200000.00,0.00,'PKP',0,0.00,0.00,0),('CS-0348','BAPAK RIO','','BALI','','','','','','','','','','','','0859 2152 1118','',0,0.00,0.00,0.00,5004000.00,0.00,'PKP',0,0.00,0.00,0),('CS-0349','PT. SARI AMANDAMAI ELEKTRO','','JL. SUNIARAJA 114 BANDUNG ','','','','','','','','','','','IBU LILIS','0896 8939 3022','',0,0.00,0.00,0.00,9495000.00,0.00,'PKP',0,0.00,0.00,0),('CS-0350','TOKO TIMOR JAYA SANITARY','','JL. JENDERAL SUDIRMAN NO. 149','KUPANG, NUSA TENGGARA TIMUR ','','','','','','','','','','PA JOHNY / ANTON ','0821 3253 3391','',0,0.00,0.00,0.00,15043800.00,0.00,'PKP',0,0.00,0.00,0),('CS-0352','BAPAK HARYANTO','','JL CEPLIK RT 3/4 KEBON DUREN KALIMULYA','CILODONG, KOTA DEPOK','','','','','','','','','','BAPAK HARYANTO','','',0,0.00,0.00,0.00,515001.00,0.00,'PKP',0,0.00,0.00,0),('CS-0353','PT. DELI KRISTAL SEJATI','','JL. PULAU SUMBAWA I BLOK - NO.10 LOT 11-B KIM II','KEL.SAENTIS KEC.PERCUT SEI TUAN KOTA/KAB.DELI SERDANG SUMATERA UTARA','','','','','','','','','','IBU VIVI','085370877088','',0,0.00,0.00,0.00,25164000.00,25164000.00,'PKP',0,0.00,0.00,0),('CS-0354','PT. KASABA BERKAH SUKSES','','JALAN TANJUNG DUREN RAYA BLOK - NO.350A KEL.TANJUNG DUREN KEC.GROGOL PETAMBURAN','KOTA/KAB.JAKARTA BARAT DKI JAKARTA 11470','','','','','08551060567','','','','','BAPAK SISWANTO','','',0,0.00,0.00,0.00,24500000.00,24500000.00,'PKP',0,0.00,0.00,0),('CS-0355','CV. TRIDAYA PERKASA','','NUNBAUN SABU BLOK - NO.- RT:011 RW:004 KEL.NUNBAUN SABU KEC.ALAK ','KOTA/KAB.KUPANG NUSA TENGGARA TIMUR 85231','','','','','081315772599','','','','','BAPAK YOSEF GREGORIU','','',0,0.00,0.00,0.00,45235000.00,45235000.00,'PKP',0,0.00,0.00,0),('CS-0356','HENDRA','','PADEMANGAN JAKARTA UTARA','','','','','','','','','','','','','',0,0.00,0.00,0.00,259307.00,0.00,'PKP',0,0.00,0.00,0),('CS-0357','BAPAK AMIN NH','','JL KOPERPU 2 NO 101 RT 002 RW 005','KEC BEKASI TIMUR','','','','','','','','','','','','',0,0.00,0.00,0.00,190944.00,0.00,'PKP',0,0.00,0.00,0),('CS-0358','PT. HEKSA MANDIRI UTAMA','','JL. PAHLAWAN NO 45 KAV 2, LT 3','REMPOA - TANGERANG SELATAN','','','','','021 2952630 / 295263','','','','','','','',0,0.00,0.00,0.00,18643996.00,0.00,'PKP',0,0.00,0.00,0),('CS-0360','PT. ALVINDO CATUR SENTOSA','','JL. LETJEN S PARMAN KAV. 28','TANJUNG DUREN SELATAN, GROGOL, PETAMBURAN','','','','','','','','','','BAPAK PUTRA','081119130600','',0,0.00,0.00,0.00,17700000.00,0.00,'PKP',0,0.00,0.00,0),('CS-0361','PT. MITRA BELANJA ANDA','','GEDUNG ERAJAYA PLAZA , JALAN BANDENGAN SELATAN BLOK - NO.20 RT:011 RW:005 ','KEL.PEKOJAN KEC.TAMBORA KOTA/KAB.JAKARTA BARAT DKI JAKARTA 11240','','','','','','','','','','','','',0,0.00,0.00,0.00,357420000.00,351784992.00,'PKP',0,0.00,0.00,0),('CS-0362','FERRY FERDIYANTO','','JL. BUBUTAN 20 RT 001 RW 006 KEL. BELIMBING KEC. BELIMBING ','KOTA MALANG JAWA TIMUR 65126','','','','','','','','','','','','',0,0.00,0.00,0.00,19000000.00,5700000.00,'PKP',0,0.00,0.00,0),('CS-0363','CV. ASA NOOR AROFAH','','JL. SIMONGAN NO 69 ','SEMARANG, JAWA TENGAH','','','','','024 762 5301','','','','','','','',0,0.00,0.00,0.00,407142016.00,0.00,'PKP',0,0.00,0.00,0),('CS-0364','CV. MULTI KARYA MANDIRI','','JL. RAYA RADEN SALEH, METRO PERMATA I','BLOK J6 NO. 65, KARANGMULYA, CILEDUK','TANGERANG','','','','021 732 4332','','','','','','','',0,0.00,0.00,0.00,70835000.00,0.00,'PKP',0,0.00,0.00,0),('CS-0365','PT. INDO PERSADA BETESDA','','TOWN HOUSE GRIYA AVIVA BLOK B-6 NO.07 RT:002 RW:001 KEL.SAWAH KEC.CIPUTAT','KOTA/KAB.TANGERANG SELATAN BANTEN','','','','','','','','','','','','',0,0.00,0.00,0.00,17000000.00,17000000.00,'PKP',0,0.00,0.00,0),('CS-0366','JOBSHARE TEKNIK (FAJAR)','','TOKOPEDIA','','','','','','','','','','','','','',0,0.00,0.00,0.00,2189005.00,2060000.00,'PKP',0,0.00,0.00,0),('CS-0367','PT MEGASURYA MAS','','JL TAMBAK SAWAH NO. 32 RT 003 RW 001 KEL. TAMBAKREJO ','KEC. WARU, KOTA SIDOARJO,  JAWA TIMUR','','','','','031 8662390','','','','','','0881 6247 236','',14,0.00,0.00,0.00,29970000.00,0.00,'PKP',0,0.00,0.00,0),('CS-0368','CV. MATAHARI ENGINEERING','','JL. BRIGJEN KATAMSO NO 492, MEDAN. SUMATRA UTARA','','','','','','0813 6101 0101','','','','','','','',30,0.00,0.00,0.00,266772000.00,0.00,'PKP',0,0.00,0.00,0),('CS-0369','ADJI SARIONO ( CV MULTI KARYA MANDIRI )','','JL. JANUR KUNING IX WO 2/2 RT.007 RW.016 KEL.KELAPA GADING TIMUR ','KEC.KELAPA GADING JAKARTA UTARA DKI JAKARTA','','','','','','','','','','','','',0,0.00,0.00,0.00,24104500.00,0.00,'PKP',0,0.00,0.00,0),('CS-0370','PT. POLYCHEM INDONESIA TBK','','GEDUNG WISI/A 46 KOTA BNI LT. 20 JL JEND, SUDIRMAN KAV 1 BLOK - NO.- RT:010 RW:009','KEL.KARET TENGSIN KEC.TANAH ABANG KOTA/KAB.JAKARTA PUSAT DKI JAKARTA 10220','','','','','','','','','','','','',0,0.00,0.00,0.00,130805952.00,0.00,'PKP',0,0.00,0.00,0),('CS-0371','PT. HOKKY BERSAMA','','JL. RADIO DALAM BLOK - NO.9 RT:000 RW:000 KEL.GANDARIA UTARA','KEC.KEBAYORAN BARU KOTA/KAB.JAKARTA SELATAN DKI JAKARTA 12140','','','','','','','','','','','','',0,0.00,0.00,0.00,37750000.00,0.00,'PKP',0,0.00,0.00,0),('CS-0372','PT. DAMAI RUKUN BERSAMA','','JL. PESING KONENG BLOK - NO.30 D RT:001 RW:001 KEL.KEDOYA UTARA','KEC.KEBON JERUK KOTA/KAB.JAKARTA BARAT DKI JAKARTA 11520','','','','','','','','','','BAPAK KLEMENS','081295778963','',0,0.00,0.00,0.00,9800000.00,9800000.00,'PKP',0,0.00,0.00,0),('CS-0373','PT. SIGMAUTAMA PAINT','','JL. LANBAU KP. GUDANG BLOK - NO.- RT:004 RW:009 KEL.KARANG ASEM BARAT','KEC.CITEUREUP KOTA/KAB.BOGOR JAWA BARAT 16810','','','','','','','','','','IBU MELATI','08567811495','',0,0.00,0.00,0.00,16755500.00,16755500.00,'PKP',0,0.00,0.00,0),('CS-0374','PT. HADI JAYA BORE LAND','','JL. RAYA TRAWAS - MOJOSARI DSN MADYOPUTRO','KALIPURA, KEC. PUNGGING, MOJOKERTO - JAWA TIMUR','','','','','081357228880','','','','','IBU YUNANI','','',0,0.00,0.00,0.00,182000000.00,0.00,'PKP',0,0.00,0.00,0),('CS-0375','LIEM SIOE KHING (TOKO HANDAYANI)','','JL. WR SUPRATMAN NO. 111 TULUNGAGUNG JAWA TIMUR 66212','','','','','','','','','','','','','',0,0.00,0.00,0.00,25000000.00,25000000.00,'PKP',0,0.00,0.00,0),('CS-0376','PT. PUTRA DAKSA ENERGI','','INTILAND TOWER SUITE LEVEL 3 JALAN PANGLIMA SUDIRMAN','KEL.EMBONG KALIASIN KEC.GENTENG KOTA/KAB.SURABAYA JAWA TIMUR 60271','','','','','','','','','','','','',0,0.00,0.00,0.00,38850000.00,38850000.00,'PKP',0,0.00,0.00,0),('CS-0377','PT. KIMIA SATRIA UTAMA','','JL. DR RADJIMAN NO. 373 ','LAWEYAN SOLO','','','','','0859 1626 61662','','','','','','','',0,0.00,0.00,0.00,7152801.00,0.00,'PKP',0,0.00,0.00,0),('CS-0378','PT. ANTAMA KHARISMA ROSARI','','JL. KH. NOER ALI KALIMALANG CAMAN UTARA,','KEL.JAKASAMPURNA KEC.BEKASI BARAT KOTA/KAB.BEKASI','JAWA BARAT 17145','','','','','','','','','','','',0,0.00,0.00,0.00,24750000.00,0.00,'PKP',0,0.00,0.00,0),('CS-0379','MUHAMMAT SAHRI (PONDOK PESANTREN MINHAAJURROSYIDIN','','JL. SPG 7 BLOK - NO.17 RT:005 RW:009 KEL.LUBANG BUAYA ','KEC.CIPAYUNG KOTA/KAB.JAKARTA TIMUR DKI JAKARTA','','','','','','','','','','','','',0,0.00,0.00,0.00,16500000.00,0.00,'PKP',0,0.00,0.00,0),('CS-0380','DIAN RAHMAWATI','','KAMPUNG BARU GG H JEUNG NO. 9','KEL JURUMUDI KEC BENDA TANGERANG','','','','','0878 8393 7132','','','','','','','',0,0.00,0.00,0.00,13860006.00,0.00,'PKP',0,0.00,0.00,0),('CS-0381','PT CIPTA PRESISI SARANA TEKSINDO','','JALAN TANJUNG RAYA BUMI CIBINONG ENDAH ','BLOK C6 NO.28 RT:006 RW:009','KOTA/KAB.BOGOR JAWA BARAT','','','','','','','','','','','',0,0.00,0.00,0.00,15096000.00,0.00,'PKP',0,0.00,0.00,0),('CS-0382','PT. ANEKAMAKMUR TEKNIK NUSAJAYA','','JL. HAYAM WURUK , PERTOKOAN GLODOK MAKMUR BLOK - NO.32','KEL.MANGGA BESAR KEC.TAMAN SARI KOTA/KAB.JAKARTA BARAT','','','','','','','','','','BAPAK RUDY','0818736836','',0,0.00,0.00,0.00,3219000.00,0.00,'PKP',0,0.00,0.00,0),('CS-0383','PT. SARANA ELECTRINDO JAYA','','GD. KENARI MAS LT. LG BLOK B 199-200, JL. KRAMAT JAYA BLOK - NO.101','KEL.PASEBAN KEC.SENEN KOTA/KAB.JAKARTA PUSAT DKI JAKARTA 10410','','','','','','','','','','IBU YENNY','02139845743','',0,0.00,0.00,0.00,0.00,0.00,'PKP',0,0.00,0.00,0),('CS-0384','PT. DAMAI INDAH GOLF TBK','','JL. BUKIT GOLF I SEKTOR VI BUMI SERPONG DAMAI','KEL.SERPONG KEC.SERPONG KOTA/KAB.TANGERANG SELATAN BANTEN','','','','','','','','','','BAPAK ALMAN','081380499373','',0,0.00,0.00,0.00,38311568.00,0.00,'PKP',0,0.00,0.00,0);
/*!40000 ALTER TABLE `tbl_customer` ENABLE KEYS */;
UNLOCK TABLES;
COMMIT;

-- Dumped table `tbl_customer` with 380 row(s)
--

--
-- Table structure for table `tbl_detail_jurnal`
--

/*!40101 SET @saved_cs_client     = @@character_set_client */;
/*!40101 SET character_set_client = utf8 */;
CREATE TABLE `tbl_detail_jurnal` (
  `id_jurnal_detail` int(11) NOT NULL AUTO_INCREMENT,
  `no_voucher` varchar(30) DEFAULT NULL,
  `tgl_voucher` date DEFAULT NULL,
  `kode_account` varchar(10) DEFAULT NULL,
  `debet` double(14,2) DEFAULT NULL,
  `credit` double(14,2) DEFAULT NULL,
  `prime_debet` double(14,2) NOT NULL DEFAULT 0.00,
  `prime_credit` double(14,2) NOT NULL DEFAULT 0.00,
  `keterangan` varchar(100) DEFAULT NULL,
  `codejurnal` varchar(20) DEFAULT NULL,
  `rate` double(12,2) NOT NULL DEFAULT 0.00,
  PRIMARY KEY (`id_jurnal_detail`)
) ENGINE=InnoDB AUTO_INCREMENT=2399 DEFAULT CHARSET=utf8mb4 COLLATE=utf8mb4_general_ci;
/*!40101 SET character_set_client = @saved_cs_client */;

--
-- Dumping data for table `tbl_detail_jurnal`
--

LOCK TABLES `tbl_detail_jurnal` WRITE;
/*!40000 ALTER TABLE `tbl_detail_jurnal` DISABLE KEYS */;
SET autocommit=0;
INSERT INTO `tbl_detail_jurnal` VALUES (252,'CR-2023-00002','2023-01-02','1103.001',0.00,15600000.00,0.00,15600000.00,'PEMBAYARAN - PT. PUTRA JATNIKA','Customer Receipt',1.00),(253,'CR-2023-00002','2023-01-02','1102.001',15600000.00,0.00,15600000.00,0.00,'PEMBAYARAN - PT. PUTRA JATNIKA','Customer Receipt',1.00),(374,'0002-PI-2023','2023-02-13','2101.001',0.00,55866600.00,0.00,55866600.00,'PEMBELIAN DARI: ZHANGJIAGANG LINKER STAINLESS STEEL','Purchase Invoice',1.00),(375,'0002-PI-2023','2023-02-13','1105.001',55866600.00,0.00,55866600.00,0.00,'PEMBELIAN DARI: ZHANGJIAGANG LINKER STAINLESS STEEL','Purchase Invoice',1.00),(376,'0003-PI-2023','2023-02-06','2101.001',0.00,7002060.00,0.00,7002060.00,'PEMBELIAN DARI: ZHANGJIAGANG LINKER STAINLESS STEEL','Purchase Invoice',1.00),(377,'0003-PI-2023','2023-02-06','1105.001',7002060.00,0.00,7002060.00,0.00,'PEMBELIAN DARI: ZHANGJIAGANG LINKER STAINLESS STEEL','Purchase Invoice',1.00),(378,'001/MSI/FR/0123','2023-01-10','1103.001',13703750.00,0.00,13703750.00,0.00,'PENJUALAN - ( RAJA POMPA ) SUSWANTI','Sales Invoice',1.00),(379,'001/MSI/FR/0123','2023-01-10','4101.001',0.00,12345721.00,0.00,12345721.00,'PENJUALAN - ( RAJA POMPA ) SUSWANTI','Sales Invoice',1.00),(380,'001/MSI/FR/0123','2023-01-10','2104.005',0.00,1358029.00,0.00,1358029.00,'PENJUALAN - ( RAJA POMPA ) SUSWANTI','Sales Invoice',1.00),(381,'002/MSI/FR/0123','2023-01-06','1103.001',49603500.00,0.00,49603500.00,0.00,'PENJUALAN - PT ERICH BALIKPAPAN DRILLINDO','Sales Invoice',1.00),(382,'002/MSI/FR/0123','2023-01-06','4101.001',0.00,44687838.00,0.00,44687838.00,'PENJUALAN - PT ERICH BALIKPAPAN DRILLINDO','Sales Invoice',1.00),(383,'002/MSI/FR/0123','2023-01-06','2104.005',0.00,4915662.00,0.00,4915662.00,'PENJUALAN - PT ERICH BALIKPAPAN DRILLINDO','Sales Invoice',1.00),(387,'004/MSI-FR/I/23','2023-01-06','1103.001',381889.00,0.00,381889.00,0.00,'PENJUALAN - PT KENINDO UTAMA TEKNIK','Sales Invoice',1.00),(388,'004/MSI-FR/I/23','2023-01-06','4101.001',0.00,344044.00,0.00,344044.00,'PENJUALAN - PT KENINDO UTAMA TEKNIK','Sales Invoice',1.00),(389,'004/MSI-FR/I/23','2023-01-06','2104.005',0.00,37845.00,0.00,37845.00,'PENJUALAN - PT KENINDO UTAMA TEKNIK','Sales Invoice',1.00),(390,'005/MSI/FR/0123','2023-01-11','1103.001',19316000.00,0.00,19316000.00,0.00,'PENJUALAN - CV. MARVEL JAYA INDOTAMA','Sales Invoice',1.00),(391,'005/MSI/FR/0123','2023-01-11','4101.001',0.00,17401802.00,0.00,17401802.00,'PENJUALAN - CV. MARVEL JAYA INDOTAMA','Sales Invoice',1.00),(392,'005/MSI/FR/0123','2023-01-11','2104.005',0.00,1914198.00,0.00,1914198.00,'PENJUALAN - CV. MARVEL JAYA INDOTAMA','Sales Invoice',1.00),(393,'006/MSI/FR/0123','2023-01-11','1103.001',15664000.00,0.00,15664000.00,0.00,'PENJUALAN - PT. DELI KRISTAL SEJATI','Sales Invoice',1.00),(394,'006/MSI/FR/0123','2023-01-11','4101.001',0.00,14111712.00,0.00,14111712.00,'PENJUALAN - PT. DELI KRISTAL SEJATI','Sales Invoice',1.00),(395,'006/MSI/FR/0123','2023-01-11','2104.005',0.00,1552288.00,0.00,1552288.00,'PENJUALAN - PT. DELI KRISTAL SEJATI','Sales Invoice',1.00),(442,'008/MSI-FR/I/23','2023-01-18','1103.001',337333.00,0.00,337333.00,0.00,'PENJUALAN - PT KENINDO UTAMA TEKNIK','Sales Invoice',1.00),(443,'008/MSI-FR/I/23','2023-01-18','4101.001',0.00,303904.00,0.00,303904.00,'PENJUALAN - PT KENINDO UTAMA TEKNIK','Sales Invoice',1.00),(444,'008/MSI-FR/I/23','2023-01-18','2104.005',0.00,33429.00,0.00,33429.00,'PENJUALAN - PT KENINDO UTAMA TEKNIK','Sales Invoice',1.00),(478,'CR-2023-00004','2023-01-03','1103.001',0.00,5330000.00,0.00,5330000.00,'PEMBAYARAN - APPATINDO JATENG (DR. HADIYAH MELANIE)','Customer Receipt',1.00),(479,'CR-2023-00004','2023-01-03','1102.001',5330000.00,0.00,5330000.00,0.00,'PEMBAYARAN - APPATINDO JATENG (DR. HADIYAH MELANIE)','Customer Receipt',1.00),(517,'CR-2023-00005','2023-01-05','1103.001',0.00,12900000.00,0.00,12900000.00,'PEMBAYARAN - AGUS TRIYADI','Customer Receipt',1.00),(518,'CR-2023-00005','2023-01-05','1102.001',12900000.00,0.00,12900000.00,0.00,'PEMBAYARAN - AGUS TRIYADI','Customer Receipt',1.00),(519,'BF 080688','2023-01-05','6101.011',1560600.00,0.00,1560600.00,0.00,'KOMISI BAPAK DARMANTO (PUTRA JATNIKA)','Other Payment',1.00),(520,'BF 080688','2023-01-05','1102.001',0.00,1560600.00,0.00,1560600.00,'KOMISI BAPAK DARMANTO (PUTRA JATNIKA)','Other Payment',1.00),(521,'BF 080688-1','2023-01-05','6109.003',1361200.00,0.00,1361200.00,0.00,'BIAYA MEETING PA ANDRI DENGAN MR. MOYEZ ','Other Payment',1.00),(522,'BF 080688-1','2023-01-05','1102.001',0.00,1361200.00,0.00,1361200.00,'BIAYA MEETING PA ANDRI DENGAN MR. MOYEZ ','Other Payment',1.00),(607,'00002-JM-2023','2023-01-05','1102.001',0.00,4251300.00,0.00,4251300.00,'PENGISIAN KAS KECIL JS 23/PJ-I/001-015','Memorial',1.00),(608,'00002-JM-2023','2023-01-05','1101.001',4251300.00,0.00,4251300.00,0.00,'KAS KECIL JS 23/PJ-I/001-015','Memorial',1.00),(609,'00002-JM-2023','2023-01-05','1102.001',0.00,1937000.00,0.00,1937000.00,'PENGISIAN KAS KECIL OH','Memorial',1.00),(610,'00002-JM-2023','2023-01-05','1101.004',1937000.00,0.00,1937000.00,0.00,'KAS KECIL OH','Memorial',1.00),(611,'CR-2023-00006','2023-01-06','1103.001',0.00,27104962.00,0.00,27104962.00,'PEMBAYARAN - PT. REJO MAKMUR RETAILINDO','Customer Receipt',1.00),(612,'CR-2023-00006','2023-01-06','1102.001',27104962.00,0.00,27104962.00,0.00,'PEMBAYARAN - PT. REJO MAKMUR RETAILINDO','Customer Receipt',1.00),(622,'BF 080689-1','2023-01-09','6101.008',7246816.00,0.00,7246816.00,0.00,'BPJS TENAGAKERJA JANUARI 2023','Other Payment',1.00),(623,'BF 080689-1','2023-01-09','1102.001',0.00,7246816.00,0.00,7246816.00,'BPJS TENAGAKERJA JANUARI 2023','Other Payment',1.00),(624,'BF 080689-2','2023-01-09','2104.002',1931944.00,0.00,1931944.00,0.00,'PPH 21 DESEMBER 2022','Other Payment',1.00),(625,'BF 080689-2','2023-01-09','1102.001',0.00,1931944.00,0.00,1931944.00,'PPH 21 DESEMBER 2022','Other Payment',1.00),(626,'BF 080689-3','2023-01-09','2104.004',2679386.00,0.00,2679386.00,0.00,'PPH 25 DESEMBER 2022','Other Payment',1.00),(627,'BF 080689-3','2023-01-09','1102.001',0.00,2679386.00,0.00,2679386.00,'PPH 25 DESEMBER 2022','Other Payment',1.00),(628,'BF 080689-4','2023-01-09','2104.003',66500.00,0.00,66500.00,0.00,'PPH 23 DESEMBER 2022','Other Payment',1.00),(629,'BF 080689-4','2023-01-09','1102.001',0.00,66500.00,0.00,66500.00,'PPH 23 DESEMBER 2022','Other Payment',1.00),(670,'CR-2023-00007','2023-01-11','1103.001',0.00,14133000.00,0.00,14133000.00,'PEMBAYARAN - PT. HYDRORAYA ADHI PERKASA','Customer Receipt',1.00),(671,'CR-2023-00007','2023-01-11','1102.001',14133000.00,0.00,14133000.00,0.00,'PEMBAYARAN - PT. HYDRORAYA ADHI PERKASA','Customer Receipt',1.00),(676,'BF 080690','2023-01-12','6102.002',5000.00,0.00,5000.00,0.00,'BIAYA MATERAI','Other Payment',1.00),(677,'BF 080690','2023-01-12','6103.002',1354958.00,0.00,1354958.00,0.00,'TAGIHAN TELEPON','Other Payment',1.00),(678,'BF 080690','2023-01-12','6105.002',487500.00,0.00,487500.00,0.00,'SSD LAPTOP PAK KAMDANI','Other Payment',1.00),(679,'BF 080690','2023-01-12','1204.001',1435300.00,0.00,1435300.00,0.00,'PEMBELIAN HP BANG HERDI','Other Payment',1.00),(680,'BF 080690','2023-01-12','6107.002',565487.00,0.00,565487.00,0.00,'GOOGLE SUITE MULTISCREEN DAN GOOGLE STORAGE','Other Payment',1.00),(681,'BF 080690','2023-01-12','1102.001',0.00,3848245.00,0.00,3848245.00,'BIAYA KARTU KREDIT PA KAMDANI ','Other Payment',1.00),(686,'BF 080693','2023-01-17','6106.001',1420000.00,0.00,1420000.00,0.00,'PARCEL UNTUK BP. SUBRATA ( PT. WAHANA ) ','Other Payment',1.00),(687,'BF 080693','2023-01-17','1102.001',0.00,1420000.00,0.00,1420000.00,'PARCEL UNTUK BP. SUBRATA ( PT. WAHANA ) ','Other Payment',1.00),(688,'CR-2023-00009','2023-01-18','1103.001',0.00,81225000.00,0.00,81225000.00,'PEMBAYARAN - CV. MADYA KARYA','Customer Receipt',1.00),(689,'CR-2023-00009','2023-01-18','1102.001',81225000.00,0.00,81225000.00,0.00,'PEMBAYARAN - CV. MADYA KARYA','Customer Receipt',1.00),(690,'00005-JM-2023','2023-01-18','1102.001',0.00,2802500.00,0.00,2802500.00,'PENGISIAN KAS KECIL JS 23/PJ-I/016-030','Memorial',1.00),(691,'00005-JM-2023','2023-01-18','1101.001',2802500.00,0.00,2802500.00,0.00,'KAS KECIL JS 23/PJ-I/016-030','Memorial',1.00),(692,'00006-JM-2023','2023-01-18','1102.001',0.00,3719000.00,0.00,3719000.00,'PENGISIAN KAS KECIL OH','Memorial',1.00),(693,'00006-JM-2023','2023-01-18','1101.004',3719000.00,0.00,3719000.00,0.00,'KAS KECIL OH','Memorial',1.00),(694,'CR-2023-00010','2023-01-20','1103.001',0.00,4915000.00,0.00,4915000.00,'PEMBAYARAN - MAHMUDDIN HASAN (SETIAWAN MALIK)','Customer Receipt',1.00),(695,'CR-2023-00010','2023-01-20','1102.001',4915000.00,0.00,4915000.00,0.00,'PEMBAYARAN - MAHMUDDIN HASAN (SETIAWAN MALIK)','Customer Receipt',1.00),(703,'CR-2023-00011','2023-01-24','1103.001',0.00,6765000.00,0.00,6765000.00,'PEMBAYARAN - AGUS TRIYADI','Customer Receipt',1.00),(704,'CR-2023-00011','2023-01-24','1102.001',6765000.00,0.00,6765000.00,0.00,'PEMBAYARAN - AGUS TRIYADI','Customer Receipt',1.00),(705,'CR-2023-00012','2023-01-24','1103.001',0.00,32500000.00,0.00,32500000.00,'PEMBAYARAN - AGUS TRIYADI','Customer Receipt',1.00),(706,'CR-2023-00012','2023-01-24','1102.001',32500000.00,0.00,32500000.00,0.00,'PEMBAYARAN - AGUS TRIYADI','Customer Receipt',1.00),(743,'CR-2023-00013','2023-01-25','1103.001',0.00,7120000.00,0.00,7120000.00,'PEMBAYARAN - PT PARINDO TEKNIK MANDIRI','Customer Receipt',1.00),(744,'CR-2023-00013','2023-01-25','1102.001',7120000.00,0.00,7120000.00,0.00,'PEMBAYARAN - PT PARINDO TEKNIK MANDIRI','Customer Receipt',1.00),(748,'CR-2023-00015','2023-01-25','1103.001',0.00,6993000.00,0.00,6993000.00,'PEMBAYARAN - PT. PABRIK CAT TUNGGAL DJAJAJ INDAH','Customer Receipt',1.00),(749,'CR-2023-00015','2023-01-25','1102.001',6993000.00,0.00,6993000.00,0.00,'PEMBAYARAN - PT. PABRIK CAT TUNGGAL DJAJAJ INDAH','Customer Receipt',1.00),(753,'CR-2023-00017','2023-01-27','1103.001',0.00,4250000.00,0.00,4250000.00,'PEMBAYARAN - MAMAN','Customer Receipt',1.00),(754,'CR-2023-00017','2023-01-27','1102.001',4250000.00,0.00,4250000.00,0.00,'PEMBAYARAN - MAMAN','Customer Receipt',1.00),(755,'002','2023-01-30','6110.002',0.00,5081000.00,0.00,5081000.00,'Pengembalian uang SPTNP Screen tgl 25-10-2022','Other Receipt',1.00),(756,'002','2023-01-30','6102.006',0.00,-2900.00,0.00,-2900.00,'biaya admin','Other Receipt',1.00),(757,'002','2023-01-30','1102.001',5078100.00,0.00,5078100.00,0.00,'Pengembalian uang SPTNP Screen tgl 25-10-2022','Other Receipt',1.00),(758,'CR-2023-00018','2023-01-30','1103.001',0.00,7440000.00,0.00,7440000.00,'PEMBAYARAN - ARI SUDARSO','Customer Receipt',1.00),(759,'CR-2023-00018','2023-01-30','1102.001',7440000.00,0.00,7440000.00,0.00,'PEMBAYARAN - ARI SUDARSO','Customer Receipt',1.00),(762,'CR-2023-00019','2023-01-30','1103.001',0.00,1300000.00,0.00,1300000.00,'PEMBAYARAN - DINDA MULIDA','Customer Receipt',1.00),(763,'CR-2023-00019','2023-01-30','1102.001',1300000.00,0.00,1300000.00,0.00,'PEMBAYARAN - DINDA MULIDA','Customer Receipt',1.00),(778,'CR-2023-00016','2023-01-27','1103.001',0.00,19699600.00,0.00,19699600.00,'PEMBAYARAN - PT TIRTA ALAM SEGAR','Customer Receipt',1.00),(779,'CR-2023-00016','2023-01-27','1102.001',19699600.00,0.00,19699600.00,0.00,'PEMBAYARAN - PT TIRTA ALAM SEGAR','Customer Receipt',1.00),(784,'00007-JM-2023','2023-01-04','1102.003',0.00,50000000.00,0.00,50000000.00,'PB KE COMMBANK WF RUPIAH','Memorial',1.00),(785,'00007-JM-2023','2023-01-04','1102.006',50000000.00,0.00,50000000.00,0.00,'PB DARI FR RUPIAH','Memorial',1.00),(786,'VP-2023-00002','2023-01-04','2101.001',7360000.00,0.00,7360000.00,0.00,'PEMBAYARAN - PT. MULTI MITRA SENTOSA','Supplier Payment',1.00),(787,'VP-2023-00002','2023-01-04','1102.003',0.00,7360000.00,0.00,7360000.00,'PEMBAYARAN - PT. MULTI MITRA SENTOSA','Supplier Payment',1.00),(788,'CR-2023-00020','2023-01-04','1103.001',0.00,2005600.00,0.00,2005600.00,'PEMBAYARAN - BAPAK RONALD RENDIAWAN','Customer Receipt',1.00),(789,'CR-2023-00020','2023-01-04','1102.003',2005600.00,0.00,2005600.00,0.00,'PEMBAYARAN - BAPAK RONALD RENDIAWAN','Customer Receipt',1.00),(790,'BF 080672','2023-01-04','6109.006',2000000.00,0.00,2000000.00,0.00,'Pengambilan Pak Irwan (Term-2) biaya transport','Other Payment',1.00),(791,'BF 080672','2023-01-04','1102.003',0.00,2000000.00,0.00,2000000.00,'Pengambilan Pak Irwan (Term-2) biaya transport','Other Payment',1.00),(794,'CR-2023-00021','2023-01-05','1103.001',0.00,2000000.00,0.00,2000000.00,'PEMBAYARAN - ( BP. SASMITA ) CUCU SRI RAHAYU','Customer Receipt',1.00),(795,'CR-2023-00021','2023-01-05','1102.003',2000000.00,0.00,2000000.00,0.00,'PEMBAYARAN - ( BP. SASMITA ) CUCU SRI RAHAYU','Customer Receipt',1.00),(801,'CR-2023-00022','2023-01-10','1103.001',0.00,14685000.00,0.00,14685000.00,'PEMBAYARAN - PT KENINDO UTAMA TEKNIK','Customer Receipt',1.00),(802,'CR-2023-00022','2023-01-10','1102.003',14685000.00,0.00,14685000.00,0.00,'PEMBAYARAN - PT KENINDO UTAMA TEKNIK','Customer Receipt',1.00),(803,'CR-2023-00023','2023-01-10','1103.001',0.00,13703750.00,0.00,13703750.00,'PEMBAYARAN - ( RAJA POMPA ) SUSWANTI','Customer Receipt',1.00),(804,'CR-2023-00023','2023-01-10','1102.003',13703750.00,0.00,13703750.00,0.00,'PEMBAYARAN - ( RAJA POMPA ) SUSWANTI','Customer Receipt',1.00),(817,'BF 080674','2023-01-10','6112.002',3000000.00,0.00,3000000.00,0.00,'Google Ads Januari 2023','Other Payment',1.00),(818,'BF 080674','2023-01-10','1102.003',0.00,3000000.00,0.00,3000000.00,'Google Ads Januari 2023','Other Payment',1.00),(819,'CR-2023-00024','2023-01-11','1103.001',0.00,15664000.00,0.00,15664000.00,'PEMBAYARAN - PT. DELI KRISTAL SEJATI','Customer Receipt',1.00),(820,'CR-2023-00024','2023-01-11','1102.003',15664000.00,0.00,15664000.00,0.00,'PEMBAYARAN - PT. DELI KRISTAL SEJATI','Customer Receipt',1.00),(826,'CR-2023-00025','2023-01-11','1103.001',0.00,19316000.00,0.00,19316000.00,'PEMBAYARAN - CV. MARVEL JAYA INDOTAMA','Customer Receipt',1.00),(827,'CR-2023-00025','2023-01-11','1102.003',19316000.00,0.00,19316000.00,0.00,'PEMBAYARAN - CV. MARVEL JAYA INDOTAMA','Customer Receipt',1.00),(828,'CR-2023-00026','2023-01-12','1103.001',0.00,28165500.00,0.00,28165500.00,'PEMBAYARAN - PT ANDRITECHNINDO NILAMTUNGGAL','Customer Receipt',1.00),(829,'CR-2023-00026','2023-01-12','1102.003',28165500.00,0.00,28165500.00,0.00,'PEMBAYARAN - PT ANDRITECHNINDO NILAMTUNGGAL','Customer Receipt',1.00),(856,'BF 080675','2023-01-12','6102.002',5000.00,0.00,5000.00,0.00,'Biaya materai','Other Payment',1.00),(857,'BF 080675','2023-01-12','6103.002',917170.00,0.00,917170.00,0.00,'Tagihan Telepon ','Other Payment',1.00),(858,'BF 080675','2023-01-12','6105.002',487500.00,0.00,487500.00,0.00,'SSD Laptop pak kamdani','Other Payment',1.00),(859,'BF 080675','2023-01-12','1204.001',1459300.00,0.00,1459300.00,0.00,'HP untuk pak dadang','Other Payment',1.00),(860,'BF 080675','2023-01-12','6108.004',29437182.00,0.00,29437182.00,0.00,'PEMBELIAN MATERIAL PROYEK WF','Other Payment',1.00),(861,'BF 080675','2023-01-12','6102.004',298700.00,0.00,298700.00,0.00,'BIAYA PEMBELIAN SEPATU SAFETY PAK IRWAN DAN DADANG','Other Payment',1.00),(862,'BF 080675','2023-01-12','6102.001',391500.00,0.00,391500.00,0.00,'PEMBELIAN TINTA DAN KERTAS ','Other Payment',1.00),(863,'BF 080675','2023-01-12','1102.003',0.00,32996352.00,0.00,32996352.00,'Tagihan kartu kredit Pa Kamdani ','Other Payment',1.00),(867,'BF 080674-1','2023-01-10','1401.001',2500000.00,0.00,2500000.00,0.00,'Advance Pa Dadang ke Madiun ','Other Payment',1.00),(868,'BF 080674-1','2023-01-10','1102.003',0.00,2500000.00,0.00,2500000.00,'Advance Pa Dadang ke Madiun','Other Payment',1.00),(871,'005','2023-01-13','6108.003',0.00,182000.00,0.00,182000.00,'Penggantian biaya kirim PT Deli Kw. 003/MSI/KW/0123','Other Receipt',1.00),(872,'005','2023-01-13','1102.003',182000.00,0.00,182000.00,0.00,'Penggantian biaya kirim PT Deli Kw. 003/MSI/KW/0123','Other Receipt',1.00),(873,'00008-JM-2023','2023-01-13','1102.003',0.00,8418700.00,0.00,8418700.00,'PENGISIAN KAS KECIL WF JANUARI 2023','Memorial',1.00),(874,'00008-JM-2023','2023-01-13','1101.003',8418700.00,0.00,8418700.00,0.00,'KAS KECIL WF JANUARI 2023','Memorial',1.00),(875,'00009-JM-2023','2023-01-13','1102.003',0.00,1937000.00,0.00,1937000.00,'PENGISIAN KAS KECIL FR 23/PC-FR-I/001-013','Memorial',1.00),(876,'00009-JM-2023','2023-01-13','1101.002',1937000.00,0.00,1937000.00,0.00,'KAS KECIL FR 23/PC-FR-I/001-013','Memorial',1.00),(881,'BF 186202','2023-01-16','6107.002',2640000.00,0.00,2640000.00,0.00,'Perpanjang domain Submersiblepump 2023-2025 CV Rumah Web','Other Payment',1.00),(882,'BF 186202','2023-01-16','1106.001',290400.00,0.00,290400.00,0.00,'PPN MASUKAN CV RUMAH WEB','Other Payment',1.00),(883,'BF 186202','2023-01-16','1102.003',0.00,2930400.00,0.00,2930400.00,'Perpanjang domain Submersiblepump 2023-2025 ','Other Payment',1.00),(886,'BF 186203','2023-01-17','6108.004',2500000.00,0.00,2500000.00,0.00,'Biaya teknisi Pa Irwan pasang WTP dan Filter ','Other Payment',1.00),(887,'BF 186203','2023-01-17','1102.003',0.00,2500000.00,0.00,2500000.00,'Biaya teknisi Pa Irwan pasang WTP dan Filter ','Other Payment',1.00),(888,'CR-2023-00028','2023-01-18','1103.001',0.00,29363075.00,0.00,29363075.00,'PEMBAYARAN - PT. MITRA ABADI SAKTI','Customer Receipt',1.00),(889,'CR-2023-00028','2023-01-18','1102.003',29363075.00,0.00,29363075.00,0.00,'PEMBAYARAN - PT. MITRA ABADI SAKTI','Customer Receipt',1.00),(890,'BF 186204','2023-01-19','6108.004',3800000.00,0.00,3800000.00,0.00,'24Pcs # Bakteri STP Biolife PO. 024','Other Payment',1.00),(891,'BF 186204','2023-01-19','1102.003',0.00,3800000.00,0.00,3800000.00,'24Pcs # Bakteri STP Biolife PO. 024','Other Payment',1.00),(892,'BF 186204-1','2023-01-19','6108.004',2625000.00,0.00,2625000.00,0.00,'1Unit # Pompa Shimge BWJ 2-4 PO. 026','Other Payment',1.00),(893,'BF 186204-1','2023-01-19','1102.003',0.00,2625000.00,0.00,2625000.00,'1Unit # Pompa Shimge BWJ 2-4 PO. 026','Other Payment',1.00),(894,'BF 186204-2','2023-01-19','1401.001',0.00,2500000.00,0.00,2500000.00,'Pengembalian Advance Dadang dan Pak Kamdani ke Madiun tgl 10 Januari 2023','Other Receipt',1.00),(895,'BF 186204-2','2023-01-19','1102.003',2500000.00,0.00,2500000.00,0.00,'Pengembalian Advance Dadang dan Pak Kamdani ke Madiun tgl 10 Januari 2023','Other Receipt',1.00),(896,'BF 186204-3','2023-01-19','6104.003',1139500.00,0.00,1139500.00,0.00,'Biaya Toll Bapak Kamdani ke Madiun 09-11/01/2023','Other Payment',1.00),(897,'BF 186204-3','2023-01-19','6104.001',1211700.00,0.00,1211700.00,0.00,'Biaya BBM Bapak Kamdani ke Madiun 09-11/01/2023','Other Payment',1.00),(898,'BF 186204-3','2023-01-19','6109.003',387300.00,0.00,387300.00,0.00,'Biaya Makan dan Minum Bapak Kamdani ke Madiun 09-11/01/2023','Other Payment',1.00),(899,'BF 186204-3','2023-01-19','6109.001',433500.00,0.00,433500.00,0.00,'Biaya Hotel Bapak Kamdani ke Madiun 09-11/01/2023','Other Payment',1.00),(900,'BF 186204-3','2023-01-19','1102.003',0.00,3172000.00,0.00,3172000.00,'Biaya Pengeluaran Bapak Kamdani ke Madiun 09-11/01/2023','Other Payment',1.00),(903,'BF 186204-5','2023-01-19','6104.003',80000.00,0.00,80000.00,0.00,'Biaya Toll Pak Kamdani','Other Payment',1.00),(904,'BF 186204-5','2023-01-19','6104.002',12000.00,0.00,12000.00,0.00,'Biaya Parkir Pak Kamdani','Other Payment',1.00),(905,'BF 186204-5','2023-01-19','6104.001',3210100.00,0.00,3210100.00,0.00,'Bbm Pak Kamdani','Other Payment',1.00),(906,'BF 186204-5','2023-01-19','1102.003',0.00,3302100.00,0.00,3302100.00,'Biaya Pengeluaran Bapak Kamdani ','Other Payment',1.00),(907,'BF 186204-6','2023-01-19','6109.003',2617300.00,0.00,2617300.00,0.00,'Biaya pengeluaran Pa Kamdani Training Xylem','Other Payment',1.00),(908,'BF 186204-6','2023-01-19','1102.003',0.00,2617300.00,0.00,2617300.00,'Biaya pengeluaran Pa Kamdani Training Xylem','Other Payment',1.00),(909,'BF 186204-4','2023-01-19','6109.003',627400.00,0.00,627400.00,0.00,'Biaya Pengeluaran Bapak Kamdani (WF - Mall Boxies)','Other Payment',1.00),(910,'BF 186204-4','2023-01-19','1102.003',0.00,627400.00,0.00,627400.00,'Biaya Pengeluaran Bapak Kamdani (WF - Mall Boxies)','Other Payment',1.00),(933,'CR-2023-00029','2023-01-24','1103.001',0.00,2630000.00,0.00,2630000.00,'PEMBAYARAN - ( BP. SASMITA ) CUCU SRI RAHAYU','Customer Receipt',1.00),(934,'CR-2023-00029','2023-01-24','1102.003',2630000.00,0.00,2630000.00,0.00,'PEMBAYARAN - ( BP. SASMITA ) CUCU SRI RAHAYU','Customer Receipt',1.00),(935,'BF 186206','2023-01-25','2104.001',8089483.00,0.00,8089483.00,0.00,'PPN Desember 2022','Other Payment',1.00),(936,'BF 186206','2023-01-25','1102.003',0.00,8089483.00,0.00,8089483.00,'PPN Desember 2022','Other Payment',1.00),(937,'BF 186207','2023-01-25','6108.004',2000000.00,0.00,2000000.00,0.00,'Pak Irwan beli material pipa proyek mall boxies','Other Payment',1.00),(938,'BF 186207','2023-01-25','1102.003',0.00,2000000.00,0.00,2000000.00,'Pak Irwan beli material pipa proyek mall boxies','Other Payment',1.00),(939,'BF 186207-1','2023-01-25','6102.011',6750000.00,0.00,6750000.00,0.00,'Biaya operasional konsultan pajak November - Januari 2023 ','Other Payment',1.00),(940,'BF 186207-1','2023-01-25','1102.003',0.00,6750000.00,0.00,6750000.00,'Biaya operasional konsultan pajak November - Januari 2023 ','Other Payment',1.00),(941,'00010-JM-2023','2023-01-25','1102.003',0.00,5601000.00,0.00,5601000.00,'PENGISIAN KAS KECIL WF PROYEK JANUARI 2023','Memorial',1.00),(942,'00010-JM-2023','2023-01-25','1101.003',5601000.00,0.00,5601000.00,0.00,'KAS KECIL WF JANUARI 2023','Memorial',1.00),(943,'00011-JM-2023','2023-01-25','1102.003',0.00,2770500.00,0.00,2770500.00,'PENGISIAN KAS KECIL ADM OH JANUARI 2023','Memorial',1.00),(944,'00011-JM-2023','2023-01-25','1101.004',2770500.00,0.00,2770500.00,0.00,'KAS KECIL OH JANUARI 2023','Memorial',1.00),(945,'BF 186208','2023-01-27','6108.004',2000000.00,0.00,2000000.00,0.00,'Pembelian material Pak toni Ball Valve 2\" 5 pcs','Other Payment',1.00),(946,'BF 186208','2023-01-27','1102.003',0.00,2000000.00,0.00,2000000.00,'Pembelian material Pak toni Ball Valve 2\" 5 pcs','Other Payment',1.00),(947,'BF 186208-1','2023-01-27','6102.011',4500000.00,0.00,4500000.00,0.00,'Biaya training WTP Pa Kamdani di Jogja PT. Waterpedia ','Other Payment',1.00),(948,'BF 186208-1','2023-01-27','1102.003',0.00,4500000.00,0.00,4500000.00,'Biaya training WTP Pa Kamdani di Jogja PT. Waterpedia ','Other Payment',1.00),(965,'015','2023-01-02','6102.006',35000.00,0.00,35000.00,0.00,'Biaya administrasi ','Other Payment',1.00),(966,'015','2023-01-02','1102.008',0.00,35000.00,0.00,35000.00,'Biaya administrasi ','Other Payment',1.00),(967,'016','2023-01-31','8101.002',74.00,0.00,74.00,0.00,'Biaya pajak bank ','Other Payment',1.00),(968,'016','2023-01-31','1102.008',0.00,74.00,0.00,74.00,'Biaya pajak bank ','Other Payment',1.00),(971,'017','2023-01-15','6102.006',80000.00,0.00,80000.00,0.00,'Biaya Admin Bank ','Other Payment',1.00),(972,'017','2023-01-15','1102.005',0.00,80000.00,0.00,80000.00,'Biaya Admin Bank ','Other Payment',1.00),(975,'018','2023-01-02','8101.005',34584645.34,0.00,34584645.34,0.00,'Bunga Pinjaman Bank ','Other Payment',1.00),(976,'018','2023-01-02','1102.006',0.00,34584645.34,0.00,34584645.34,'Bunga Pinjaman Bank ','Other Payment',1.00),(989,'CR-2023-00033','2023-01-30','1103.001',0.00,24500000.00,0.00,24500000.00,'PEMBAYARAN - PT. KASABA BERKAH SUKSES','Customer Receipt',1.00),(990,'CR-2023-00033','2023-01-30','1102.003',24500000.00,0.00,24500000.00,0.00,'PEMBAYARAN - PT. KASABA BERKAH SUKSES','Customer Receipt',1.00),(991,'CR-2023-00034','2023-01-30','1103.001',0.00,42736500.00,0.00,42736500.00,'PEMBAYARAN - PT BUDI INDAH ABADI','Customer Receipt',1.00),(992,'CR-2023-00034','2023-01-30','1102.003',42736500.00,0.00,42736500.00,0.00,'PEMBAYARAN - PT BUDI INDAH ABADI','Customer Receipt',1.00),(1027,'014','2023-01-02','8101.005',9.23,0.00,9.23,0.00,'Bunga Pinjaman Bank ','Other Payment',15406.00),(1028,'014','2023-01-02','1102.004',0.00,9.23,0.00,9.23,'Bunga Pinjaman Bank ','Other Payment',15406.00),(1029,'003','2023-01-31','9101.001',0.00,118911.66,0.00,118911.66,'Biaya Bunga ','Other Receipt',1.00),(1030,'003','2023-01-31','1102.001',118911.66,0.00,118911.66,0.00,'Biaya Bunga ','Other Receipt',1.00),(1039,'019','2023-02-02','6102.006',2000.00,0.00,2000.00,0.00,'Biaya kliring ','Other Payment',1.00),(1040,'019','2023-02-02','1102.001',0.00,2000.00,0.00,2000.00,'Biaya kliring ','Other Payment',1.00),(1041,'CR-2023-00037','2023-02-06','1103.001',0.00,16294500.00,0.00,16294500.00,'PEMBAYARAN - PT ANDRITECHNINDO NILAMTUNGGAL','Customer Receipt',0.00),(1042,'CR-2023-00037','2023-02-06','1102.001',16294500.00,0.00,16294500.00,0.00,'PEMBAYARAN - PT ANDRITECHNINDO NILAMTUNGGAL','Customer Receipt',0.00),(1045,'020','2023-01-15','6102.006',30000.00,0.00,30000.00,0.00,'Biaya administrasi ','Other Payment',1.00),(1046,'020','2023-01-15','1102.001',0.00,30000.00,0.00,30000.00,'Biaya administrasi ','Other Payment',1.00),(1047,'BF 080695','2023-02-06','2104.006',3000000.00,0.00,3000000.00,0.00,'Pph Sewa kantor JS di Jl. Bakti ','Other Payment',1.00),(1048,'BF 080695','2023-02-06','1102.001',0.00,3000000.00,0.00,3000000.00,'Pph Sewa kantor JS di Jl. Bakti ','Other Payment',1.00),(1049,'BF 080673','2023-01-06','6108.004',37000000.00,0.00,37000000.00,0.00,'PEMBELIN MATERIAL','Other Payment',1.00),(1050,'BF 080673','2023-01-06','1102.003',0.00,37000000.00,0.00,37000000.00,'PEMBELIN MATERIAL','Other Payment',1.00),(1059,'BF 080691','2023-01-13','6113.001',30000000.00,0.00,30000000.00,0.00,'SEWA KANTOR MSI JL. BAKTI DIVISI JOHNSON ','Other Payment',1.00),(1060,'BF 080691','2023-01-13','2104.006',-3000000.00,0.00,-3000000.00,0.00,'PPH SEWA KANTOR MSI JL BAKTI DIVISI JOHNSON','Other Payment',1.00),(1061,'BF 080691','2023-01-13','1102.001',0.00,27000000.00,0.00,27000000.00,'SEWA KANTOR MSI JL. BAKTI DIVISI JOHNSON','Other Payment',1.00),(1062,'BF 080691-1','2023-01-13','6108.004',7000000.00,0.00,7000000.00,0.00,'Pembelian Material','Other Payment',1.00),(1063,'BF 080691-1','2023-01-13','1102.001',0.00,7000000.00,0.00,7000000.00,'Pembelian Material','Other Payment',1.00),(1074,'CR-2023-00038','2023-01-05','1103.001',0.00,5700000.00,0.00,5700000.00,'PEMBAYARAN - FERRY FERDIYANTO','Customer Receipt',0.00),(1075,'CR-2023-00038','2023-01-05','1102.001',5700000.00,0.00,5700000.00,0.00,'PEMBAYARAN - FERRY FERDIYANTO','Customer Receipt',0.00),(1076,'BF 080695-1','2023-02-06','6102.002',5000.00,0.00,5000.00,0.00,'pembelian materai','Other Payment',1.00),(1077,'BF 080695-1','2023-02-06','6103.002',1426197.00,0.00,1426197.00,0.00,'Biaya Telepon','Other Payment',1.00),(1078,'BF 080695-1','2023-02-06','6107.002',155907.00,0.00,155907.00,0.00,'Google Suite Multiscreen','Other Payment',1.00),(1079,'BF 080695-1','2023-02-06','1102.001',0.00,1587104.00,0.00,1587104.00,'Biaya kartu kredit panin januari 2023 ','Other Payment',1.00),(1080,'CR-2023-00039','2023-02-07','1103.001',0.00,1000000.00,0.00,1000000.00,'PEMBAYARAN - BPK SURYA	','Customer Receipt',0.00),(1081,'CR-2023-00039','2023-02-07','1102.001',1000000.00,0.00,1000000.00,0.00,'PEMBAYARAN - BPK SURYA	','Customer Receipt',0.00),(1082,'CR-2023-00040','2023-02-07','1103.001',0.00,2000000.00,0.00,2000000.00,'PEMBAYARAN - MANDIRI FORMULANSI ','Customer Receipt',0.00),(1083,'CR-2023-00040','2023-02-07','1102.001',2000000.00,0.00,2000000.00,0.00,'PEMBAYARAN - MANDIRI FORMULANSI ','Customer Receipt',0.00),(1084,'CR-2023-00041','2023-02-07','1103.001',0.00,2000000.00,0.00,2000000.00,'PEMBAYARAN - BPK HERMAN','Customer Receipt',0.00),(1085,'CR-2023-00041','2023-02-07','1102.001',2000000.00,0.00,2000000.00,0.00,'PEMBAYARAN - BPK HERMAN','Customer Receipt',0.00),(1086,'CR-2023-00042','2023-02-07','1103.001',0.00,3000000.00,0.00,3000000.00,'PEMBAYARAN - BPK HERMAN','Customer Receipt',0.00),(1087,'CR-2023-00042','2023-02-07','1102.001',3000000.00,0.00,3000000.00,0.00,'PEMBAYARAN - BPK HERMAN','Customer Receipt',0.00),(1090,'00013-JM-2023','2023-02-07','1102.001',0.00,3814000.00,0.00,3814000.00,'pengisian Kas Kecil Kas kecil JS 23/PJ-II/031 - 046','Memorial',1.00),(1091,'00013-JM-2023','2023-02-07','1101.001',3814000.00,0.00,3814000.00,0.00,'Kas kecil JS 23/PJ-II/031 - 046','Memorial',1.00),(1092,'00014-JM-2023','2023-02-07','1102.001',0.00,4981000.00,0.00,4981000.00,'Pengisian Kas kecil OH Adm','Memorial',1.00),(1093,'00014-JM-2023','2023-02-07','1101.004',4981000.00,0.00,4981000.00,0.00,'Kas kecil OH Adm','Memorial',1.00),(1094,'021','2023-02-08','6102.008',275000.00,0.00,275000.00,0.00,'Cetak buku cek ','Other Payment',1.00),(1095,'021','2023-02-08','1102.001',0.00,275000.00,0.00,275000.00,'Cetak buku cek ','Other Payment',1.00),(1096,'CR-2023-00043','2023-02-10','1103.001',0.00,5142400.00,0.00,5142400.00,'PEMBAYARAN - BAPAK EDY KASTYONO SANTOSO','Customer Receipt',0.00),(1097,'CR-2023-00043','2023-02-10','1102.001',5142400.00,0.00,5142400.00,0.00,'PEMBAYARAN - BAPAK EDY KASTYONO SANTOSO','Customer Receipt',0.00),(1098,'CR-2023-00044','2023-02-10','1103.001',0.00,20000000.00,0.00,20000000.00,'PEMBAYARAN - BAPAK EDY KASTYONO SANTOSO','Customer Receipt',0.00),(1099,'CR-2023-00044','2023-02-10','1102.001',20000000.00,0.00,20000000.00,0.00,'PEMBAYARAN - BAPAK EDY KASTYONO SANTOSO','Customer Receipt',0.00),(1100,'CR-2023-00045','2023-02-10','1103.001',0.00,5000000.00,0.00,5000000.00,'PEMBAYARAN - BPK HAFIS','Customer Receipt',0.00),(1101,'CR-2023-00045','2023-02-10','1102.001',5000000.00,0.00,5000000.00,0.00,'PEMBAYARAN - BPK HAFIS','Customer Receipt',0.00),(1104,'CR-2023-00046','2023-02-10','1103.001',0.00,5100000.00,0.00,5100000.00,'PEMBAYARAN - BPK ISMAIL','Customer Receipt',0.00),(1105,'CR-2023-00046','2023-02-10','1102.001',5100000.00,0.00,5100000.00,0.00,'PEMBAYARAN - BPK ISMAIL','Customer Receipt',0.00),(1106,'CR-2023-00047','2023-02-10','1103.001',0.00,6470000.00,0.00,6470000.00,'PEMBAYARAN - BPK YUDI','Customer Receipt',0.00),(1107,'CR-2023-00047','2023-02-10','1102.001',6470000.00,0.00,6470000.00,0.00,'PEMBAYARAN - BPK YUDI','Customer Receipt',0.00),(1108,'CR-2023-00048','2023-02-10','1103.001',0.00,8900000.00,0.00,8900000.00,'PEMBAYARAN - BPK SURYA	','Customer Receipt',0.00),(1109,'CR-2023-00048','2023-02-10','1102.001',8900000.00,0.00,8900000.00,0.00,'PEMBAYARAN - BPK SURYA	','Customer Receipt',0.00),(1110,'CR-2023-00049','2023-02-10','1103.001',0.00,10800000.00,0.00,10800000.00,'PEMBAYARAN - MOCH FATKHI	','Customer Receipt',0.00),(1111,'CR-2023-00049','2023-02-10','1102.001',10800000.00,0.00,10800000.00,0.00,'PEMBAYARAN - MOCH FATKHI	','Customer Receipt',0.00),(1112,'CR-2023-00050','2023-02-10','1103.001',0.00,74620000.00,0.00,74620000.00,'PEMBAYARAN - SUMBER JAYA URIP (MURSID)','Customer Receipt',0.00),(1113,'CR-2023-00050','2023-02-10','1102.001',74620000.00,0.00,74620000.00,0.00,'PEMBAYARAN - SUMBER JAYA URIP (MURSID)','Customer Receipt',0.00),(1114,'CR-2023-00051','2023-02-10','1103.001',0.00,15000000.00,0.00,15000000.00,'PEMBAYARAN - BPK HERMAN','Customer Receipt',0.00),(1115,'CR-2023-00051','2023-02-10','1102.001',15000000.00,0.00,15000000.00,0.00,'PEMBAYARAN - BPK HERMAN','Customer Receipt',0.00),(1116,'023','2023-02-10','6108.003',2600000.00,0.00,2600000.00,0.00,'Advance bayu untuk biaya ekspedisi ','Other Payment',1.00),(1117,'023','2023-02-10','1102.001',0.00,2600000.00,0.00,2600000.00,'Advance bayu untuk biaya ekspedisi ','Other Payment',1.00),(1118,'BF 080697','2023-02-10','6105.001',3067000.00,0.00,3067000.00,0.00,'Biaya perpanjang STNK mobil Pa Kamdani ','Other Payment',1.00),(1119,'BF 080697','2023-02-10','1102.001',0.00,3067000.00,0.00,3067000.00,'Biaya perpanjang STNK mobil Pa Kamdani ','Other Payment',1.00),(1120,'BF 080697-1','2023-02-10','6108.004',1000000.00,0.00,1000000.00,0.00,'Biaya fabrikasi nozzle ','Other Payment',1.00),(1121,'BF 080697-1','2023-02-10','1102.001',0.00,1000000.00,0.00,1000000.00,'Biaya fabrikasi nozzle ','Other Payment',1.00),(1128,'CR-2023-00052','2023-02-13','1103.001',0.00,5464000.00,0.00,5464000.00,'PEMBAYARAN - SUMBER JAYA URIP (MURSID)','Customer Receipt',0.00),(1129,'CR-2023-00052','2023-02-13','1102.001',5464000.00,0.00,5464000.00,0.00,'PEMBAYARAN - SUMBER JAYA URIP (MURSID)','Customer Receipt',0.00),(1130,'CR-2023-00053','2023-02-13','1103.001',0.00,10290000.00,0.00,10290000.00,'PEMBAYARAN - MANDIRI FORMULANSI ','Customer Receipt',0.00),(1131,'CR-2023-00053','2023-02-13','1102.001',10290000.00,0.00,10290000.00,0.00,'PEMBAYARAN - MANDIRI FORMULANSI ','Customer Receipt',0.00),(1132,'BF 080698','2023-02-14','6108.004',7600000.00,0.00,7600000.00,0.00,'biaya perbaikan proyek pulang pisau','Other Payment',1.00),(1133,'BF 080698','2023-02-14','1102.001',0.00,7600000.00,0.00,7600000.00,'biaya perbaikan proyek pulang pisau','Other Payment',1.00),(1134,'024','2023-02-15','6108.003',0.00,2600000.00,0.00,2600000.00,'Pengembalian Advance biaya kirim','Other Receipt',1.00),(1135,'024','2023-02-15','1102.001',2600000.00,0.00,2600000.00,0.00,'Pengembalian Advance biaya kirim','Other Receipt',1.00),(1142,'CR-2023-00054','2023-02-15','1103.001',0.00,59430000.00,0.00,59430000.00,'PEMBAYARAN - SUMBER JAYA URIP (MURSID)','Customer Receipt',0.00),(1143,'CR-2023-00054','2023-02-15','1102.001',59430000.00,0.00,59430000.00,0.00,'PEMBAYARAN - SUMBER JAYA URIP (MURSID)','Customer Receipt',0.00),(1146,'BF 080699','2023-02-16','6104.003',24000.00,0.00,24000.00,0.00,'Biaya Toll pak aheng ke surabaya','Other Payment',1.00),(1147,'BF 080699','2023-02-16','6104.002',10000.00,0.00,10000.00,0.00,'biaya parkir di bandara soekarno','Other Payment',1.00),(1148,'BF 080699','2023-02-16','6109.006',695000.00,0.00,695000.00,0.00,'biaya taxi rumah, bandara, hotel, ke KBA','Other Payment',1.00),(1149,'BF 080699','2023-02-16','6109.003',835750.00,0.00,835750.00,0.00,'Biaya makan pagi, siang dan malam pak aheng ke surabaya','Other Payment',1.00),(1150,'BF 080699','2023-02-16','6109.004',1434799.00,0.00,1434799.00,0.00,'tiket pesawat soetta-SBY PP','Other Payment',1.00),(1151,'BF 080699','2023-02-16','6109.001',463751.00,0.00,463751.00,0.00,'Biaya hotel','Other Payment',1.00),(1152,'BF 080699','2023-02-16','1102.001',0.00,3463300.00,0.00,3463300.00,'Biaya perjalanan Pa Aheng ke Surabaya ','Other Payment',1.00),(1153,'BF 080699-1','2023-02-16','6109.004',1970000.00,0.00,1970000.00,0.00,'Tiket pesawat Pa Andri & Pa Willy ke Lombok','Other Payment',1.00),(1154,'BF 080699-1','2023-02-16','1102.001',0.00,1970000.00,0.00,1970000.00,'Tiket pesawat Pa Andri & Pa Willy ke Lombok','Other Payment',1.00),(1155,'BF 080699-3','2023-02-16','6109.003',1563900.00,0.00,1563900.00,0.00,'Biaya meeting operasional Pa Andri ','Other Payment',1.00),(1156,'BF 080699-3','2023-02-16','1102.001',0.00,1563900.00,0.00,1563900.00,'Biaya meeting operasional Pa Andri ','Other Payment',1.00),(1157,'CR-2023-00055','2023-02-17','1103.001',0.00,10000000.00,0.00,10000000.00,'PEMBAYARAN - CV. SUMBER NIAGA','Customer Receipt',0.00),(1158,'CR-2023-00055','2023-02-17','1102.001',10000000.00,0.00,10000000.00,0.00,'PEMBAYARAN - CV. SUMBER NIAGA','Customer Receipt',0.00),(1159,'00015-JM-2023','2023-02-17','1102.001',0.00,64600000.00,0.00,64600000.00,'PB Ke Maybank JS','Memorial',1.00),(1160,'00015-JM-2023','2023-02-17','1102.008',64600000.00,0.00,64600000.00,0.00,'PB dari Panin JS Rupiah','Memorial',1.00),(1161,'BF 186301','2023-02-20','6101.011',1000200.00,0.00,1000200.00,0.00,'Komisi Bp. Kimto','Other Payment',1.00),(1162,'BF 186301','2023-02-20','1102.001',0.00,1000200.00,0.00,1000200.00,'Komisi Bp. Kimto','Other Payment',1.00),(1163,'BF 186301-1','2023-02-20','6112.002',2000000.00,0.00,2000000.00,0.00,'Pembuatan brosur katalog MSI','Other Payment',1.00),(1164,'BF 186301-1','2023-02-20','1102.001',0.00,2000000.00,0.00,2000000.00,'Pembuatan brosur katalog MSI','Other Payment',1.00),(1165,'CR-2023-00056','2023-02-21','1103.001',0.00,9950000.00,0.00,9950000.00,'PEMBAYARAN - MANDIRI FORMULANSI ','Customer Receipt',0.00),(1166,'CR-2023-00056','2023-02-21','1102.001',9950000.00,0.00,9950000.00,0.00,'PEMBAYARAN - MANDIRI FORMULANSI ','Customer Receipt',0.00),(1167,'00016-JM-2023','2023-02-21','1102.001',0.00,3804000.00,0.00,3804000.00,'pengisian Kas kecil JS 23/PJ-II/047 - 064','Memorial',1.00),(1168,'00016-JM-2023','2023-02-21','1101.001',3804000.00,0.00,3804000.00,0.00,'Kas kecil JS 23/PJ-II/047 - 064','Memorial',1.00),(1169,'CR-2023-00057','2023-02-24','1103.001',0.00,6287500.00,0.00,6287500.00,'PEMBAYARAN - ARI SUDARSO','Customer Receipt',0.00),(1170,'CR-2023-00057','2023-02-24','1102.001',6287500.00,0.00,6287500.00,0.00,'PEMBAYARAN - ARI SUDARSO','Customer Receipt',0.00),(1171,'CR-2023-00058','2023-02-24','1103.001',0.00,13800000.00,0.00,13800000.00,'PEMBAYARAN - CV UMBUL SITI','Customer Receipt',0.00),(1172,'CR-2023-00058','2023-02-24','1102.001',13800000.00,0.00,13800000.00,0.00,'PEMBAYARAN - CV UMBUL SITI','Customer Receipt',0.00),(1173,'CR-2023-00059','2023-02-24','1103.001',0.00,7500000.00,0.00,7500000.00,'PEMBAYARAN - CV UMBUL SITI','Customer Receipt',0.00),(1174,'CR-2023-00059','2023-02-24','1102.001',7500000.00,0.00,7500000.00,0.00,'PEMBAYARAN - CV UMBUL SITI','Customer Receipt',0.00),(1177,'CR-2023-00060','2023-02-24','1103.001',0.00,5000000.00,0.00,5000000.00,'PEMBAYARAN - RUDI KUSBIYANTORO','Customer Receipt',0.00),(1178,'CR-2023-00060','2023-02-24','1102.001',5000000.00,0.00,5000000.00,0.00,'PEMBAYARAN - RUDI KUSBIYANTORO','Customer Receipt',0.00),(1179,'BF 186303','2023-02-24','6108.004',882500.00,0.00,882500.00,0.00,'BIAYA PEMBELIAN MATERIAL UNTUK CAT RUANGAN DAN KABEL TIES','Other Payment',1.00),(1180,'BF 186303','2023-02-24','6104.002',22000.00,0.00,22000.00,0.00,'parkir pak agus Pindahan arsip ke Gudang Era','Other Payment',1.00),(1181,'BF 186303','2023-02-24','6104.001',33000.00,0.00,33000.00,0.00,'bbm pak agus Pindahan arsip ke Gudang Era','Other Payment',1.00),(1182,'BF 186303','2023-02-24','6104.003',32000.00,0.00,32000.00,0.00,'toll pak agus Pindahan arsip ke Gudang Era','Other Payment',1.00),(1183,'BF 186303','2023-02-24','6109.003',606000.00,0.00,606000.00,0.00,'biaya makan dan minum pak agus Pindahan arsip ke Gudang Era','Other Payment',1.00),(1184,'BF 186303','2023-02-24','6108.005',450000.00,0.00,450000.00,0.00,'kuli','Other Payment',1.00),(1185,'BF 186303','2023-02-24','6109.006',3000000.00,0.00,3000000.00,0.00,'biaya transport Pindahan arsip ke Gudang Era','Other Payment',1.00),(1186,'BF 186303','2023-02-24','1102.001',0.00,5025500.00,0.00,5025500.00,'Biaya operasional Pindahan arsip ke Gudang Era','Other Payment',1.00),(1191,'027','2023-02-28','8101.002',37665.94,0.00,37665.94,0.00,'Pajak Bunga ','Other Payment',1.00),(1192,'027','2023-02-28','1102.001',0.00,37665.94,0.00,37665.94,'Pajak Bunga ','Other Payment',1.00),(1193,'BF 186305','2023-02-28','6109.003',546500.00,0.00,546500.00,0.00,'Biaya meeting Bp. Andri','Other Payment',1.00),(1194,'BF 186305','2023-02-28','1102.001',0.00,546500.00,0.00,546500.00,'Biaya meeting Bp. Andri','Other Payment',1.00),(1195,'BF 186305-1','2023-02-28','6109.003',2435000.00,0.00,2435000.00,0.00,'Biaya Makan Perjalanan pak andri ke Lombok','Other Payment',1.00),(1196,'BF 186305-1','2023-02-28','6109.001',1655400.00,0.00,1655400.00,0.00,'Biaya Hotel Pak Andri ke Lombok','Other Payment',1.00),(1197,'BF 186305-1','2023-02-28','6109.006',1075000.00,0.00,1075000.00,0.00,'transport pak andri ke Lombok','Other Payment',1.00),(1198,'BF 186305-1','2023-02-28','6109.004',1380000.00,0.00,1380000.00,0.00,'tiket pesawat pulang 2 orang','Other Payment',1.00),(1199,'BF 186305-1','2023-02-28','6112.001',1600000.00,0.00,1600000.00,0.00,'souvenir oleh oleh pak andri ke lombok','Other Payment',1.00),(1200,'BF 186305-1','2023-02-28','8101.001',1500000.00,0.00,1500000.00,0.00,'biaya admin pak andri ke lombok','Other Payment',1.00),(1201,'BF 186305-1','2023-02-28','1102.001',0.00,9645400.00,0.00,9645400.00,'Biaya perjalanan Pa Andri ke Lombok ','Other Payment',1.00),(1202,'004/MSI-AO/I/2023','2023-01-09','1103.001',62160000.00,0.00,62160000.00,0.00,'PENJUALAN - PT. MITRA BELANJA ANDA','Sales Invoice',1.00),(1203,'004/MSI-AO/I/2023','2023-01-09','4101.003',0.00,56000000.00,0.00,56000000.00,'PENJUALAN - PT. MITRA BELANJA ANDA','Sales Invoice',1.00),(1204,'004/MSI-AO/I/2023','2023-01-09','2104.005',0.00,6160000.00,0.00,6160000.00,'PENJUALAN - PT. MITRA BELANJA ANDA','Sales Invoice',1.00),(1205,'004/MSI-AO/I/2023','2023-01-09','5101.003',0.00,0.00,0.00,0.00,'PENJUALAN - PT. MITRA BELANJA ANDA','Sales Invoice',1.00),(1206,'004/MSI-AO/I/2023','2023-01-09','1105.003',0.00,0.00,0.00,0.00,'PENJUALAN - PT. MITRA BELANJA ANDA','Sales Invoice',1.00),(1210,'003/MSI-AO/I/2023','2023-01-09','1103.001',204240000.00,0.00,204240000.00,0.00,'PENJUALAN - PT. MITRA BELANJA ANDA','Sales Invoice',1.00),(1211,'003/MSI-AO/I/2023','2023-01-09','4101.003',0.00,184000000.00,0.00,184000000.00,'PENJUALAN - PT. MITRA BELANJA ANDA','Sales Invoice',1.00),(1212,'003/MSI-AO/I/2023','2023-01-09','2104.005',0.00,20240000.00,0.00,20240000.00,'PENJUALAN - PT. MITRA BELANJA ANDA','Sales Invoice',1.00),(1213,'003/MSI-AO/I/2023','2023-01-09','5101.003',0.00,0.00,0.00,0.00,'PENJUALAN - PT. MITRA BELANJA ANDA','Sales Invoice',1.00),(1214,'003/MSI-AO/I/2023','2023-01-09','1105.003',0.00,0.00,0.00,0.00,'PENJUALAN - PT. MITRA BELANJA ANDA','Sales Invoice',1.00),(1221,'008/MSI-AO/I/2023','2023-01-18','1103.001',91020000.00,0.00,91020000.00,0.00,'PENJUALAN - PT. MITRA BELANJA ANDA','Sales Invoice',1.00),(1222,'008/MSI-AO/I/2023','2023-01-18','4101.003',0.00,82000000.00,0.00,82000000.00,'PENJUALAN - PT. MITRA BELANJA ANDA','Sales Invoice',1.00),(1223,'008/MSI-AO/I/2023','2023-01-18','2104.005',0.00,9020000.00,0.00,9020000.00,'PENJUALAN - PT. MITRA BELANJA ANDA','Sales Invoice',1.00),(1224,'008/MSI-AO/I/2023','2023-01-18','5101.003',0.00,0.00,0.00,0.00,'PENJUALAN - PT. MITRA BELANJA ANDA','Sales Invoice',1.00),(1225,'008/MSI-AO/I/2023','2023-01-18','1105.003',0.00,0.00,0.00,0.00,'PENJUALAN - PT. MITRA BELANJA ANDA','Sales Invoice',1.00),(1251,'VP-2023-00005','2023-01-20','2101.001',22046688.00,0.00,22046688.00,0.00,'PEMBAYARAN - PT. SOUTHERN INDONESIA','Supplier Payment',1.00),(1252,'VP-2023-00005','2023-01-20','1102.003',0.00,22046688.00,0.00,22046688.00,'PEMBAYARAN - PT. SOUTHERN INDONESIA','Supplier Payment',1.00),(1263,'026A','2023-02-15','6102.006',30000.00,0.00,30000.00,0.00,'Biaya administrasi ','Other Payment',1.00),(1264,'026A','2023-02-15','1102.001',0.00,30000.00,0.00,30000.00,'Biaya administrasi ','Other Payment',1.00),(1265,'025A','2023-02-15','6109.006',600000.00,0.00,600000.00,0.00,'Pengiriman Screen ke Tanah Abang, Kampung Bandan, Pasar Senen','Other Payment',1.00),(1266,'025A','2023-02-15','6108.005',14000.00,0.00,14000.00,0.00,'biaya kuli ekspedisi','Other Payment',1.00),(1267,'025A','2023-02-15','6109.003',20000.00,0.00,20000.00,0.00,'biaya pembelian air','Other Payment',1.00),(1268,'025A','2023-02-15','6108.004',66000.00,0.00,66000.00,0.00,'pembelian cat silver','Other Payment',1.00),(1269,'025A','2023-02-15','6108.003',1800000.00,0.00,1800000.00,0.00,'biaya ekspedisi PT Kharisma','Other Payment',1.00),(1270,'025A','2023-02-15','1102.001',0.00,2500000.00,0.00,2500000.00,'Biaya pengeluaran Bayu kirim barang PT Parindo, Bapak Edy Makassar, Mandiri Formulansi','Other Payment',1.00),(1271,'013A','2023-01-31','8101.002',17732.91,0.00,17732.91,0.00,'Pajak Bunga ','Other Payment',1.00),(1272,'013A','2023-01-31','1102.003',0.00,17732.91,0.00,17732.91,'Pajak Bunga ','Other Payment',1.00),(1273,'012A','2023-01-31','2106.001',32676784.00,0.00,32676784.00,0.00,'Payroll Gaji FR Januari 2023','Other Payment',1.00),(1274,'012A','2023-01-31','1102.003',0.00,32676784.00,0.00,32676784.00,'Payroll Gaji FR Januari 2023','Other Payment',1.00),(1275,'006A','2023-01-31','8101.002',23782.33,0.00,23782.33,0.00,'Pajak Bunga ','Other Payment',1.00),(1276,'006A','2023-01-31','1102.001',0.00,23782.33,0.00,23782.33,'Pajak Bunga ','Other Payment',1.00),(1277,'001A','2023-01-31','2106.001',77331353.00,0.00,77331353.00,0.00,'PAYROLL GAJI JS JANUARI 2023','Other Payment',1.00),(1278,'001A','2023-01-31','1102.001',0.00,77331353.00,0.00,77331353.00,'PAYROLL GAJI JS JANUARI 2023','Other Payment',1.00),(1279,'004A','2023-01-20','6102.006',2000.00,0.00,2000.00,0.00,'Biaya Kliring ','Other Payment',1.00),(1280,'004A','2023-01-20','1102.001',0.00,2000.00,0.00,2000.00,'Biaya Kliring ','Other Payment',1.00),(1281,'011A','2023-01-15','6102.006',30000.00,0.00,30000.00,0.00,'Biaya administrasi Bank ','Other Payment',1.00),(1282,'011A','2023-01-15','1102.003',0.00,30000.00,0.00,30000.00,'Biaya administrasi Bank ','Other Payment',1.00),(1283,'010A','2023-01-12','6102.008',275000.00,0.00,275000.00,0.00,'Cetak buku cek','Other Payment',1.00),(1284,'010A','2023-01-12','1102.003',0.00,275000.00,0.00,275000.00,'Cetak buku cek','Other Payment',1.00),(1285,'009A','2023-01-09','6102.006',2000.00,0.00,2000.00,0.00,'Biaya Kliring ','Other Payment',1.00),(1286,'009A','2023-01-09','1102.003',0.00,2000.00,0.00,2000.00,'Biaya Kliring ','Other Payment',1.00),(1287,'008A','2023-01-10','6102.006',2000.00,0.00,2000.00,0.00,'Biaya Kliring ','Other Payment',1.00),(1288,'008A','2023-01-10','1102.003',0.00,2000.00,0.00,2000.00,'Biaya Kliring ','Other Payment',1.00),(1289,'007A','2023-01-04','6112.002',1500000.00,0.00,1500000.00,0.00,'Biaya Partisipasi Bp. Sumardi Proyek South Quarter','Other Payment',1.00),(1290,'007A','2023-01-04','1102.003',0.00,1500000.00,0.00,1500000.00,'Partisipasi Bp. Sumardi','Other Payment',1.00),(1291,'026','2023-02-28','9101.001',0.00,188329.69,0.00,188329.69,'Biaya Bunga ','Other Receipt',1.00),(1292,'026','2023-02-28','1102.001',188329.69,0.00,188329.69,0.00,'Biaya Bunga ','Other Receipt',1.00),(1293,'025','2023-02-24','6108.003',0.00,175000.00,0.00,175000.00,'Penggantian Biaya Kirim CV Umbul Siti Kw. 06/MSI.VIII/2022','Other Receipt',1.00),(1294,'025','2023-02-24','1102.001',175000.00,0.00,175000.00,0.00,'Penggantian Biaya Kirim CV Umbul Siti Kw. 06/MSI.VIII/2022','Other Receipt',1.00),(1295,'013','2023-02-13','6108.003',0.00,1800000.00,0.00,1800000.00,'penggantian Biaya Kirim Bapak Edy Kw. 01/MSI.II/2023','Other Receipt',1.00),(1296,'013','2023-02-13','1102.001',1800000.00,0.00,1800000.00,0.00,'penggantian Biaya Kirim Bapak Edy Kw. 01/MSI.II/2023','Other Receipt',1.00),(1297,'012','2023-02-10','2105.001',0.00,15000000.00,0.00,15000000.00,'DP CV MAGHROBI','Other Receipt',1.00),(1298,'012','2023-02-10','1102.001',15000000.00,0.00,15000000.00,0.00,'DP CV MAGHROBI','Other Receipt',1.00),(1299,'006','2023-01-16','6108.003',0.00,200000.00,0.00,200000.00,'Penggantian biaya kirim CV Marvel Kw. 002/MSI/KW/0123','Other Receipt',1.00),(1300,'006','2023-01-16','1102.003',200000.00,0.00,200000.00,0.00,'Penggantian biaya kirim CV Marvel Kw. 002/MSI/KW/0123','Other Receipt',1.00),(1301,'001','2023-01-06','6108.003',0.00,488000.00,0.00,0.00,'PENGGANTIAN BIAYA KIRIM REJO MAKMUR KW. 09/MSI.XI/2022','Other Receipt',0.00),(1302,'001','2023-01-06','1102.001',488000.00,0.00,0.00,0.00,'PENGGANTIAN BIAYA KIRIM  KW. 09/MSI.XI/2022','Other Receipt',0.00),(1303,'004','2023-01-01','9101.999',0.00,1545000.00,0.00,1545000.00,'Surat jalan No 02 Desember 2022 Bapak Husen Wijaya (Charge Kunjungan Jasa Teknisi dan Transport ','Other Receipt',1.00),(1304,'004','2023-01-01','1102.003',1545000.00,0.00,1545000.00,0.00,'Surat jalan No 02 Desember 2022 Bapak Husen Wijaya (Charge Kunjungan Jasa Teknisi dan Transport ','Other Receipt',1.00),(1305,'011','2023-02-06','6108.003',0.00,100000.00,0.00,100000.00,'Penggantian biaya kirim AT-Div Bapak Didi Kw. 10/MSI.XII/2022','Other Receipt',1.00),(1306,'011','2023-02-06','1102.001',100000.00,0.00,100000.00,0.00,'Penggantian biaya kirim AT-Div Bapak Didi Kw. 10/MSI.XII/2022','Other Receipt',1.00),(1307,'010','2023-01-31','9101.001',0.00,498.85,0.00,498.85,'Biaya Bunga Bank ','Other Receipt',1.00),(1308,'010','2023-01-31','1102.005',498.85,0.00,498.85,0.00,'Biaya Bunga Bank ','Other Receipt',1.00),(1309,'008','2023-01-31','9101.001',0.00,88664.57,0.00,88664.57,'Bunga ','Other Receipt',1.00),(1310,'008','2023-01-31','1102.003',88664.57,0.00,88664.57,0.00,'Bunga ','Other Receipt',1.00),(1311,'009','2023-01-31','9101.001',0.00,372.00,0.00,372.00,'Biaya Bunga Bank ','Other Receipt',1.00),(1312,'009','2023-01-31','1102.008',372.00,0.00,372.00,0.00,'Biaya Bunga Bank ','Other Receipt',1.00),(1313,'007','2023-01-20','9101.999',0.00,100000.00,0.00,100000.00,'Cash Back pembelian tangga melalui Kartu kredit panin ','Other Receipt',1.00),(1314,'007','2023-01-20','1102.003',100000.00,0.00,100000.00,0.00,'Cash Back pembelian tangga melalui Kartu kredit panin ','Other Receipt',1.00),(1321,'00003-JM-2023','2023-01-04','1102.001',0.00,234570000.00,0.00,234570000.00,'PB Ke Panin JS USD Beli $ 15.000 x kurs 15.638','Memorial',1.00),(1322,'00003-JM-2023','2023-01-04','1102.002',234570000.00,0.00,15000.00,0.00,'PB dari Panin JS Rupiah $ 15.000 x kurs 15.638','Memorial',15638.00),(1323,'00004-JM-2023','2023-01-16','1102.001',0.00,100600500.00,0.00,100600500.00,'PB KE PANIN JS USD BELI $ 6.700 X KURS 15.015','Memorial',1.00),(1324,'00004-JM-2023','2023-01-16','1102.002',100600500.00,0.00,6700.00,0.00,'PB DARI PANIN JS RUPIAH','Memorial',15015.00),(1329,'VP-2023-00006','2023-02-01','2101.001',20825064.00,0.00,20825064.00,0.00,'PEMBAYARAN - PT. SOUTHERN INDONESIA','Supplier Payment',1.00),(1330,'VP-2023-00006','2023-02-01','1102.003',0.00,20825064.00,0.00,20825064.00,'PEMBAYARAN - PT. SOUTHERN INDONESIA','Supplier Payment',1.00),(1334,'CR-2023-00065','2023-01-31','1103.001',0.00,45235000.00,0.00,45235000.00,'PEMBAYARAN - CV. TRIDAYA PERKASA','Customer Receipt',0.00),(1335,'CR-2023-00065','2023-01-31','1102.003',45235000.00,0.00,45235000.00,0.00,'PEMBAYARAN - CV. TRIDAYA PERKASA','Customer Receipt',0.00),(1336,'INV/20230131/MPL/3014214237','2023-01-31','1103.001',258000.00,0.00,258000.00,0.00,'PENJUALAN - CV SINAR SUKSES SEMPANA','Sales Invoice',1.00),(1337,'INV/20230131/MPL/3014214237','2023-01-31','4101.002',0.00,232432.00,0.00,232432.00,'PENJUALAN - CV SINAR SUKSES SEMPANA','Sales Invoice',1.00),(1338,'INV/20230131/MPL/3014214237','2023-01-31','2104.005',0.00,25568.00,0.00,25568.00,'PENJUALAN - CV SINAR SUKSES SEMPANA','Sales Invoice',1.00),(1342,'172/MSI/FR/1222','2023-01-05','1103.001',17000000.00,0.00,17000000.00,0.00,'PENJUALAN - PT. INDO PERSADA BETESDA','Sales Invoice',1.00),(1343,'172/MSI/FR/1222','2023-01-05','4101.002',0.00,15315315.00,0.00,15315315.00,'PENJUALAN - PT. INDO PERSADA BETESDA','Sales Invoice',1.00),(1344,'172/MSI/FR/1222','2023-01-05','2104.005',0.00,1684685.00,0.00,1684685.00,'PENJUALAN - PT. INDO PERSADA BETESDA','Sales Invoice',1.00),(1345,'CR-2023-00066','2022-12-09','1103.001',0.00,17000000.00,0.00,17000000.00,'PEMBAYARAN - PT. INDO PERSADA BETESDA','Customer Receipt',0.00),(1346,'CR-2023-00066','2022-12-09','1102.003',17000000.00,0.00,17000000.00,0.00,'PEMBAYARAN - PT. INDO PERSADA BETESDA','Customer Receipt',0.00),(1347,'BE 937350','2022-12-09','2105.001',17000000.00,0.00,17000000.00,0.00,'UM Indo Persada','Other Payment',1.00),(1348,'BE 937350','2022-12-09','1102.003',0.00,17000000.00,0.00,17000000.00,'UM Indo Persada','Other Payment',1.00),(1349,'013/MSI/FR/0123','2023-01-12','1103.001',3055097.00,0.00,3055097.00,0.00,'PENJUALAN - JOBSHARE TEKNIK (FAJAR)','Sales Invoice',1.00),(1350,'013/MSI/FR/0123','2023-01-12','4101.002',0.00,2752340.00,0.00,2752340.00,'PENJUALAN - JOBSHARE TEKNIK (FAJAR)','Sales Invoice',1.00),(1351,'013/MSI/FR/0123','2023-01-12','2104.005',0.00,302757.00,0.00,302757.00,'PENJUALAN - JOBSHARE TEKNIK (FAJAR)','Sales Invoice',1.00),(1361,'003/MSI/FR/I/23','2023-01-06','1103.001',439167.00,0.00,439167.00,0.00,'PENJUALAN - JOBSHARE TEKNIK (FAJAR)','Sales Invoice',1.00),(1362,'003/MSI/FR/I/23','2023-01-06','4101.002',0.00,395646.00,0.00,395646.00,'PENJUALAN - JOBSHARE TEKNIK (FAJAR)','Sales Invoice',1.00),(1363,'003/MSI/FR/I/23','2023-01-06','2104.005',0.00,43521.00,0.00,43521.00,'PENJUALAN - JOBSHARE TEKNIK (FAJAR)','Sales Invoice',1.00),(1385,'017/MSI/FR/I/23','2023-01-02','1103.001',515001.00,0.00,515001.00,0.00,'PENJUALAN - JOBSHARE TEKNIK (FAJAR)','Sales Invoice',1.00),(1386,'017/MSI/FR/I/23','2023-01-02','4101.002',0.00,463965.00,0.00,463965.00,'PENJUALAN - JOBSHARE TEKNIK (FAJAR)','Sales Invoice',1.00),(1387,'017/MSI/FR/I/23','2023-01-02','2104.005',0.00,51036.00,0.00,51036.00,'PENJUALAN - JOBSHARE TEKNIK (FAJAR)','Sales Invoice',1.00),(1412,'035/JS-III/2023','2023-03-14','1103.001',130805952.00,0.00,130805952.00,0.00,'PENJUALAN - PT. POLYCHEM INDONESIA TBK','Sales Invoice',1.00),(1413,'035/JS-III/2023','2023-03-14','4101.001',0.00,117843200.00,0.00,117843200.00,'PENJUALAN - PT. POLYCHEM INDONESIA TBK','Sales Invoice',1.00),(1414,'035/JS-III/2023','2023-03-14','2104.005',0.00,12962752.00,0.00,12962752.00,'PENJUALAN - PT. POLYCHEM INDONESIA TBK','Sales Invoice',1.00),(1415,'002/MSI-NR/I/2023','2023-01-05','1103.001',6660000.00,0.00,6660000.00,0.00,'PENJUALAN - PT PUTRA SINAR PERMAJA','Sales Invoice',1.00),(1416,'002/MSI-NR/I/2023','2023-01-05','4101.003',0.00,6000000.00,0.00,6000000.00,'PENJUALAN - PT PUTRA SINAR PERMAJA','Sales Invoice',1.00),(1417,'002/MSI-NR/I/2023','2023-01-05','2104.005',0.00,660000.00,0.00,660000.00,'PENJUALAN - PT PUTRA SINAR PERMAJA','Sales Invoice',1.00),(1418,'007/MSI-AO/I/2023','2023-01-09','1103.001',13875000.00,0.00,13875000.00,0.00,'PENJUALAN - PT. HOKKY BERSAMA','Sales Invoice',1.00),(1419,'007/MSI-AO/I/2023','2023-01-09','4101.003',0.00,12500000.00,0.00,12500000.00,'PENJUALAN - PT. HOKKY BERSAMA','Sales Invoice',1.00),(1420,'007/MSI-AO/I/2023','2023-01-09','2104.005',0.00,1375000.00,0.00,1375000.00,'PENJUALAN - PT. HOKKY BERSAMA','Sales Invoice',1.00),(1428,'010/MSI-NR/I/2023','2023-01-18','1103.001',27195000.00,0.00,27195000.00,0.00,'PENJUALAN - PT TIARA MARGA TRAKINDO','Sales Invoice',1.00),(1429,'010/MSI-NR/I/2023','2023-01-18','4101.003',0.00,24500000.00,0.00,24500000.00,'PENJUALAN - PT TIARA MARGA TRAKINDO','Sales Invoice',1.00),(1430,'010/MSI-NR/I/2023','2023-01-18','2104.005',0.00,2695000.00,0.00,2695000.00,'PENJUALAN - PT TIARA MARGA TRAKINDO','Sales Invoice',1.00),(1431,'009/MSI-AO/I/2023','2023-01-19','1103.001',31635000.00,0.00,31635000.00,0.00,'PENJUALAN - PT. ONNA PRIMA UTAMA','Sales Invoice',1.00),(1432,'009/MSI-AO/I/2023','2023-01-19','4101.003',0.00,28500000.00,0.00,28500000.00,'PENJUALAN - PT. ONNA PRIMA UTAMA','Sales Invoice',1.00),(1433,'009/MSI-AO/I/2023','2023-01-19','2104.005',0.00,3135000.00,0.00,3135000.00,'PENJUALAN - PT. ONNA PRIMA UTAMA','Sales Invoice',1.00),(1434,'005/MSI-AO/I/2023','2023-01-09','1103.001',555000.00,0.00,555000.00,0.00,'PENJUALAN - PT MEGA TRIWEXINDO','Sales Invoice',1.00),(1435,'005/MSI-AO/I/2023','2023-01-09','4101.003',0.00,500000.00,0.00,500000.00,'PENJUALAN - PT MEGA TRIWEXINDO','Sales Invoice',1.00),(1436,'005/MSI-AO/I/2023','2023-01-09','2104.005',0.00,55000.00,0.00,55000.00,'PENJUALAN - PT MEGA TRIWEXINDO','Sales Invoice',1.00),(1448,'00018-JM-2023','2023-02-02','1102.003',0.00,148800000.00,0.00,148800000.00,'PB ke Panin FR USD','Memorial',1.00),(1449,'00018-JM-2023','2023-02-02','1102.004',148800000.00,0.00,10000.00,0.00,'PB Dari Panin FR Rupiah','Memorial',14880.00),(1458,'0010-PI-2023','2023-03-10','2101.001',0.00,55329792.00,0.00,3584.00,'PEMBELIAN DARI: HUADONG SCREEN CO. LTD','Purchase Invoice',15438.00),(1459,'0010-PI-2023','2023-03-10','1105.001',55329792.00,0.00,3584.00,0.00,'PEMBELIAN DARI: HUADONG SCREEN CO. LTD','Purchase Invoice',15438.00),(1463,'064/AS-V/2023','2023-05-08','1103.001',9804000.00,0.00,9804000.00,0.00,'PENJUALAN - MANDIRI FORMULANSI ','Sales Invoice',1.00),(1464,'064/AS-V/2023','2023-05-08','4101.001',0.00,8832432.00,0.00,8832432.00,'PENJUALAN - MANDIRI FORMULANSI ','Sales Invoice',1.00),(1465,'064/AS-V/2023','2023-05-08','2104.005',0.00,971568.00,0.00,971568.00,'PENJUALAN - MANDIRI FORMULANSI ','Sales Invoice',1.00),(1466,'064/AS-V/2023','2023-05-08','5101.001',2457880.00,0.00,2457880.00,0.00,'PENJUALAN - MANDIRI FORMULANSI ','Sales Invoice',1.00),(1467,'064/AS-V/2023','2023-05-08','1105.001',0.00,2457880.00,0.00,2457880.00,'PENJUALAN - MANDIRI FORMULANSI ','Sales Invoice',1.00),(1468,'062/JS-V/2023','2023-05-06','1103.001',20024002.00,0.00,20024002.00,0.00,'PENJUALAN - CV. GANESHA MANDIRI','Sales Invoice',1.00),(1469,'062/JS-V/2023','2023-05-06','4101.001',0.00,18039641.00,0.00,18039641.00,'PENJUALAN - CV. GANESHA MANDIRI','Sales Invoice',1.00),(1470,'062/JS-V/2023','2023-05-06','2104.005',0.00,1984361.00,0.00,1984361.00,'PENJUALAN - CV. GANESHA MANDIRI','Sales Invoice',1.00),(1471,'062/JS-V/2023','2023-05-06','5101.001',4326375.00,0.00,4326375.00,0.00,'PENJUALAN - CV. GANESHA MANDIRI','Sales Invoice',1.00),(1472,'062/JS-V/2023','2023-05-06','1105.001',0.00,4326375.00,0.00,4326375.00,'PENJUALAN - CV. GANESHA MANDIRI','Sales Invoice',1.00),(1473,'063/AS-V/2023','2023-05-05','1103.001',7685999.00,0.00,7685999.00,0.00,'PENJUALAN - MANDIRI FORMULANSI ','Sales Invoice',1.00),(1474,'063/AS-V/2023','2023-05-05','4101.001',0.00,6924323.00,0.00,6924323.00,'PENJUALAN - MANDIRI FORMULANSI ','Sales Invoice',1.00),(1475,'063/AS-V/2023','2023-05-05','2104.005',0.00,761676.00,0.00,761676.00,'PENJUALAN - MANDIRI FORMULANSI ','Sales Invoice',1.00),(1476,'063/AS-V/2023','2023-05-05','5101.001',3580500.00,0.00,3580500.00,0.00,'PENJUALAN - MANDIRI FORMULANSI ','Sales Invoice',1.00),(1477,'063/AS-V/2023','2023-05-05','1105.001',0.00,3580500.00,0.00,3580500.00,'PENJUALAN - MANDIRI FORMULANSI ','Sales Invoice',1.00),(1478,'060/AS-IV/2023','2023-04-18','1103.001',96599997.00,0.00,96599997.00,0.00,'PENJUALAN - CV. MATAHARI ENGINEERING','Sales Invoice',1.00),(1479,'060/AS-IV/2023','2023-04-18','4101.001',0.00,87027024.00,0.00,87027024.00,'PENJUALAN - CV. MATAHARI ENGINEERING','Sales Invoice',1.00),(1480,'060/AS-IV/2023','2023-04-18','2104.005',0.00,9572973.00,0.00,9572973.00,'PENJUALAN - CV. MATAHARI ENGINEERING','Sales Invoice',1.00),(1481,'060/AS-IV/2023','2023-04-18','5101.001',32875500.00,0.00,32875500.00,0.00,'PENJUALAN - CV. MATAHARI ENGINEERING','Sales Invoice',1.00),(1482,'060/AS-IV/2023','2023-04-18','1105.001',0.00,32875500.00,0.00,32875500.00,'PENJUALAN - CV. MATAHARI ENGINEERING','Sales Invoice',1.00),(1483,'058/AS-IV/2023','2023-04-10','1103.001',7416003.00,0.00,7416003.00,0.00,'PENJUALAN - MANDIRI FORMULANSI ','Sales Invoice',1.00),(1484,'058/AS-IV/2023','2023-04-10','4101.001',0.00,6681084.00,0.00,6681084.00,'PENJUALAN - MANDIRI FORMULANSI ','Sales Invoice',1.00),(1485,'058/AS-IV/2023','2023-04-10','2104.005',0.00,734919.00,0.00,734919.00,'PENJUALAN - MANDIRI FORMULANSI ','Sales Invoice',1.00),(1486,'058/AS-IV/2023','2023-04-10','5101.001',4278000.00,0.00,4278000.00,0.00,'PENJUALAN - MANDIRI FORMULANSI ','Sales Invoice',1.00),(1487,'058/AS-IV/2023','2023-04-10','1105.001',0.00,4278000.00,0.00,4278000.00,'PENJUALAN - MANDIRI FORMULANSI ','Sales Invoice',1.00),(1488,'057/AS-IV/2023','2023-04-06','1103.001',55199998.00,0.00,55199998.00,0.00,'PENJUALAN - CV. MATAHARI ENGINEERING','Sales Invoice',1.00),(1489,'057/AS-IV/2023','2023-04-06','4101.001',0.00,49729728.00,0.00,49729728.00,'PENJUALAN - CV. MATAHARI ENGINEERING','Sales Invoice',1.00),(1490,'057/AS-IV/2023','2023-04-06','2104.005',0.00,5470270.00,0.00,5470270.00,'PENJUALAN - CV. MATAHARI ENGINEERING','Sales Invoice',1.00),(1491,'057/AS-IV/2023','2023-04-06','5101.001',18786000.00,0.00,18786000.00,0.00,'PENJUALAN - CV. MATAHARI ENGINEERING','Sales Invoice',1.00),(1492,'057/AS-IV/2023','2023-04-06','1105.001',0.00,18786000.00,0.00,18786000.00,'PENJUALAN - CV. MATAHARI ENGINEERING','Sales Invoice',1.00),(1493,'056/AS-IV/2023','2023-04-06','1103.001',16507498.00,0.00,16507498.00,0.00,'PENJUALAN - PT PARINDO TEKNIK MANDIRI','Sales Invoice',1.00),(1494,'056/AS-IV/2023','2023-04-06','4101.001',0.00,14871620.00,0.00,14871620.00,'PENJUALAN - PT PARINDO TEKNIK MANDIRI','Sales Invoice',1.00),(1495,'056/AS-IV/2023','2023-04-06','2104.005',0.00,1635878.00,0.00,1635878.00,'PENJUALAN - PT PARINDO TEKNIK MANDIRI','Sales Invoice',1.00),(1496,'056/AS-IV/2023','2023-04-06','5101.001',4960000.00,0.00,4960000.00,0.00,'PENJUALAN - PT PARINDO TEKNIK MANDIRI','Sales Invoice',1.00),(1497,'056/AS-IV/2023','2023-04-06','1105.001',0.00,4960000.00,0.00,4960000.00,'PENJUALAN - PT PARINDO TEKNIK MANDIRI','Sales Invoice',1.00),(1498,'032/JS-IV/2023','2023-04-06','1103.001',29970000.00,0.00,29970000.00,0.00,'PENJUALAN - PT MEGASURYA MAS','Sales Invoice',1.00),(1499,'032/JS-IV/2023','2023-04-06','4101.001',0.00,27000000.00,0.00,27000000.00,'PENJUALAN - PT MEGASURYA MAS','Sales Invoice',1.00),(1500,'032/JS-IV/2023','2023-04-06','2104.005',0.00,2970000.00,0.00,2970000.00,'PENJUALAN - PT MEGASURYA MAS','Sales Invoice',1.00),(1501,'032/JS-IV/2023','2023-04-06','5101.001',6574120.00,0.00,6574120.00,0.00,'PENJUALAN - PT MEGASURYA MAS','Sales Invoice',1.00),(1502,'032/JS-IV/2023','2023-04-06','1105.001',0.00,6574120.00,0.00,6574120.00,'PENJUALAN - PT MEGASURYA MAS','Sales Invoice',1.00),(1503,'055/JS-IV/2023','2023-04-05','1103.001',129000004.00,0.00,129000004.00,0.00,'PENJUALAN - CV. ASA NOOR AROFAH','Sales Invoice',1.00),(1504,'055/JS-IV/2023','2023-04-05','4101.001',0.00,116216220.00,0.00,116216220.00,'PENJUALAN - CV. ASA NOOR AROFAH','Sales Invoice',1.00),(1505,'055/JS-IV/2023','2023-04-05','2104.005',0.00,12783784.00,0.00,12783784.00,'PENJUALAN - CV. ASA NOOR AROFAH','Sales Invoice',1.00),(1506,'055/JS-IV/2023','2023-04-05','5101.001',42082500.00,0.00,42082500.00,0.00,'PENJUALAN - CV. ASA NOOR AROFAH','Sales Invoice',1.00),(1507,'055/JS-IV/2023','2023-04-05','1105.001',0.00,42082500.00,0.00,42082500.00,'PENJUALAN - CV. ASA NOOR AROFAH','Sales Invoice',1.00),(1508,'054/AS-III/2023','2023-04-04','1103.001',11097002.00,0.00,11097002.00,0.00,'PENJUALAN - MANDIRI FORMULANSI ','Sales Invoice',1.00),(1509,'054/AS-III/2023','2023-04-04','4101.001',0.00,9997299.00,0.00,9997299.00,'PENJUALAN - MANDIRI FORMULANSI ','Sales Invoice',1.00),(1510,'054/AS-III/2023','2023-04-04','2104.005',0.00,1099703.00,0.00,1099703.00,'PENJUALAN - MANDIRI FORMULANSI ','Sales Invoice',1.00),(1511,'054/AS-III/2023','2023-04-04','5101.001',6417000.00,0.00,6417000.00,0.00,'PENJUALAN - MANDIRI FORMULANSI ','Sales Invoice',1.00),(1512,'054/AS-III/2023','2023-04-04','1105.001',0.00,6417000.00,0.00,6417000.00,'PENJUALAN - MANDIRI FORMULANSI ','Sales Invoice',1.00),(1513,'053/JS-IV/2023','2023-04-03','1103.001',70835001.00,0.00,70835001.00,0.00,'PENJUALAN - CV. MULTI KARYA MANDIRI','Sales Invoice',1.00),(1514,'053/JS-IV/2023','2023-04-03','4101.001',0.00,63815316.00,0.00,63815316.00,'PENJUALAN - CV. MULTI KARYA MANDIRI','Sales Invoice',1.00),(1515,'053/JS-IV/2023','2023-04-03','2104.005',0.00,7019685.00,0.00,7019685.00,'PENJUALAN - CV. MULTI KARYA MANDIRI','Sales Invoice',1.00),(1516,'053/JS-IV/2023','2023-04-03','5101.001',26939000.00,0.00,26939000.00,0.00,'PENJUALAN - CV. MULTI KARYA MANDIRI','Sales Invoice',1.00),(1517,'053/JS-IV/2023','2023-04-03','1105.001',0.00,26939000.00,0.00,26939000.00,'PENJUALAN - CV. MULTI KARYA MANDIRI','Sales Invoice',1.00),(1528,'050/AS-III/2023','2023-03-30','1103.001',69762002.00,0.00,69762002.00,0.00,'PENJUALAN - CV. ASA NOOR AROFAH','Sales Invoice',1.00),(1529,'050/AS-III/2023','2023-03-30','4101.001',0.00,62848650.00,0.00,62848650.00,'PENJUALAN - CV. ASA NOOR AROFAH','Sales Invoice',1.00),(1530,'050/AS-III/2023','2023-03-30','2104.005',0.00,6913352.00,0.00,6913352.00,'PENJUALAN - CV. ASA NOOR AROFAH','Sales Invoice',1.00),(1531,'050/AS-III/2023','2023-03-30','5101.001',31155000.00,0.00,31155000.00,0.00,'PENJUALAN - CV. ASA NOOR AROFAH','Sales Invoice',1.00),(1532,'050/AS-III/2023','2023-03-30','1105.001',0.00,31155000.00,0.00,31155000.00,'PENJUALAN - CV. ASA NOOR AROFAH','Sales Invoice',1.00),(1538,'048/JS-III/2023','2023-03-24','1103.001',4100000.00,0.00,4100000.00,0.00,'PENJUALAN - SETIAWAN .M','Sales Invoice',1.00),(1539,'048/JS-III/2023','2023-03-24','4101.001',0.00,3693694.00,0.00,3693694.00,'PENJUALAN - SETIAWAN .M','Sales Invoice',1.00),(1540,'048/JS-III/2023','2023-03-24','2104.005',0.00,406306.00,0.00,406306.00,'PENJUALAN - SETIAWAN .M','Sales Invoice',1.00),(1541,'048/JS-III/2023','2023-03-24','5101.001',1643000.00,0.00,1643000.00,0.00,'PENJUALAN - SETIAWAN .M','Sales Invoice',1.00),(1542,'048/JS-III/2023','2023-03-24','1105.001',0.00,1643000.00,0.00,1643000.00,'PENJUALAN - SETIAWAN .M','Sales Invoice',1.00),(1543,'047/AS-III/2023','2023-03-24','1103.001',11846000.00,0.00,11846000.00,0.00,'PENJUALAN - SUMBER JAYA URIP (MURSID)','Sales Invoice',1.00),(1544,'047/AS-III/2023','2023-03-24','4101.001',0.00,10672072.00,0.00,10672072.00,'PENJUALAN - SUMBER JAYA URIP (MURSID)','Sales Invoice',1.00),(1545,'047/AS-III/2023','2023-03-24','2104.005',0.00,1173928.00,0.00,1173928.00,'PENJUALAN - SUMBER JAYA URIP (MURSID)','Sales Invoice',1.00),(1546,'047/AS-III/2023','2023-03-24','5101.001',4867000.00,0.00,4867000.00,0.00,'PENJUALAN - SUMBER JAYA URIP (MURSID)','Sales Invoice',1.00),(1547,'047/AS-III/2023','2023-03-24','1105.001',0.00,4867000.00,0.00,4867000.00,'PENJUALAN - SUMBER JAYA URIP (MURSID)','Sales Invoice',1.00),(1548,'046/AS-III/2023','2023-03-24','1103.001',150549994.00,0.00,150549994.00,0.00,'PENJUALAN - CV. MAGHROBI BAROKAH','Sales Invoice',1.00),(1549,'046/AS-III/2023','2023-03-24','4101.001',0.00,135630625.00,0.00,135630625.00,'PENJUALAN - CV. MAGHROBI BAROKAH','Sales Invoice',1.00),(1550,'046/AS-III/2023','2023-03-24','2104.005',0.00,14919369.00,0.00,14919369.00,'PENJUALAN - CV. MAGHROBI BAROKAH','Sales Invoice',1.00),(1551,'046/AS-III/2023','2023-03-24','5101.001',60837500.00,0.00,60837500.00,0.00,'PENJUALAN - CV. MAGHROBI BAROKAH','Sales Invoice',1.00),(1552,'046/AS-III/2023','2023-03-24','1105.001',0.00,60837500.00,0.00,60837500.00,'PENJUALAN - CV. MAGHROBI BAROKAH','Sales Invoice',1.00),(1553,'044/AS-III/2023','2023-03-24','1103.001',6060001.00,0.00,6060001.00,0.00,'PENJUALAN - CV. MAGHROBI BAROKAH','Sales Invoice',1.00),(1554,'044/AS-III/2023','2023-03-24','4101.001',0.00,5459460.00,0.00,5459460.00,'PENJUALAN - CV. MAGHROBI BAROKAH','Sales Invoice',1.00),(1555,'044/AS-III/2023','2023-03-24','2104.005',0.00,600541.00,0.00,600541.00,'PENJUALAN - CV. MAGHROBI BAROKAH','Sales Invoice',1.00),(1556,'044/AS-III/2023','2023-03-24','5101.001',3069000.00,0.00,3069000.00,0.00,'PENJUALAN - CV. MAGHROBI BAROKAH','Sales Invoice',1.00),(1557,'044/AS-III/2023','2023-03-24','1105.001',0.00,3069000.00,0.00,3069000.00,'PENJUALAN - CV. MAGHROBI BAROKAH','Sales Invoice',1.00),(1558,'043/JS-III/2023','2023-03-24','1103.001',16099999.00,0.00,16099999.00,0.00,'PENJUALAN - SUMBER JAYA URIP (MURSID)','Sales Invoice',1.00),(1559,'043/JS-III/2023','2023-03-24','4101.001',0.00,14504504.00,0.00,14504504.00,'PENJUALAN - SUMBER JAYA URIP (MURSID)','Sales Invoice',1.00),(1560,'043/JS-III/2023','2023-03-24','2104.005',0.00,1595495.00,0.00,1595495.00,'PENJUALAN - SUMBER JAYA URIP (MURSID)','Sales Invoice',1.00),(1561,'043/JS-III/2023','2023-03-24','5101.001',8308000.00,0.00,8308000.00,0.00,'PENJUALAN - SUMBER JAYA URIP (MURSID)','Sales Invoice',1.00),(1562,'043/JS-III/2023','2023-03-24','1105.001',0.00,8308000.00,0.00,8308000.00,'PENJUALAN - SUMBER JAYA URIP (MURSID)','Sales Invoice',1.00),(1563,'042/JS-III/2023','2023-03-18','1103.001',11815001.00,0.00,11815001.00,0.00,'PENJUALAN - CV. GANESHA MANDIRI','Sales Invoice',1.00),(1564,'042/JS-III/2023','2023-03-18','4101.001',0.00,10644145.00,0.00,10644145.00,'PENJUALAN - CV. GANESHA MANDIRI','Sales Invoice',1.00),(1565,'042/JS-III/2023','2023-03-18','2104.005',0.00,1170856.00,0.00,1170856.00,'PENJUALAN - CV. GANESHA MANDIRI','Sales Invoice',1.00),(1566,'042/JS-III/2023','2023-03-18','5101.001',2574070.00,0.00,2574070.00,0.00,'PENJUALAN - CV. GANESHA MANDIRI','Sales Invoice',1.00),(1567,'042/JS-III/2023','2023-03-18','1105.001',0.00,2574070.00,0.00,2574070.00,'PENJUALAN - CV. GANESHA MANDIRI','Sales Invoice',1.00),(1568,'041/JS-III/2023','2023-03-17','1103.001',11186398.00,0.00,11186398.00,0.00,'PENJUALAN - PT. HEKSA MANDIRI UTAMA','Sales Invoice',1.00),(1569,'041/JS-III/2023','2023-03-17','2105.001',6718558.00,0.00,6718558.00,0.00,'PENJUALAN - PT. HEKSA MANDIRI UTAMA','Sales Invoice',1.00),(1570,'041/JS-III/2023','2023-03-17','4101.001',0.00,16796394.00,0.00,16796394.00,'PENJUALAN - PT. HEKSA MANDIRI UTAMA','Sales Invoice',1.00),(1571,'041/JS-III/2023','2023-03-17','2104.005',0.00,1108562.00,0.00,1108562.00,'PENJUALAN - PT. HEKSA MANDIRI UTAMA','Sales Invoice',1.00),(1572,'041/JS-III/2023','2023-03-17','5101.001',4278000.00,0.00,4278000.00,0.00,'PENJUALAN - PT. HEKSA MANDIRI UTAMA','Sales Invoice',1.00),(1573,'041/JS-III/2023','2023-03-17','1105.001',0.00,4278000.00,0.00,4278000.00,'PENJUALAN - PT. HEKSA MANDIRI UTAMA','Sales Invoice',1.00),(1574,'040/AS-III/2023','2023-03-17','1103.001',17836004.00,0.00,17836004.00,0.00,'PENJUALAN - MANDIRI FORMULANSI ','Sales Invoice',1.00),(1575,'040/AS-III/2023','2023-03-17','4101.001',0.00,16068472.00,0.00,16068472.00,'PENJUALAN - MANDIRI FORMULANSI ','Sales Invoice',1.00),(1576,'040/AS-III/2023','2023-03-17','2104.005',0.00,1767532.00,0.00,1767532.00,'PENJUALAN - MANDIRI FORMULANSI ','Sales Invoice',1.00),(1577,'040/AS-III/2023','2023-03-17','5101.001',9982000.00,0.00,9982000.00,0.00,'PENJUALAN - MANDIRI FORMULANSI ','Sales Invoice',1.00),(1578,'040/AS-III/2023','2023-03-17','1105.001',0.00,9982000.00,0.00,9982000.00,'PENJUALAN - MANDIRI FORMULANSI ','Sales Invoice',1.00),(1584,'038/JS-III/2023','2023-03-15','1103.001',16320000.00,0.00,16320000.00,0.00,'PENJUALAN - CV. MAGHROBI BAROKAH','Sales Invoice',1.00),(1585,'038/JS-III/2023','2023-03-15','4101.001',0.00,14702703.00,0.00,14702703.00,'PENJUALAN - CV. MAGHROBI BAROKAH','Sales Invoice',1.00),(1586,'038/JS-III/2023','2023-03-15','2104.005',0.00,1617297.00,0.00,1617297.00,'PENJUALAN - CV. MAGHROBI BAROKAH','Sales Invoice',1.00),(1587,'038/JS-III/2023','2023-03-15','5101.001',5301000.00,0.00,5301000.00,0.00,'PENJUALAN - CV. MAGHROBI BAROKAH','Sales Invoice',1.00),(1588,'038/JS-III/2023','2023-03-15','1105.001',0.00,5301000.00,0.00,5301000.00,'PENJUALAN - CV. MAGHROBI BAROKAH','Sales Invoice',1.00),(1589,'037/JS-III/2023','2023-03-14','1103.001',7457599.00,0.00,7457599.00,0.00,'PENJUALAN - PT. HEKSA MANDIRI UTAMA','Sales Invoice',1.00),(1590,'037/JS-III/2023','2023-03-14','4101.001',0.00,6718558.00,0.00,6718558.00,'PENJUALAN - PT. HEKSA MANDIRI UTAMA','Sales Invoice',1.00),(1591,'037/JS-III/2023','2023-03-14','2104.005',0.00,739041.00,0.00,739041.00,'PENJUALAN - PT. HEKSA MANDIRI UTAMA','Sales Invoice',1.00),(1592,'036/AS-III/2023','2023-03-13','1103.001',19947500.00,0.00,19947500.00,0.00,'PENJUALAN - MANDIRI FORMULANSI ','Sales Invoice',1.00),(1593,'036/AS-III/2023','2023-03-13','4101.001',0.00,17970721.00,0.00,17970721.00,'PENJUALAN - MANDIRI FORMULANSI ','Sales Invoice',1.00),(1594,'036/AS-III/2023','2023-03-13','2104.005',0.00,1976779.00,0.00,1976779.00,'PENJUALAN - MANDIRI FORMULANSI ','Sales Invoice',1.00),(1595,'036/AS-III/2023','2023-03-13','5101.001',10617500.00,0.00,10617500.00,0.00,'PENJUALAN - MANDIRI FORMULANSI ','Sales Invoice',1.00),(1596,'036/AS-III/2023','2023-03-13','1105.001',0.00,10617500.00,0.00,10617500.00,'PENJUALAN - MANDIRI FORMULANSI ','Sales Invoice',1.00),(1597,'034/JS-III/2023','2023-03-11','1103.001',5623799.00,0.00,5623799.00,0.00,'PENJUALAN - SUMBER JAYA URIP (MURSID)','Sales Invoice',1.00),(1598,'034/JS-III/2023','2023-03-11','4101.001',0.00,5066486.00,0.00,5066486.00,'PENJUALAN - SUMBER JAYA URIP (MURSID)','Sales Invoice',1.00),(1599,'034/JS-III/2023','2023-03-11','2104.005',0.00,557313.00,0.00,557313.00,'PENJUALAN - SUMBER JAYA URIP (MURSID)','Sales Invoice',1.00),(1600,'034/JS-III/2023','2023-03-11','5101.001',1891000.00,0.00,1891000.00,0.00,'PENJUALAN - SUMBER JAYA URIP (MURSID)','Sales Invoice',1.00),(1601,'034/JS-III/2023','2023-03-11','1105.001',0.00,1891000.00,0.00,1891000.00,'PENJUALAN - SUMBER JAYA URIP (MURSID)','Sales Invoice',1.00),(1602,'033/JS-III/2023','2023-03-09','1103.001',24104500.00,0.00,24104500.00,0.00,'PENJUALAN - ADJI SARIONO','Sales Invoice',1.00),(1603,'033/JS-III/2023','2023-03-09','4101.001',0.00,21715766.00,0.00,21715766.00,'PENJUALAN - ADJI SARIONO','Sales Invoice',1.00),(1604,'033/JS-III/2023','2023-03-09','2104.005',0.00,2388734.00,0.00,2388734.00,'PENJUALAN - ADJI SARIONO','Sales Invoice',1.00),(1610,'031/AS-III/2023','2023-03-07','1103.001',4200000.00,0.00,4200000.00,0.00,'PENJUALAN - APPATINDO JATENG (MUBASIR DRS)','Sales Invoice',1.00),(1611,'031/AS-III/2023','2023-03-07','4101.001',0.00,3783784.00,0.00,3783784.00,'PENJUALAN - APPATINDO JATENG (MUBASIR DRS)','Sales Invoice',1.00),(1612,'031/AS-III/2023','2023-03-07','2104.005',0.00,416216.00,0.00,416216.00,'PENJUALAN - APPATINDO JATENG (MUBASIR DRS)','Sales Invoice',1.00),(1613,'031/AS-III/2023','2023-03-07','5101.001',2046000.00,0.00,2046000.00,0.00,'PENJUALAN - APPATINDO JATENG (MUBASIR DRS)','Sales Invoice',1.00),(1614,'031/AS-III/2023','2023-03-07','1105.001',0.00,2046000.00,0.00,2046000.00,'PENJUALAN - APPATINDO JATENG (MUBASIR DRS)','Sales Invoice',1.00),(1615,'030/JS-III/2023','2023-03-03','1103.001',19000000.00,0.00,19000000.00,0.00,'PENJUALAN - FERRY FERDIYANTO','Sales Invoice',1.00),(1616,'030/JS-III/2023','2023-03-03','4101.001',0.00,17117117.00,0.00,17117117.00,'PENJUALAN - FERRY FERDIYANTO','Sales Invoice',1.00),(1617,'030/JS-III/2023','2023-03-03','2104.005',0.00,1882883.00,0.00,1882883.00,'PENJUALAN - FERRY FERDIYANTO','Sales Invoice',1.00),(1618,'030/JS-III/2023','2023-03-03','5101.001',340.00,0.00,340.00,0.00,'PENJUALAN - FERRY FERDIYANTO','Sales Invoice',1.00),(1619,'030/JS-III/2023','2023-03-03','1105.001',0.00,340.00,0.00,340.00,'PENJUALAN - FERRY FERDIYANTO','Sales Invoice',1.00),(1620,'029/JS-III/2023','2023-03-03','1103.001',2759999.00,0.00,2759999.00,0.00,'PENJUALAN - SUMBER JAYA URIP (MURSID)','Sales Invoice',1.00),(1621,'029/JS-III/2023','2023-03-03','4101.001',0.00,2486486.00,0.00,2486486.00,'PENJUALAN - SUMBER JAYA URIP (MURSID)','Sales Invoice',1.00),(1622,'029/JS-III/2023','2023-03-03','2104.005',0.00,273513.00,0.00,273513.00,'PENJUALAN - SUMBER JAYA URIP (MURSID)','Sales Invoice',1.00),(1623,'029/JS-III/2023','2023-03-03','5101.001',821765.00,0.00,821765.00,0.00,'PENJUALAN - SUMBER JAYA URIP (MURSID)','Sales Invoice',1.00),(1624,'029/JS-III/2023','2023-03-03','1105.001',0.00,821765.00,0.00,821765.00,'PENJUALAN - SUMBER JAYA URIP (MURSID)','Sales Invoice',1.00),(1625,'028/JS-III/2023','2023-03-02','1103.001',14133075.00,0.00,14133075.00,0.00,'PENJUALAN - PT. HYDRORAYA ADHI PERKASA','Sales Invoice',1.00),(1626,'028/JS-III/2023','2023-03-02','2105.001',12732500.00,0.00,12732500.00,0.00,'PENJUALAN - PT. HYDRORAYA ADHI PERKASA','Sales Invoice',1.00),(1627,'028/JS-III/2023','2023-03-02','4101.001',0.00,25465000.00,0.00,25465000.00,'PENJUALAN - PT. HYDRORAYA ADHI PERKASA','Sales Invoice',1.00),(1628,'028/JS-III/2023','2023-03-02','2104.005',0.00,1400575.00,0.00,1400575.00,'PENJUALAN - PT. HYDRORAYA ADHI PERKASA','Sales Invoice',1.00),(1629,'027/JS-III/2022','2023-03-02','1103.001',39932250.00,0.00,39932250.00,0.00,'PENJUALAN - PT. PRAKARSALANGGENG MAJUBERSAMA','Sales Invoice',1.00),(1630,'027/JS-III/2022','2023-03-02','2105.001',35975000.00,0.00,35975000.00,0.00,'PENJUALAN - PT. PRAKARSALANGGENG MAJUBERSAMA','Sales Invoice',1.00),(1631,'027/JS-III/2022','2023-03-02','4101.001',0.00,71950000.00,0.00,71950000.00,'PENJUALAN - PT. PRAKARSALANGGENG MAJUBERSAMA','Sales Invoice',1.00),(1632,'027/JS-III/2022','2023-03-02','2104.005',0.00,3957250.00,0.00,3957250.00,'PENJUALAN - PT. PRAKARSALANGGENG MAJUBERSAMA','Sales Invoice',1.00),(1633,'026/JS-III/2022','2023-03-02','1103.001',6993000.00,0.00,6993000.00,0.00,'PENJUALAN - PT. PABRIK CAT TUNGGAL DJAJAJ INDAH','Sales Invoice',1.00),(1634,'026/JS-III/2022','2023-03-02','2105.001',6300000.00,0.00,6300000.00,0.00,'PENJUALAN - PT. PABRIK CAT TUNGGAL DJAJAJ INDAH','Sales Invoice',1.00),(1635,'026/JS-III/2022','2023-03-02','4101.001',0.00,12600000.00,0.00,12600000.00,'PENJUALAN - PT. PABRIK CAT TUNGGAL DJAJAJ INDAH','Sales Invoice',1.00),(1636,'026/JS-III/2022','2023-03-02','2104.005',0.00,693000.00,0.00,693000.00,'PENJUALAN - PT. PABRIK CAT TUNGGAL DJAJAJ INDAH','Sales Invoice',1.00),(1642,'020/AS-II/2023','2023-02-27','1103.001',51740006.00,0.00,51740006.00,0.00,'PENJUALAN - SETIAWAN .M','Sales Invoice',1.00),(1643,'020/AS-II/2023','2023-02-27','4101.001',0.00,46612618.00,0.00,46612618.00,'PENJUALAN - SETIAWAN .M','Sales Invoice',1.00),(1644,'020/AS-II/2023','2023-02-27','2104.005',0.00,5127388.00,0.00,5127388.00,'PENJUALAN - SETIAWAN .M','Sales Invoice',1.00),(1645,'020/AS-II/2023','2023-02-27','5101.001',27001000.00,0.00,27001000.00,0.00,'PENJUALAN - SETIAWAN .M','Sales Invoice',1.00),(1646,'020/AS-II/2023','2023-02-27','1105.001',0.00,27001000.00,0.00,27001000.00,'PENJUALAN - SETIAWAN .M','Sales Invoice',1.00),(1647,'025/AS-II/2023','2023-02-25','1103.001',6287501.00,0.00,6287501.00,0.00,'PENJUALAN - ARI SUDARSO','Sales Invoice',1.00),(1648,'025/AS-II/2023','2023-02-25','4101.001',0.00,5664415.00,0.00,5664415.00,'PENJUALAN - ARI SUDARSO','Sales Invoice',1.00),(1649,'025/AS-II/2023','2023-02-25','2104.005',0.00,623086.00,0.00,623086.00,'PENJUALAN - ARI SUDARSO','Sales Invoice',1.00),(1650,'025/AS-II/2023','2023-02-25','5101.001',3565000.00,0.00,3565000.00,0.00,'PENJUALAN - ARI SUDARSO','Sales Invoice',1.00),(1651,'025/AS-II/2023','2023-02-25','1105.001',0.00,3565000.00,0.00,3565000.00,'PENJUALAN - ARI SUDARSO','Sales Invoice',1.00),(1652,'024/AS-II/2023','2023-02-17','1103.001',9949996.00,0.00,9949996.00,0.00,'PENJUALAN - MANDIRI FORMULANSI ','Sales Invoice',1.00),(1653,'024/AS-II/2023','2023-02-17','4101.001',0.00,8963960.00,0.00,8963960.00,'PENJUALAN - MANDIRI FORMULANSI ','Sales Invoice',1.00),(1654,'024/AS-II/2023','2023-02-17','2104.005',0.00,986036.00,0.00,986036.00,'PENJUALAN - MANDIRI FORMULANSI ','Sales Invoice',1.00),(1655,'024/AS-II/2023','2023-02-17','5101.001',5115000.00,0.00,5115000.00,0.00,'PENJUALAN - MANDIRI FORMULANSI ','Sales Invoice',1.00),(1656,'024/AS-II/2023','2023-02-17','1105.001',0.00,5115000.00,0.00,5115000.00,'PENJUALAN - MANDIRI FORMULANSI ','Sales Invoice',1.00),(1657,'021/AS-II/2023','2023-02-13','1103.001',59429999.00,0.00,59429999.00,0.00,'PENJUALAN - SUMBER JAYA URIP (MURSID)','Sales Invoice',1.00),(1658,'021/AS-II/2023','2023-02-13','4101.001',0.00,53540540.00,0.00,53540540.00,'PENJUALAN - SUMBER JAYA URIP (MURSID)','Sales Invoice',1.00),(1659,'021/AS-II/2023','2023-02-13','2104.005',0.00,5889459.00,0.00,5889459.00,'PENJUALAN - SUMBER JAYA URIP (MURSID)','Sales Invoice',1.00),(1660,'021/AS-II/2023','2023-02-13','5101.001',24335000.00,0.00,24335000.00,0.00,'PENJUALAN - SUMBER JAYA URIP (MURSID)','Sales Invoice',1.00),(1661,'021/AS-II/2023','2023-02-13','1105.001',0.00,24335000.00,0.00,24335000.00,'PENJUALAN - SUMBER JAYA URIP (MURSID)','Sales Invoice',1.00),(1662,'022/AS-II/2023','2023-02-11','1103.001',10290000.00,0.00,10290000.00,0.00,'PENJUALAN - MANDIRI FORMULANSI ','Sales Invoice',1.00),(1663,'022/AS-II/2023','2023-02-11','4101.001',0.00,9270270.00,0.00,9270270.00,'PENJUALAN - MANDIRI FORMULANSI ','Sales Invoice',1.00),(1664,'022/AS-II/2023','2023-02-11','2104.005',0.00,1019730.00,0.00,1019730.00,'PENJUALAN - MANDIRI FORMULANSI ','Sales Invoice',1.00),(1665,'022/AS-II/2023','2023-02-11','5101.001',5890000.00,0.00,5890000.00,0.00,'PENJUALAN - MANDIRI FORMULANSI ','Sales Invoice',1.00),(1666,'022/AS-II/2023','2023-02-11','1105.001',0.00,5890000.00,0.00,5890000.00,'PENJUALAN - MANDIRI FORMULANSI ','Sales Invoice',1.00),(1667,'019/AS-II/2023','2023-02-10','1103.001',25128007.00,0.00,25128007.00,0.00,'PENJUALAN - BAPAK EDY KASTYONO SANTOSO','Sales Invoice',1.00),(1668,'019/AS-II/2023','2023-02-10','4101.001',0.00,22637844.00,0.00,22637844.00,'PENJUALAN - BAPAK EDY KASTYONO SANTOSO','Sales Invoice',1.00),(1669,'019/AS-II/2023','2023-02-10','2104.005',0.00,2490163.00,0.00,2490163.00,'PENJUALAN - BAPAK EDY KASTYONO SANTOSO','Sales Invoice',1.00),(1670,'019/AS-II/2023','2023-02-10','5101.001',12834000.00,0.00,12834000.00,0.00,'PENJUALAN - BAPAK EDY KASTYONO SANTOSO','Sales Invoice',1.00),(1671,'019/AS-II/2023','2023-02-10','1105.001',0.00,12834000.00,0.00,12834000.00,'PENJUALAN - BAPAK EDY KASTYONO SANTOSO','Sales Invoice',1.00),(1672,'010/JS-II/2023','2023-02-09','1103.001',10253248.00,0.00,10253248.00,0.00,'PENJUALAN - PT PARINDO TEKNIK MANDIRI','Sales Invoice',1.00),(1673,'010/JS-II/2023','2023-02-09','4101.001',0.00,9237160.00,0.00,9237160.00,'PENJUALAN - PT PARINDO TEKNIK MANDIRI','Sales Invoice',1.00),(1674,'010/JS-II/2023','2023-02-09','2104.005',0.00,1016088.00,0.00,1016088.00,'PENJUALAN - PT PARINDO TEKNIK MANDIRI','Sales Invoice',1.00),(1675,'010/JS-II/2023','2023-02-09','5101.001',2774500.00,0.00,2774500.00,0.00,'PENJUALAN - PT PARINDO TEKNIK MANDIRI','Sales Invoice',1.00),(1676,'010/JS-II/2023','2023-02-09','1105.001',0.00,2774500.00,0.00,2774500.00,'PENJUALAN - PT PARINDO TEKNIK MANDIRI','Sales Invoice',1.00),(1682,'018/JS-II/2023','2023-02-08','1103.001',80084003.00,0.00,80084003.00,0.00,'PENJUALAN - SUMBER JAYA URIP (MURSID)','Sales Invoice',1.00),(1683,'018/JS-II/2023','2023-02-08','4101.001',0.00,72147750.00,0.00,72147750.00,'PENJUALAN - SUMBER JAYA URIP (MURSID)','Sales Invoice',1.00),(1684,'018/JS-II/2023','2023-02-08','2104.005',0.00,7936253.00,0.00,7936253.00,'PENJUALAN - SUMBER JAYA URIP (MURSID)','Sales Invoice',1.00),(1685,'018/JS-II/2023','2023-02-08','5101.001',26381530.00,0.00,26381530.00,0.00,'PENJUALAN - SUMBER JAYA URIP (MURSID)','Sales Invoice',1.00),(1686,'018/JS-II/2023','2023-02-08','1105.001',0.00,26381530.00,0.00,26381530.00,'PENJUALAN - SUMBER JAYA URIP (MURSID)','Sales Invoice',1.00),(1687,'017/JS-II/2023','2023-02-08','1103.001',9000000.00,0.00,9000000.00,0.00,'PENJUALAN - PT.KHAYA TIRTA MANDIRI','Sales Invoice',1.00),(1688,'017/JS-II/2023','2023-02-08','4101.001',0.00,8108108.00,0.00,8108108.00,'PENJUALAN - PT.KHAYA TIRTA MANDIRI','Sales Invoice',1.00),(1689,'017/JS-II/2023','2023-02-08','2104.005',0.00,891892.00,0.00,891892.00,'PENJUALAN - PT.KHAYA TIRTA MANDIRI','Sales Invoice',1.00),(1690,'016/AS-I/2023','2023-01-30','1103.001',11044997.00,0.00,11044997.00,0.00,'PENJUALAN - SETIAWAN .M','Sales Invoice',1.00),(1691,'016/AS-I/2023','2023-01-30','4101.001',0.00,9950448.00,0.00,9950448.00,'PENJUALAN - SETIAWAN .M','Sales Invoice',1.00),(1692,'016/AS-I/2023','2023-01-30','2104.005',0.00,1094549.00,0.00,1094549.00,'PENJUALAN - SETIAWAN .M','Sales Invoice',1.00),(1693,'016/AS-I/2023','2023-01-30','5101.001',5905500.00,0.00,5905500.00,0.00,'PENJUALAN - SETIAWAN .M','Sales Invoice',1.00),(1694,'016/AS-I/2023','2023-01-30','1105.001',0.00,5905500.00,0.00,5905500.00,'PENJUALAN - SETIAWAN .M','Sales Invoice',1.00),(1695,'015/AS-I/2023','2023-01-27','1103.001',7439999.00,0.00,7439999.00,0.00,'PENJUALAN - ARI SUDARSO','Sales Invoice',1.00),(1696,'015/AS-I/2023','2023-01-27','4101.001',0.00,6702702.00,0.00,6702702.00,'PENJUALAN - ARI SUDARSO','Sales Invoice',1.00),(1697,'015/AS-I/2023','2023-01-27','2104.005',0.00,737297.00,0.00,737297.00,'PENJUALAN - ARI SUDARSO','Sales Invoice',1.00),(1698,'015/AS-I/2023','2023-01-27','5101.001',4278000.00,0.00,4278000.00,0.00,'PENJUALAN - ARI SUDARSO','Sales Invoice',1.00),(1699,'015/AS-I/2023','2023-01-27','1105.001',0.00,4278000.00,0.00,4278000.00,'PENJUALAN - ARI SUDARSO','Sales Invoice',1.00),(1700,'014/AS-I/2023','2023-01-27','1103.001',4249999.00,0.00,4249999.00,0.00,'PENJUALAN - MAMAN','Sales Invoice',1.00),(1701,'014/AS-I/2023','2023-01-27','4101.001',0.00,3828828.00,0.00,3828828.00,'PENJUALAN - MAMAN','Sales Invoice',1.00),(1702,'014/AS-I/2023','2023-01-27','2104.005',0.00,421171.00,0.00,421171.00,'PENJUALAN - MAMAN','Sales Invoice',1.00),(1703,'014/AS-I/2023','2023-01-27','5101.001',1565500.00,0.00,1565500.00,0.00,'PENJUALAN - MAMAN','Sales Invoice',1.00),(1704,'014/AS-I/2023','2023-01-27','1105.001',0.00,1565500.00,0.00,1565500.00,'PENJUALAN - MAMAN','Sales Invoice',1.00),(1705,'013/AS-I/2023','2023-01-26','1103.001',2946001.00,0.00,2946001.00,0.00,'PENJUALAN - MAMAN','Sales Invoice',1.00),(1706,'013/AS-I/2023','2023-01-26','4101.001',0.00,2654055.00,0.00,2654055.00,'PENJUALAN - MAMAN','Sales Invoice',1.00),(1707,'013/AS-I/2023','2023-01-26','2104.005',0.00,291946.00,0.00,291946.00,'PENJUALAN - MAMAN','Sales Invoice',1.00),(1708,'013/AS-I/2023','2023-01-26','5101.001',1534500.00,0.00,1534500.00,0.00,'PENJUALAN - MAMAN','Sales Invoice',1.00),(1709,'013/AS-I/2023','2023-01-26','1105.001',0.00,1534500.00,0.00,1534500.00,'PENJUALAN - MAMAN','Sales Invoice',1.00),(1710,'012/AS-I/2023','2023-01-25','1103.001',42499991.00,0.00,42499991.00,0.00,'PENJUALAN - AGUS TRIYADI','Sales Invoice',1.00),(1711,'012/AS-I/2023','2023-01-25','4101.001',0.00,38288280.00,0.00,38288280.00,'PENJUALAN - AGUS TRIYADI','Sales Invoice',1.00),(1712,'012/AS-I/2023','2023-01-25','2104.005',0.00,4211711.00,0.00,4211711.00,'PENJUALAN - AGUS TRIYADI','Sales Invoice',1.00),(1713,'012/AS-I/2023','2023-01-25','5101.001',15655000.00,0.00,15655000.00,0.00,'PENJUALAN - AGUS TRIYADI','Sales Invoice',1.00),(1714,'012/AS-I/2023','2023-01-25','1105.001',0.00,15655000.00,0.00,15655000.00,'PENJUALAN - AGUS TRIYADI','Sales Invoice',1.00),(1719,'011/JS-I/2023','2023-01-20','1103.001',6993000.00,0.00,6993000.00,0.00,'PENJUALAN - PT. PABRIK CAT TUNGGAL DJAJAJ INDAH','Sales Invoice',1.00),(1720,'011/JS-I/2023','2023-01-20','4101.001',0.00,6300000.00,0.00,6300000.00,'PENJUALAN - PT. PABRIK CAT TUNGGAL DJAJAJ INDAH','Sales Invoice',1.00),(1721,'011/JS-I/2023','2023-01-20','2104.005',0.00,693000.00,0.00,693000.00,'PENJUALAN - PT. PABRIK CAT TUNGGAL DJAJAJ INDAH','Sales Invoice',1.00),(1727,'009/AS-I/2023','2023-01-20','1103.001',6764998.00,0.00,6764998.00,0.00,'PENJUALAN - AGUS TRIYADI','Sales Invoice',1.00),(1728,'009/AS-I/2023','2023-01-20','4101.001',0.00,6094593.00,0.00,6094593.00,'PENJUALAN - AGUS TRIYADI','Sales Invoice',1.00),(1729,'009/AS-I/2023','2023-01-20','2104.005',0.00,670405.00,0.00,670405.00,'PENJUALAN - AGUS TRIYADI','Sales Invoice',1.00),(1730,'009/AS-I/2023','2023-01-20','5101.001',3673500.00,0.00,3673500.00,0.00,'PENJUALAN - AGUS TRIYADI','Sales Invoice',1.00),(1731,'009/AS-I/2023','2023-01-20','1105.001',0.00,3673500.00,0.00,3673500.00,'PENJUALAN - AGUS TRIYADI','Sales Invoice',1.00),(1737,'008/AS-I/2023','2023-01-16','1103.001',4914998.00,0.00,4914998.00,0.00,'PENJUALAN - SETIAWAN .M','Sales Invoice',1.00),(1738,'008/AS-I/2023','2023-01-16','4101.001',0.00,4427926.00,0.00,4427926.00,'PENJUALAN - SETIAWAN .M','Sales Invoice',1.00),(1739,'008/AS-I/2023','2023-01-16','2104.005',0.00,487072.00,0.00,487072.00,'PENJUALAN - SETIAWAN .M','Sales Invoice',1.00),(1740,'008/AS-I/2023','2023-01-16','5101.001',1813500.00,0.00,1813500.00,0.00,'PENJUALAN - SETIAWAN .M','Sales Invoice',1.00),(1741,'008/AS-I/2023','2023-01-16','1105.001',0.00,1813500.00,0.00,1813500.00,'PENJUALAN - SETIAWAN .M','Sales Invoice',1.00),(1742,'007/JS-I/2023','2023-01-12','1103.001',13729996.00,0.00,13729996.00,0.00,'PENJUALAN - SUMBER JAYA URIP (MURSID)','Sales Invoice',1.00),(1743,'007/JS-I/2023','2023-01-12','4101.001',0.00,12369366.00,0.00,12369366.00,'PENJUALAN - SUMBER JAYA URIP (MURSID)','Sales Invoice',1.00),(1744,'007/JS-I/2023','2023-01-12','2104.005',0.00,1360630.00,0.00,1360630.00,'PENJUALAN - SUMBER JAYA URIP (MURSID)','Sales Invoice',1.00),(1745,'007/JS-I/2023','2023-01-12','5101.001',5595500.00,0.00,5595500.00,0.00,'PENJUALAN - SUMBER JAYA URIP (MURSID)','Sales Invoice',1.00),(1746,'007/JS-I/2023','2023-01-12','1105.001',0.00,5595500.00,0.00,5595500.00,'PENJUALAN - SUMBER JAYA URIP (MURSID)','Sales Invoice',1.00),(1757,'005/AS-I/2023','2023-01-07','1103.001',5329998.00,0.00,5329998.00,0.00,'PENJUALAN - APPATINDO JATENG (DR. HADIYAH MELANIE)','Sales Invoice',1.00),(1758,'005/AS-I/2023','2023-01-07','4101.001',0.00,4801800.00,0.00,4801800.00,'PENJUALAN - APPATINDO JATENG (DR. HADIYAH MELANIE)','Sales Invoice',1.00),(1759,'005/AS-I/2023','2023-01-07','2104.005',0.00,528198.00,0.00,528198.00,'PENJUALAN - APPATINDO JATENG (DR. HADIYAH MELANIE)','Sales Invoice',1.00),(1760,'005/AS-I/2023','2023-01-07','5101.001',2557500.00,0.00,2557500.00,0.00,'PENJUALAN - APPATINDO JATENG (DR. HADIYAH MELANIE)','Sales Invoice',1.00),(1761,'005/AS-I/2023','2023-01-07','1105.001',0.00,2557500.00,0.00,2557500.00,'PENJUALAN - APPATINDO JATENG (DR. HADIYAH MELANIE)','Sales Invoice',1.00),(1762,'006/JS-I/2023','2023-01-09','1103.001',17704997.00,0.00,17704997.00,0.00,'PENJUALAN - SUMBER JAYA URIP (MURSID)','Sales Invoice',1.00),(1763,'006/JS-I/2023','2023-01-09','4101.001',0.00,15950448.00,0.00,15950448.00,'PENJUALAN - SUMBER JAYA URIP (MURSID)','Sales Invoice',1.00),(1764,'006/JS-I/2023','2023-01-09','2104.005',0.00,1754549.00,0.00,1754549.00,'PENJUALAN - SUMBER JAYA URIP (MURSID)','Sales Invoice',1.00),(1765,'006/JS-I/2023','2023-01-09','5101.001',6711500.00,0.00,6711500.00,0.00,'PENJUALAN - SUMBER JAYA URIP (MURSID)','Sales Invoice',1.00),(1766,'006/JS-I/2023','2023-01-09','1105.001',0.00,6711500.00,0.00,6711500.00,'PENJUALAN - SUMBER JAYA URIP (MURSID)','Sales Invoice',1.00),(1767,'004/AS-I/2023','2023-01-05','1103.001',12899998.00,0.00,12899998.00,0.00,'PENJUALAN - AGUS TRIYADI','Sales Invoice',1.00),(1768,'004/AS-I/2023','2023-01-05','4101.001',0.00,11621620.00,0.00,11621620.00,'PENJUALAN - AGUS TRIYADI','Sales Invoice',1.00),(1769,'004/AS-I/2023','2023-01-05','2104.005',0.00,1278378.00,0.00,1278378.00,'PENJUALAN - AGUS TRIYADI','Sales Invoice',1.00),(1770,'004/AS-I/2023','2023-01-05','5101.001',7130000.00,0.00,7130000.00,0.00,'PENJUALAN - AGUS TRIYADI','Sales Invoice',1.00),(1771,'004/AS-I/2023','2023-01-05','1105.001',0.00,7130000.00,0.00,7130000.00,'PENJUALAN - AGUS TRIYADI','Sales Invoice',1.00),(1772,'003/JS-I/2023','2023-01-05','1103.001',14133075.00,0.00,14133075.00,0.00,'PENJUALAN - PT. HYDRORAYA ADHI PERKASA','Sales Invoice',1.00),(1773,'003/JS-I/2023','2023-01-05','4101.001',0.00,12732500.00,0.00,12732500.00,'PENJUALAN - PT. HYDRORAYA ADHI PERKASA','Sales Invoice',1.00),(1774,'003/JS-I/2023','2023-01-05','2104.005',0.00,1400575.00,0.00,1400575.00,'PENJUALAN - PT. HYDRORAYA ADHI PERKASA','Sales Invoice',1.00),(1775,'002/JS-I-2023','2023-01-05','1103.001',19702500.00,0.00,19702500.00,0.00,'PENJUALAN - PT TIRTA ALAM SEGAR','Sales Invoice',1.00),(1776,'002/JS-I-2023','2023-01-05','4101.001',0.00,17750000.00,0.00,17750000.00,'PENJUALAN - PT TIRTA ALAM SEGAR','Sales Invoice',1.00),(1777,'002/JS-I-2023','2023-01-05','2104.005',0.00,1952500.00,0.00,1952500.00,'PENJUALAN - PT TIRTA ALAM SEGAR','Sales Invoice',1.00),(1778,'001/AS-I/2023','2023-01-03','1103.001',5148002.00,0.00,5148002.00,0.00,'PENJUALAN - TEGUH KURNIADI','Sales Invoice',1.00),(1779,'001/AS-I/2023','2023-01-03','4101.001',0.00,4637840.00,0.00,4637840.00,'PENJUALAN - TEGUH KURNIADI','Sales Invoice',1.00),(1780,'001/AS-I/2023','2023-01-03','2104.005',0.00,510162.00,0.00,510162.00,'PENJUALAN - TEGUH KURNIADI','Sales Invoice',1.00),(1781,'001/AS-I/2023','2023-01-03','5101.001',2852000.00,0.00,2852000.00,0.00,'PENJUALAN - TEGUH KURNIADI','Sales Invoice',1.00),(1782,'001/AS-I/2023','2023-01-03','1105.001',0.00,2852000.00,0.00,2852000.00,'PENJUALAN - TEGUH KURNIADI','Sales Invoice',1.00),(1783,'INV/20230131/MPL/301','2023-01-31','1103.001',258000.00,0.00,258000.00,0.00,'PENJUALAN - CV SINAR SUKSES SEMPANA','Sales Invoice',1.00),(1784,'INV/20230131/MPL/301','2023-01-31','4101.002',0.00,232432.00,0.00,232432.00,'PENJUALAN - CV SINAR SUKSES SEMPANA','Sales Invoice',1.00),(1785,'INV/20230131/MPL/301','2023-01-31','2104.005',0.00,25568.00,0.00,25568.00,'PENJUALAN - CV SINAR SUKSES SEMPANA','Sales Invoice',1.00),(1789,'015/MSI/FR/I/23','2023-01-30','1103.001',190944.00,0.00,190944.00,0.00,'PENJUALAN - JOBSHARE TEKNIK (FAJAR)','Sales Invoice',1.00),(1790,'015/MSI/FR/I/23','2023-01-30','4101.002',0.00,172022.00,0.00,172022.00,'PENJUALAN - JOBSHARE TEKNIK (FAJAR)','Sales Invoice',1.00),(1791,'015/MSI/FR/I/23','2023-01-30','2104.005',0.00,18922.00,0.00,18922.00,'PENJUALAN - JOBSHARE TEKNIK (FAJAR)','Sales Invoice',1.00),(1792,'014/MSI/FR/23','2023-01-30','1103.001',259307.00,0.00,259307.00,0.00,'PENJUALAN - JOBSHARE TEKNIK (FAJAR)','Sales Invoice',1.00),(1793,'014/MSI/FR/23','2023-01-30','4101.002',0.00,233610.00,0.00,233610.00,'PENJUALAN - JOBSHARE TEKNIK (FAJAR)','Sales Invoice',1.00),(1794,'014/MSI/FR/23','2023-01-30','2104.005',0.00,25697.00,0.00,25697.00,'PENJUALAN - JOBSHARE TEKNIK (FAJAR)','Sales Invoice',1.00),(1795,'012/MSI-FR/I/23','2023-01-30','1103.001',129654.00,0.00,129654.00,0.00,'PENJUALAN - PT ANDRITECHNINDO NILAMTUNGGAL','Sales Invoice',1.00),(1796,'012/MSI-FR/I/23','2023-01-30','4101.002',0.00,116805.00,0.00,116805.00,'PENJUALAN - PT ANDRITECHNINDO NILAMTUNGGAL','Sales Invoice',1.00),(1797,'012/MSI-FR/I/23','2023-01-30','2104.005',0.00,12849.00,0.00,12849.00,'PENJUALAN - PT ANDRITECHNINDO NILAMTUNGGAL','Sales Invoice',1.00),(1798,'010/MSI/FR/0123','2023-01-30','1103.001',24500000.00,0.00,24500000.00,0.00,'PENJUALAN - PT. KASABA BERKAH SUKSES','Sales Invoice',1.00),(1799,'010/MSI/FR/0123','2023-01-30','4101.002',0.00,22072072.00,0.00,22072072.00,'PENJUALAN - PT. KASABA BERKAH SUKSES','Sales Invoice',1.00),(1800,'010/MSI/FR/0123','2023-01-30','2104.005',0.00,2427928.00,0.00,2427928.00,'PENJUALAN - PT. KASABA BERKAH SUKSES','Sales Invoice',1.00),(1804,'009/MSI/FR/0123','2023-01-27','1103.001',22500000.00,0.00,22500000.00,0.00,'PENJUALAN - PT OSMO MARINA MANDIRI','Sales Invoice',1.00),(1805,'009/MSI/FR/0123','2023-01-27','4101.002',0.00,20270270.00,0.00,20270270.00,'PENJUALAN - PT OSMO MARINA MANDIRI','Sales Invoice',1.00),(1806,'009/MSI/FR/0123','2023-01-27','2104.005',0.00,2229730.00,0.00,2229730.00,'PENJUALAN - PT OSMO MARINA MANDIRI','Sales Invoice',1.00),(1807,'012/MSI-AO/I/2023','2023-01-24','1103.001',10000000.00,0.00,10000000.00,0.00,'PENJUALAN - PT. HOKKY BERSAMA','Sales Invoice',1.00),(1808,'012/MSI-AO/I/2023','2023-01-24','4101.003',0.00,9009009.00,0.00,9009009.00,'PENJUALAN - PT. HOKKY BERSAMA','Sales Invoice',1.00),(1809,'012/MSI-AO/I/2023','2023-01-24','2104.005',0.00,990991.00,0.00,990991.00,'PENJUALAN - PT. HOKKY BERSAMA','Sales Invoice',1.00),(1810,'011/MSI-AO/I/2023','2023-01-24','1103.001',13875000.00,0.00,13875000.00,0.00,'PENJUALAN - PT. HOKKY BERSAMA','Sales Invoice',1.00),(1811,'011/MSI-AO/I/2023','2023-01-24','2105.001',12500000.00,0.00,12500000.00,0.00,'PENJUALAN - PT. HOKKY BERSAMA','Sales Invoice',1.00),(1812,'011/MSI-AO/I/2023','2023-01-24','4101.003',0.00,25000000.00,0.00,25000000.00,'PENJUALAN - PT. HOKKY BERSAMA','Sales Invoice',1.00),(1813,'011/MSI-AO/I/2023','2023-01-24','2104.005',0.00,1375000.00,0.00,1375000.00,'PENJUALAN - PT. HOKKY BERSAMA','Sales Invoice',1.00),(1814,'007/MSI/FR/0123','2023-01-20','1103.001',42736500.00,0.00,42736500.00,0.00,'PENJUALAN - PT BUDI INDAH ABADI','Sales Invoice',1.00),(1815,'007/MSI/FR/0123','2023-01-20','4101.002',0.00,38501351.00,0.00,38501351.00,'PENJUALAN - PT BUDI INDAH ABADI','Sales Invoice',1.00),(1816,'007/MSI/FR/0123','2023-01-20','2104.005',0.00,4235149.00,0.00,4235149.00,'PENJUALAN - PT BUDI INDAH ABADI','Sales Invoice',1.00),(1817,'011/MSI/FR/1223','2023-01-31','1103.001',45235000.00,0.00,45235000.00,0.00,'PENJUALAN - CV. TRIDAYA PERKASA','Sales Invoice',1.00),(1818,'011/MSI/FR/1223','2023-01-31','4101.002',0.00,40752252.00,0.00,40752252.00,'PENJUALAN - CV. TRIDAYA PERKASA','Sales Invoice',1.00),(1819,'011/MSI/FR/1223','2023-01-31','2104.005',0.00,4482748.00,0.00,4482748.00,'PENJUALAN - CV. TRIDAYA PERKASA','Sales Invoice',1.00),(1821,'VP-2023-00007','2023-01-16','2101.001',10765900.00,0.00,10765900.00,0.00,'PEMBAYARAN - PT. MITRA ABADI SAKTI','Supplier Payment',1.00),(1822,'VP-2023-00007','2023-01-16','1102.003',0.00,10765900.00,0.00,10765900.00,'PEMBAYARAN - PT. MITRA ABADI SAKTI','Supplier Payment',1.00),(1829,'016/MSI/FR/1223','2023-02-02','1103.001',25246250.00,0.00,25246250.00,0.00,'PENJUALAN - PT. RAJAWALI PRIMAJAYA TEKNINDO','Sales Invoice',1.00),(1830,'016/MSI/FR/1223','2023-02-02','4101.002',0.00,22744369.00,0.00,22744369.00,'PENJUALAN - PT. RAJAWALI PRIMAJAYA TEKNINDO','Sales Invoice',1.00),(1831,'016/MSI/FR/1223','2023-02-02','2104.005',0.00,2501881.00,0.00,2501881.00,'PENJUALAN - PT. RAJAWALI PRIMAJAYA TEKNINDO','Sales Invoice',1.00),(1832,'066/AS-V/2023','2023-05-12','1103.001',114971997.00,0.00,114971997.00,0.00,'PENJUALAN - CV. MATAHARI ENGINEERING','Sales Invoice',1.00),(1833,'066/AS-V/2023','2023-05-12','4101.001',0.00,103578376.00,0.00,103578376.00,'PENJUALAN - CV. MATAHARI ENGINEERING','Sales Invoice',1.00),(1834,'066/AS-V/2023','2023-05-12','2104.005',0.00,11393621.00,0.00,11393621.00,'PENJUALAN - CV. MATAHARI ENGINEERING','Sales Invoice',1.00),(1835,'066/AS-V/2023','2023-05-12','5101.001',38874000.00,0.00,38874000.00,0.00,'PENJUALAN - CV. MATAHARI ENGINEERING','Sales Invoice',1.00),(1836,'066/AS-V/2023','2023-05-12','1105.001',0.00,38874000.00,0.00,38874000.00,'PENJUALAN - CV. MATAHARI ENGINEERING','Sales Invoice',1.00),(1837,'067/JS-V/2023','2023-05-12','1103.001',19128000.00,0.00,19128000.00,0.00,'PENJUALAN - PT. MALABAR JAYA TEKNINDO','Sales Invoice',1.00),(1838,'067/JS-V/2023','2023-05-12','4101.001',0.00,17232432.00,0.00,17232432.00,'PENJUALAN - PT. MALABAR JAYA TEKNINDO','Sales Invoice',1.00),(1839,'067/JS-V/2023','2023-05-12','2104.005',0.00,1895568.00,0.00,1895568.00,'PENJUALAN - PT. MALABAR JAYA TEKNINDO','Sales Invoice',1.00),(1840,'067/JS-V/2023','2023-05-12','5101.001',5611000.00,0.00,5611000.00,0.00,'PENJUALAN - PT. MALABAR JAYA TEKNINDO','Sales Invoice',1.00),(1841,'067/JS-V/2023','2023-05-12','1105.001',0.00,5611000.00,0.00,5611000.00,'PENJUALAN - PT. MALABAR JAYA TEKNINDO','Sales Invoice',1.00),(1842,'018/MSI-FR/II/23','2023-02-06','1103.001',129000.00,0.00,129000.00,0.00,'PENJUALAN - JOBSHARE TEKNIK (FAJAR)','Sales Invoice',1.00),(1843,'018/MSI-FR/II/23','2023-02-06','4101.002',0.00,116216.00,0.00,116216.00,'PENJUALAN - JOBSHARE TEKNIK (FAJAR)','Sales Invoice',1.00),(1844,'018/MSI-FR/II/23','2023-02-06','2104.005',0.00,12784.00,0.00,12784.00,'PENJUALAN - JOBSHARE TEKNIK (FAJAR)','Sales Invoice',1.00),(1845,'018/MSI-FR/II/23','2023-02-06','5101.002',200000.00,0.00,200000.00,0.00,'PENJUALAN - JOBSHARE TEKNIK (FAJAR)','Sales Invoice',1.00),(1846,'018/MSI-FR/II/23','2023-02-06','1105.002',0.00,200000.00,0.00,200000.00,'PENJUALAN - JOBSHARE TEKNIK (FAJAR)','Sales Invoice',1.00),(1850,'019/MSI/FR/0223','2023-02-08','1103.001',42736500.00,0.00,42736500.00,0.00,'PENJUALAN - PT BUDI INDAH ABADI','Sales Invoice',1.00),(1851,'019/MSI/FR/0223','2023-02-08','4101.002',0.00,38501351.00,0.00,38501351.00,'PENJUALAN - PT BUDI INDAH ABADI','Sales Invoice',1.00),(1852,'019/MSI/FR/0223','2023-02-08','2104.005',0.00,4235149.00,0.00,4235149.00,'PENJUALAN - PT BUDI INDAH ABADI','Sales Invoice',1.00),(1853,'019/MSI/FR/0223','2023-02-08','5101.002',11120720.00,0.00,11120720.00,0.00,'PENJUALAN - PT BUDI INDAH ABADI','Sales Invoice',1.00),(1854,'019/MSI/FR/0223','2023-02-08','1105.002',0.00,11120720.00,0.00,11120720.00,'PENJUALAN - PT BUDI INDAH ABADI','Sales Invoice',1.00),(1855,'020/MSI-FR/II/23','2023-02-04','1103.001',422432.00,0.00,422432.00,0.00,'PENJUALAN - PT KENINDO UTAMA TEKNIK','Sales Invoice',1.00),(1856,'020/MSI-FR/II/23','2023-02-04','4101.002',0.00,380569.00,0.00,380569.00,'PENJUALAN - PT KENINDO UTAMA TEKNIK','Sales Invoice',1.00),(1857,'020/MSI-FR/II/23','2023-02-04','2104.005',0.00,41863.00,0.00,41863.00,'PENJUALAN - PT KENINDO UTAMA TEKNIK','Sales Invoice',1.00),(1858,'020/MSI-FR/II/23','2023-02-04','5101.002',480000.00,0.00,480000.00,0.00,'PENJUALAN - PT KENINDO UTAMA TEKNIK','Sales Invoice',1.00),(1859,'020/MSI-FR/II/23','2023-02-04','1105.002',0.00,480000.00,0.00,480000.00,'PENJUALAN - PT KENINDO UTAMA TEKNIK','Sales Invoice',1.00),(1860,'021/MSI/FR/0223','2023-02-14','1103.001',9800000.00,0.00,9800000.00,0.00,'PENJUALAN - PT. DAMAI RUKUN BERSAMA','Sales Invoice',1.00),(1861,'021/MSI/FR/0223','2023-02-14','4101.002',0.00,8828829.00,0.00,8828829.00,'PENJUALAN - PT. DAMAI RUKUN BERSAMA','Sales Invoice',1.00),(1862,'021/MSI/FR/0223','2023-02-14','2104.005',0.00,971171.00,0.00,971171.00,'PENJUALAN - PT. DAMAI RUKUN BERSAMA','Sales Invoice',1.00),(1863,'021/MSI/FR/0223','2023-02-14','5101.002',4913840.00,0.00,4913840.00,0.00,'PENJUALAN - PT. DAMAI RUKUN BERSAMA','Sales Invoice',1.00),(1864,'021/MSI/FR/0223','2023-02-14','1105.002',0.00,4913840.00,0.00,4913840.00,'PENJUALAN - PT. DAMAI RUKUN BERSAMA','Sales Invoice',1.00),(1865,'022/MSI/FR/0223','2023-02-20','1103.001',9500000.00,0.00,9500000.00,0.00,'PENJUALAN - PT. DELI KRISTAL SEJATI','Sales Invoice',1.00),(1866,'022/MSI/FR/0223','2023-02-20','4101.002',0.00,8558559.00,0.00,8558559.00,'PENJUALAN - PT. DELI KRISTAL SEJATI','Sales Invoice',1.00),(1867,'022/MSI/FR/0223','2023-02-20','2104.005',0.00,941441.00,0.00,941441.00,'PENJUALAN - PT. DELI KRISTAL SEJATI','Sales Invoice',1.00),(1868,'022/MSI/FR/0223','2023-02-20','5101.002',4343040.00,0.00,4343040.00,0.00,'PENJUALAN - PT. DELI KRISTAL SEJATI','Sales Invoice',1.00),(1869,'022/MSI/FR/0223','2023-02-20','1105.002',0.00,4343040.00,0.00,4343040.00,'PENJUALAN - PT. DELI KRISTAL SEJATI','Sales Invoice',1.00),(1870,'039/AS-III/2023','2023-03-17','1103.001',13030011.00,0.00,13030011.00,0.00,'PENJUALAN - PT. REJO MAKMUR RETAILINDO','Sales Invoice',1.00),(1871,'039/AS-III/2023','2023-03-17','4101.001',0.00,11522532.00,0.00,11522532.00,'PENJUALAN - PT. REJO MAKMUR RETAILINDO','Sales Invoice',1.00),(1872,'039/AS-III/2023','2023-03-17','2104.005',0.00,1267479.00,0.00,1267479.00,'PENJUALAN - PT. REJO MAKMUR RETAILINDO','Sales Invoice',1.00),(1873,'039/AS-III/2023','2023-03-17','5101.001',6138000.00,0.00,6138000.00,0.00,'PENJUALAN - PT. REJO MAKMUR RETAILINDO','Sales Invoice',1.00),(1874,'039/AS-III/2023','2023-03-17','1105.001',0.00,6138000.00,0.00,6138000.00,'PENJUALAN - PT. REJO MAKMUR RETAILINDO','Sales Invoice',1.00),(1875,'039/AS-III/2023','2023-03-17','6108.003',0.00,240000.00,0.00,240000.00,'PENJUALAN - PT. REJO MAKMUR RETAILINDO','Sales Invoice',1.00),(1879,'CR-2023-00031','2023-01-30','1103.001',0.00,719222.00,0.00,719222.00,'PEMBAYARAN - PT KENINDO UTAMA TEKNIK','Customer Receipt',0.00),(1880,'CR-2023-00031','2023-01-30','1102.003',719300.00,0.00,719300.00,0.00,'PEMBAYARAN - PT KENINDO UTAMA TEKNIK','Customer Receipt',0.00),(1881,'CR-2023-00031','2023-01-30','6102.006',-78.00,0.00,-78.00,0.00,'BIAYA ADMIN - PT KENINDO UTAMA TEKNIK','Customer Receipt',0.00),(1882,'CR-2023-00032','2023-01-30','1103.001',0.00,13873500.00,0.00,13873500.00,'PEMBAYARAN - SUMBER JAYA TEKNIK (USUP PERMANA)','Customer Receipt',0.00),(1883,'CR-2023-00032','2023-01-30','1102.003',13874000.00,0.00,13874000.00,0.00,'PEMBAYARAN - SUMBER JAYA TEKNIK (USUP PERMANA)','Customer Receipt',0.00),(1884,'CR-2023-00032','2023-01-30','6102.006',-500.00,0.00,-500.00,0.00,'BIAYA ADMIN - SUMBER JAYA TEKNIK (USUP PERMANA)','Customer Receipt',0.00),(1885,'CR-2023-00035','2023-01-31','1103.001',0.00,2220000.00,0.00,2220000.00,'PEMBAYARAN - PT INDOTECH METAL NUSANTARA','Customer Receipt',0.00),(1886,'CR-2023-00035','2023-01-31','1102.003',2217100.00,0.00,2217100.00,0.00,'PEMBAYARAN - PT INDOTECH METAL NUSANTARA','Customer Receipt',0.00),(1887,'CR-2023-00035','2023-01-31','6102.006',2900.00,0.00,2900.00,0.00,'BIAYA ADMIN - PT INDOTECH METAL NUSANTARA','Customer Receipt',0.00),(1888,'CR-2023-00036','2023-02-01','1103.001',0.00,11044997.00,0.00,11044997.00,'PEMBAYARAN - SETIAWAN .M','Customer Receipt',0.00),(1889,'CR-2023-00036','2023-02-01','1102.001',11045000.00,0.00,11045000.00,0.00,'PEMBAYARAN - SETIAWAN .M','Customer Receipt',0.00),(1890,'CR-2023-00036','2023-02-01','6102.006',-3.00,0.00,-3.00,0.00,'BIAYA ADMIN - SETIAWAN .M','Customer Receipt',0.00),(1891,'CR-2023-00061','2023-01-24','1103.001',0.00,62160000.00,0.00,62160000.00,'PEMBAYARAN - PT. MITRA BELANJA ANDA','Customer Receipt',0.00),(1892,'CR-2023-00061','2023-01-24','1102.003',61180000.00,0.00,61180000.00,0.00,'PEMBAYARAN - PT. MITRA BELANJA ANDA','Customer Receipt',0.00),(1893,'CR-2023-00061','2023-01-24','1106.003',980000.00,0.00,980000.00,0.00,'POTONGAN PPH Ps23 - PT. MITRA BELANJA ANDA','Customer Receipt',0.00),(1894,'CR-2023-00062','2023-01-24','1103.001',0.00,204240000.00,0.00,204240000.00,'PEMBAYARAN - PT. MITRA BELANJA ANDA','Customer Receipt',0.00),(1895,'CR-2023-00062','2023-01-24','1102.003',201020000.00,0.00,201020000.00,0.00,'PEMBAYARAN - PT. MITRA BELANJA ANDA','Customer Receipt',0.00),(1896,'CR-2023-00062','2023-01-24','1106.003',3220000.00,0.00,3220000.00,0.00,'POTONGAN PPH Ps23 - PT. MITRA BELANJA ANDA','Customer Receipt',0.00),(1897,'CR-2023-00063','2023-01-25','1103.001',0.00,1221000.00,0.00,1221000.00,'PEMBAYARAN - PT PUTRA SINAR PERMAJA','Customer Receipt',0.00),(1898,'CR-2023-00063','2023-01-25','1102.003',1201750.00,0.00,1201750.00,0.00,'PEMBAYARAN - PT PUTRA SINAR PERMAJA','Customer Receipt',0.00),(1899,'CR-2023-00063','2023-01-25','1106.003',19250.00,0.00,19250.00,0.00,'POTONGAN PPH Ps23 - PT PUTRA SINAR PERMAJA','Customer Receipt',0.00),(1900,'CR-2023-00064','2023-01-31','1103.001',0.00,91020000.00,0.00,91020000.00,'PEMBAYARAN - PT. MITRA BELANJA ANDA','Customer Receipt',0.00),(1901,'CR-2023-00064','2023-01-31','1102.003',89585000.00,0.00,89585000.00,0.00,'PEMBAYARAN - PT. MITRA BELANJA ANDA','Customer Receipt',0.00),(1902,'CR-2023-00064','2023-01-31','1106.003',1435000.00,0.00,1435000.00,0.00,'POTONGAN PPH Ps23 - PT. MITRA BELANJA ANDA','Customer Receipt',0.00),(1903,'CR-2023-00067','2023-02-02','1103.001',0.00,31635000.00,0.00,31635000.00,'PEMBAYARAN - PT. ONNA PRIMA UTAMA','Customer Receipt',0.00),(1904,'CR-2023-00067','2023-02-02','1102.003',31136250.00,0.00,31136250.00,0.00,'PEMBAYARAN - PT. ONNA PRIMA UTAMA','Customer Receipt',0.00),(1905,'CR-2023-00067','2023-02-02','1106.003',498750.00,0.00,498750.00,0.00,'POTONGAN PPH Ps23 - PT. ONNA PRIMA UTAMA','Customer Receipt',0.00),(1906,'VP-2023-00001','2023-01-17','2101.001',2595431.00,0.00,2595431.00,0.00,'PEMBAYARAN - PT. PRIMA INTERNASIONAL CARGO','Supplier Payment',1.00),(1907,'VP-2023-00001','2023-01-17','1102.001',0.00,2546300.00,0.00,2546300.00,'PEMBAYARAN - PT. PRIMA INTERNASIONAL CARGO','Supplier Payment',1.00),(1908,'VP-2023-00001','2023-01-17','6102.006',0.00,1.00,0.00,1.00,'POTONGAN INV - PT. PRIMA INTERNASIONAL CARGO','Supplier Payment',1.00),(1909,'VP-2023-00001','2023-01-17','2104.003',0.00,49130.00,0.00,49130.00,'PPH PS23 - PT. PRIMA INTERNASIONAL CARGO','Supplier Payment',1.00),(1913,'CR-2023-00001','2023-01-02','1103.001',0.00,39932250.00,0.00,39932250.00,'PEMBAYARAN - PT. PRAKARSALANGGENG MAJUBERSAMA','Customer Receipt',0.00),(1914,'CR-2023-00001','2023-01-02','1102.001',39929350.00,0.00,39929350.00,0.00,'PEMBAYARAN - PT. PRAKARSALANGGENG MAJUBERSAMA','Customer Receipt',0.00),(1915,'CR-2023-00001','2023-01-02','6102.013',2900.00,0.00,2900.00,0.00,'POTONGAN INV - PT. PRAKARSALANGGENG MAJUBERSAMA','Customer Receipt',0.00),(1916,'CR-2023-00027','2023-01-13','1103.001',0.00,31434993.00,0.00,31434993.00,'PEMBAYARAN - SUMBER JAYA URIP (MURSID)','Customer Receipt',0.00),(1917,'CR-2023-00027','2023-01-13','1102.001',31435000.00,0.00,31435000.00,0.00,'PEMBAYARAN - SUMBER JAYA URIP (MURSID)','Customer Receipt',0.00),(1918,'CR-2023-00027','2023-01-13','6102.013',-7.00,0.00,-7.00,0.00,'POTONGAN INV - SUMBER JAYA URIP (MURSID)','Customer Receipt',0.00),(1919,'CR-2023-00014','2023-01-25','1103.001',0.00,2946001.00,0.00,2946001.00,'PEMBAYARAN - MAMAN','Customer Receipt',0.00),(1920,'CR-2023-00014','2023-01-25','1102.001',2946000.00,0.00,2946000.00,0.00,'PEMBAYARAN - MAMAN','Customer Receipt',0.00),(1921,'CR-2023-00014','2023-01-25','6102.013',1.00,0.00,1.00,0.00,'POTONGAN INV - MAMAN','Customer Receipt',0.00),(1922,'CR-2023-00003','2023-01-03','1103.001',0.00,5148002.00,0.00,5148002.00,'PEMBAYARAN - TEGUH KURNIADI','Customer Receipt',0.00),(1923,'CR-2023-00003','2023-01-03','1102.001',5148000.00,0.00,5148000.00,0.00,'PEMBAYARAN - TEGUH KURNIADI','Customer Receipt',0.00),(1924,'CR-2023-00003','2023-01-03','6102.013',2.00,0.00,2.00,0.00,'POTONGAN INV - TEGUH KURNIADI','Customer Receipt',0.00),(1925,'023/MSI/FR/0223','2023-02-18','1103.001',16755500.00,0.00,16755500.00,0.00,'PENJUALAN - PT. SIGMAUTAMA PAINT','Sales Invoice',1.00),(1926,'023/MSI/FR/0223','2023-02-18','4101.002',0.00,15095045.00,0.00,15095045.00,'PENJUALAN - PT. SIGMAUTAMA PAINT','Sales Invoice',1.00),(1927,'023/MSI/FR/0223','2023-02-18','2104.005',0.00,1660455.00,0.00,1660455.00,'PENJUALAN - PT. SIGMAUTAMA PAINT','Sales Invoice',1.00),(1928,'023/MSI/FR/0223','2023-02-18','5101.002',7913520.00,0.00,7913520.00,0.00,'PENJUALAN - PT. SIGMAUTAMA PAINT','Sales Invoice',1.00),(1929,'023/MSI/FR/0223','2023-02-18','1105.002',0.00,7913520.00,0.00,7913520.00,'PENJUALAN - PT. SIGMAUTAMA PAINT','Sales Invoice',1.00),(1930,'024/MSI-FR/II/23','2023-02-16','1103.001',2060005.00,0.00,2060005.00,0.00,'PENJUALAN - JOBSHARE TEKNIK (FAJAR)','Sales Invoice',1.00),(1931,'024/MSI-FR/II/23','2023-02-16','4101.002',0.00,1855860.00,0.00,1855860.00,'PENJUALAN - JOBSHARE TEKNIK (FAJAR)','Sales Invoice',1.00),(1932,'024/MSI-FR/II/23','2023-02-16','2104.005',0.00,204145.00,0.00,204145.00,'PENJUALAN - JOBSHARE TEKNIK (FAJAR)','Sales Invoice',1.00),(1933,'024/MSI-FR/II/23','2023-02-16','5101.002',4000000.00,0.00,4000000.00,0.00,'PENJUALAN - JOBSHARE TEKNIK (FAJAR)','Sales Invoice',1.00),(1934,'024/MSI-FR/II/23','2023-02-16','1105.002',0.00,4000000.00,0.00,4000000.00,'PENJUALAN - JOBSHARE TEKNIK (FAJAR)','Sales Invoice',1.00),(1935,'028/MSI/FR/0223','2023-02-25','1103.001',25000001.00,0.00,25000001.00,0.00,'PENJUALAN - LIEM SIOE KHING (TOKO HANDAYANI)','Sales Invoice',1.00),(1936,'028/MSI/FR/0223','2023-02-25','4101.002',0.00,22522523.00,0.00,22522523.00,'PENJUALAN - LIEM SIOE KHING (TOKO HANDAYANI)','Sales Invoice',1.00),(1937,'028/MSI/FR/0223','2023-02-25','2104.005',0.00,2477478.00,0.00,2477478.00,'PENJUALAN - LIEM SIOE KHING (TOKO HANDAYANI)','Sales Invoice',1.00),(1938,'028/MSI/FR/0223','2023-02-25','5101.002',12412880.00,0.00,12412880.00,0.00,'PENJUALAN - LIEM SIOE KHING (TOKO HANDAYANI)','Sales Invoice',1.00),(1939,'028/MSI/FR/0223','2023-02-25','1105.002',0.00,12412880.00,0.00,12412880.00,'PENJUALAN - LIEM SIOE KHING (TOKO HANDAYANI)','Sales Invoice',1.00),(1940,'023/MSI-NR/II/2023','2023-02-23','1103.001',27195000.00,0.00,27195000.00,0.00,'PENJUALAN - PT TIARA MARGA TRAKINDO','Sales Invoice',1.00),(1941,'023/MSI-NR/II/2023','2023-02-23','4101.003',0.00,24500000.00,0.00,24500000.00,'PENJUALAN - PT TIARA MARGA TRAKINDO','Sales Invoice',1.00),(1942,'023/MSI-NR/II/2023','2023-02-23','2104.005',0.00,2695000.00,0.00,2695000.00,'PENJUALAN - PT TIARA MARGA TRAKINDO','Sales Invoice',1.00),(1943,'017/MSI-NR/II/2023','2023-02-23','1103.001',39960000.00,0.00,39960000.00,0.00,'PENJUALAN - PT TIARA MARGA TRAKINDO','Sales Invoice',1.00),(1944,'017/MSI-NR/II/2023','2023-02-23','4101.003',0.00,36000000.00,0.00,36000000.00,'PENJUALAN - PT TIARA MARGA TRAKINDO','Sales Invoice',1.00),(1945,'017/MSI-NR/II/2023','2023-02-23','2104.005',0.00,3960000.00,0.00,3960000.00,'PENJUALAN - PT TIARA MARGA TRAKINDO','Sales Invoice',1.00),(1946,'068/AS-V/2023','2023-05-22','1103.001',182000004.00,0.00,182000004.00,0.00,'PENJUALAN - PT. HADI JAYA BORE LAND','Sales Invoice',1.00),(1947,'068/AS-V/2023','2023-05-22','4101.001',0.00,163963968.00,0.00,163963968.00,'PENJUALAN - PT. HADI JAYA BORE LAND','Sales Invoice',1.00),(1948,'068/AS-V/2023','2023-05-22','2104.005',0.00,18036036.00,0.00,18036036.00,'PENJUALAN - PT. HADI JAYA BORE LAND','Sales Invoice',1.00),(1949,'068/AS-V/2023','2023-05-22','5101.001',55329792.00,0.00,55329792.00,0.00,'PENJUALAN - PT. HADI JAYA BORE LAND','Sales Invoice',1.00),(1950,'068/AS-V/2023','2023-05-22','1105.001',0.00,55329792.00,0.00,55329792.00,'PENJUALAN - PT. HADI JAYA BORE LAND','Sales Invoice',1.00),(1951,'069/AS-V/2023','2023-05-22','1103.001',16500000.00,0.00,16500000.00,0.00,'PENJUALAN - MANDIRI FORMULANSI ','Sales Invoice',1.00),(1952,'069/AS-V/2023','2023-05-22','4101.001',0.00,14864865.00,0.00,14864865.00,'PENJUALAN - MANDIRI FORMULANSI ','Sales Invoice',1.00),(1953,'069/AS-V/2023','2023-05-22','2104.005',0.00,1635135.00,0.00,1635135.00,'PENJUALAN - MANDIRI FORMULANSI ','Sales Invoice',1.00),(1954,'069/AS-V/2023','2023-05-22','5101.001',7672500.00,0.00,7672500.00,0.00,'PENJUALAN - MANDIRI FORMULANSI ','Sales Invoice',1.00),(1955,'069/AS-V/2023','2023-05-22','1105.001',0.00,7672500.00,0.00,7672500.00,'PENJUALAN - MANDIRI FORMULANSI ','Sales Invoice',1.00),(1956,'026/MSI/FR/0223','2023-02-21','1103.001',6552000.00,0.00,6552000.00,0.00,'PENJUALAN - PT BUDI INDAH ABADI','Sales Invoice',1.00),(1957,'026/MSI/FR/0223','2023-02-21','4101.002',0.00,5902703.00,0.00,5902703.00,'PENJUALAN - PT BUDI INDAH ABADI','Sales Invoice',1.00),(1958,'026/MSI/FR/0223','2023-02-21','2104.005',0.00,649297.00,0.00,649297.00,'PENJUALAN - PT BUDI INDAH ABADI','Sales Invoice',1.00),(1959,'026/MSI/FR/0223','2023-02-21','5101.002',3620960.00,0.00,3620960.00,0.00,'PENJUALAN - PT BUDI INDAH ABADI','Sales Invoice',1.00),(1960,'026/MSI/FR/0223','2023-02-21','1105.002',0.00,3620960.00,0.00,3620960.00,'PENJUALAN - PT BUDI INDAH ABADI','Sales Invoice',1.00),(1964,'0012-PI-2023','2023-02-02','2101.001',0.00,7047300.09,0.00,7047300.09,'PEMBELIAN DARI: PT. MITRA ABADI SAKTI','Purchase Invoice',1.00),(1965,'0012-PI-2023','2023-02-02','1105.001',6348919.00,0.00,6348919.00,0.00,'PEMBELIAN DARI: PT. MITRA ABADI SAKTI','Purchase Invoice',1.00),(1966,'0012-PI-2023','2023-02-02','1106.001',698381.09,0.00,698381.09,0.00,'PEMBELIAN DARI: PT. MITRA ABADI SAKTI','Purchase Invoice',1.00),(1970,'0011-PI-2023','2023-01-26','2101.001',0.00,7047300.09,0.00,7047300.09,'PEMBELIAN DARI: PT. MITRA ABADI SAKTI','Purchase Invoice',1.00),(1971,'0011-PI-2023','2023-01-26','1105.001',6348919.00,0.00,6348919.00,0.00,'PEMBELIAN DARI: PT. MITRA ABADI SAKTI','Purchase Invoice',1.00),(1972,'0011-PI-2023','2023-01-26','1106.001',698381.09,0.00,698381.09,0.00,'PEMBELIAN DARI: PT. MITRA ABADI SAKTI','Purchase Invoice',1.00),(1973,'0014-PI-2023','2023-01-11','2101.001',0.00,1687200.00,0.00,1687200.00,'PEMBELIAN DARI: PT AQUTECH INDONESIA','Purchase Invoice',1.00),(1974,'0014-PI-2023','2023-01-11','1105.001',1520000.00,0.00,1520000.00,0.00,'PEMBELIAN DARI: PT AQUTECH INDONESIA','Purchase Invoice',1.00),(1975,'0014-PI-2023','2023-01-11','1106.001',167200.00,0.00,167200.00,0.00,'PEMBELIAN DARI: PT AQUTECH INDONESIA','Purchase Invoice',1.00),(1979,'0008-PI-2023','2023-01-20','2101.001',0.00,22046687.91,0.00,22046687.91,'PEMBELIAN DARI: PT. SOUTHERN INDONESIA','Purchase Invoice',1.00),(1980,'0008-PI-2023','2023-01-20','1105.001',19861881.00,0.00,19861881.00,0.00,'PEMBELIAN DARI: PT. SOUTHERN INDONESIA','Purchase Invoice',1.00),(1981,'0008-PI-2023','2023-01-20','1106.001',2184806.91,0.00,2184806.91,0.00,'PEMBELIAN DARI: PT. SOUTHERN INDONESIA','Purchase Invoice',1.00),(1991,'0005-PI-2023','2023-01-30','2101.001',0.00,6419399.73,0.00,6419399.73,'PEMBELIAN DARI: PT. MITRA ABADI SAKTI','Purchase Invoice',1.00),(1992,'0005-PI-2023','2023-01-30','1105.001',5783243.00,0.00,5783243.00,0.00,'PEMBELIAN DARI: PT. MITRA ABADI SAKTI','Purchase Invoice',1.00),(1993,'0005-PI-2023','2023-01-30','1106.001',636156.73,0.00,636156.73,0.00,'PEMBELIAN DARI: PT. MITRA ABADI SAKTI','Purchase Invoice',1.00),(1994,'018/MSI-AO/II/2023','2023-02-07','1103.001',22200000.00,0.00,22200000.00,0.00,'PENJUALAN - PT. WIDA AGUNG MAKMUR PERSADA','Sales Invoice',1.00),(1995,'018/MSI-AO/II/2023','2023-02-07','4101.003',0.00,20000000.00,0.00,20000000.00,'PENJUALAN - PT. WIDA AGUNG MAKMUR PERSADA','Sales Invoice',1.00),(1996,'018/MSI-AO/II/2023','2023-02-07','2104.005',0.00,2200000.00,0.00,2200000.00,'PENJUALAN - PT. WIDA AGUNG MAKMUR PERSADA','Sales Invoice',1.00),(1997,'018/MSI-AO/II/2023','2023-02-07','5101.003',4430400.00,0.00,4430400.00,0.00,'PENJUALAN - PT. WIDA AGUNG MAKMUR PERSADA','Sales Invoice',1.00),(1998,'018/MSI-AO/II/2023','2023-02-07','1105.003',0.00,4430400.00,0.00,4430400.00,'PENJUALAN - PT. WIDA AGUNG MAKMUR PERSADA','Sales Invoice',1.00),(1999,'021/MSI-AO/II/2023','2023-02-14','1103.001',38850000.00,0.00,38850000.00,0.00,'PENJUALAN - PT. PUTRA DAKSA ENERGI','Sales Invoice',1.00),(2000,'021/MSI-AO/II/2023','2023-02-14','4101.003',0.00,35000000.00,0.00,35000000.00,'PENJUALAN - PT. PUTRA DAKSA ENERGI','Sales Invoice',1.00),(2001,'021/MSI-AO/II/2023','2023-02-14','2104.005',0.00,3850000.00,0.00,3850000.00,'PENJUALAN - PT. PUTRA DAKSA ENERGI','Sales Invoice',1.00),(2002,'019/MSI-AO/II/2023','2023-02-09','1103.001',7192800.00,0.00,7192800.00,0.00,'PENJUALAN - PT INDOTECH METAL NUSANTARA','Sales Invoice',1.00),(2003,'019/MSI-AO/II/2023','2023-02-09','4101.003',0.00,6480000.00,0.00,6480000.00,'PENJUALAN - PT INDOTECH METAL NUSANTARA','Sales Invoice',1.00),(2004,'019/MSI-AO/II/2023','2023-02-09','2104.005',0.00,712800.00,0.00,712800.00,'PENJUALAN - PT INDOTECH METAL NUSANTARA','Sales Invoice',1.00),(2005,'019/MSI-AO/II/2023','2023-02-09','5101.003',3120000.00,0.00,3120000.00,0.00,'PENJUALAN - PT INDOTECH METAL NUSANTARA','Sales Invoice',1.00),(2006,'019/MSI-AO/II/2023','2023-02-09','1105.003',0.00,3120000.00,0.00,3120000.00,'PENJUALAN - PT INDOTECH METAL NUSANTARA','Sales Invoice',1.00),(2007,'016/MSI-NR/II/2023','2023-02-02','1103.001',27195000.00,0.00,27195000.00,0.00,'PENJUALAN - PT TIARA MARGA TRAKINDO','Sales Invoice',1.00),(2008,'016/MSI-NR/II/2023','2023-02-02','4101.003',0.00,24500000.00,0.00,24500000.00,'PENJUALAN - PT TIARA MARGA TRAKINDO','Sales Invoice',1.00),(2009,'016/MSI-NR/II/2023','2023-02-02','2104.005',0.00,2695000.00,0.00,2695000.00,'PENJUALAN - PT TIARA MARGA TRAKINDO','Sales Invoice',1.00),(2016,'0007-PI-2023','2023-02-01','2101.001',0.00,20825064.09,0.00,20825064.09,'PEMBELIAN DARI: PT. SOUTHERN INDONESIA','Purchase Invoice',1.00),(2017,'0007-PI-2023','2023-02-01','1105.001',18761319.00,0.00,18761319.00,0.00,'PEMBELIAN DARI: PT. SOUTHERN INDONESIA','Purchase Invoice',1.00),(2018,'0007-PI-2023','2023-02-01','1106.001',2063745.09,0.00,2063745.09,0.00,'PEMBELIAN DARI: PT. SOUTHERN INDONESIA','Purchase Invoice',1.00),(2019,'0013-PI-2023','2023-02-08','2101.001',0.00,22046687.91,0.00,22046687.91,'PEMBELIAN DARI: PT. SOUTHERN INDONESIA','Purchase Invoice',1.00),(2020,'0013-PI-2023','2023-02-08','1105.001',19861881.00,0.00,19861881.00,0.00,'PEMBELIAN DARI: PT. SOUTHERN INDONESIA','Purchase Invoice',1.00),(2021,'0013-PI-2023','2023-02-08','1106.001',2184806.91,0.00,2184806.91,0.00,'PEMBELIAN DARI: PT. SOUTHERN INDONESIA','Purchase Invoice',1.00),(2022,'00019-JM-2023','2023-02-02','1102.003',0.00,2926500.00,0.00,2926500.00,'Kas kecil FR 23/PC-FR-I/014 s.d 034','Memorial',1.00),(2023,'00019-JM-2023','2023-02-02','1101.002',2926500.00,0.00,2926500.00,0.00,'Pengisian Kas kecil FR 23/PC-FR-I/014 s.d 034','Memorial',1.00),(2024,'00020-JM-2023','2023-02-02','1102.003',0.00,3446500.00,0.00,3446500.00,'Kas kecil WF Januari 2023','Memorial',1.00),(2025,'00020-JM-2023','2023-02-02','1101.003',3446500.00,0.00,3446500.00,0.00,'Pengisian Kas kecil WF Januari 2023','Memorial',1.00),(2026,'00001-OP-2023','2023-02-02','6102.006',2000.00,0.00,2000.00,0.00,'Biaya Kliring','Other Payment',1.00),(2027,'00001-OP-2023','2023-02-02','1102.003',0.00,2000.00,0.00,2000.00,'','Other Payment',1.00),(2028,'00021-JM-2023','2023-02-02','1102.003',0.00,50000000.00,0.00,50000000.00,'PB Ke Commbank WF Rupiah ','Memorial',1.00),(2029,'00021-JM-2023','2023-02-02','1102.006',50000000.00,0.00,50000000.00,0.00,'PB Dari Bank Panin FR Rupiah ','Memorial',1.00),(2034,'00002-OP-2023','2023-01-12','6102.014',8418700.00,0.00,8418700.00,0.00,'Biaya Pengeluaran Operasional Kantor Kas kecil WF Januari 2023','Other Payment',1.00),(2035,'00002-OP-2023','2023-01-12','1101.003',0.00,8418700.00,0.00,8418700.00,'BIAYA PENGELUARAN OPERASIONAL KANTOR KAS KECIL WF JANUARI 2023','Other Payment',1.00),(2036,'00004-OP-2023','2023-01-24','6102.014',5601000.00,0.00,5601000.00,0.00,'Biaya Pengeluaran Operasional Kantor Kas kecil WF Januari 2023','Other Payment',1.00),(2037,'00004-OP-2023','2023-01-24','1101.003',0.00,5601000.00,0.00,5601000.00,'Biaya Pengeluaran Operasional Kantor Kas kecil WF Januari 2023','Other Payment',1.00),(2038,'00003-OP-2023','2023-01-12','6102.014',1937000.00,0.00,1937000.00,0.00,'Biaya Pengeluaran Operasional Kantor Kas kecil FR 23/PC-FR-I/001-013 ','Other Payment',1.00),(2039,'00003-OP-2023','2023-01-12','1101.002',0.00,1937000.00,0.00,1937000.00,'BIAYA PENGELUARAN OPERASIONAL KANTOR KAS KECIL FR 23/PC-FR-I/001-013 ','Other Payment',1.00),(2040,'00005-OP-2023','2023-01-24','6102.014',2770500.00,0.00,2770500.00,0.00,'Biaya Operasional Kantor Kas kecil OH Januari 2023','Other Payment',1.00),(2041,'00005-OP-2023','2023-01-24','1101.004',0.00,2770500.00,0.00,2770500.00,'Biaya Operasional Kantor Kas kecil OH Januari 2023','Other Payment',1.00),(2042,'00006-OP-2023','2023-02-01','6102.014',2926500.00,0.00,2926500.00,0.00,'Biaya Operasional Kantor Kas kecil FR 23/PC-FR-I/014 s.d 034','Other Payment',1.00),(2043,'00006-OP-2023','2023-02-01','1101.002',0.00,2926500.00,0.00,2926500.00,'Biaya Operasional Kantor Kas kecil FR 23/PC-FR-I/014 s.d 034','Other Payment',1.00),(2044,'00007-OP-2023','2023-02-01','6102.014',3446500.00,0.00,3446500.00,0.00,'Biaya Operasional Kantor Kas kecil WF Januari 2023','Other Payment',1.00),(2045,'00007-OP-2023','2023-02-01','1101.003',0.00,3446500.00,0.00,3446500.00,'Biaya Operasional Kantor Kas kecil WF Januari 2023','Other Payment',1.00),(2046,'00001-OD-2023','2023-02-03','9101.999',0.00,600000.00,0.00,600000.00,'Surat Jalan Ibu Sri Sujati No 02 Januari 2023 Charge Kunjungan Teknisi dan Transportasi','Other Receipt',1.00),(2047,'00001-OD-2023','2023-02-03','1102.003',600000.00,0.00,600000.00,0.00,'Surat Jalan Ibu Sri Sujati No 02 Januari 2023 Charge Kunjungan Teknisi dan Transportasi','Other Receipt',1.00),(2048,'BF 080689','2023-01-09','6101.005',2990184.00,0.00,2990184.00,0.00,'BPJS KESEHATAN JANUARI 2023','Other Payment',1.00),(2049,'BF 080689','2023-01-09','1102.001',0.00,2990184.00,0.00,2990184.00,'BPJS KESEHATAN JANUARI 2023','Other Payment',1.00),(2050,'00008-OP-2023','2023-02-03','6101.005',3480300.00,0.00,3480300.00,0.00,'Bpjs Kesehatan Februari 2023','Other Payment',1.00),(2051,'00008-OP-2023','2023-02-03','1102.003',0.00,3480300.00,0.00,3480300.00,'Bpjs Kesehatan Februari 2023','Other Payment',1.00),(2052,'00009-OP-2023','2023-02-03','6101.008',8152700.00,0.00,8152700.00,0.00,'Bpjs Tenagakerja Februari 2023','Other Payment',1.00),(2053,'00009-OP-2023','2023-02-03','1102.003',0.00,8152700.00,0.00,8152700.00,'Bpjs Tenagakerja Februari 2023','Other Payment',1.00),(2054,'00010-OP-2023','2023-02-03','2104.003',49131.00,0.00,49131.00,0.00,'Pph 23 Januari 2023 ','Other Payment',1.00),(2055,'00010-OP-2023','2023-02-03','1102.003',0.00,49131.00,0.00,49131.00,'Pph 23 Januari 2023 ','Other Payment',1.00),(2056,'071/AS-V/2023','2023-05-23','1103.001',7152801.00,0.00,7152801.00,0.00,'PENJUALAN - PT. KIMIA SATRIA UTAMA','Sales Invoice',1.00),(2057,'071/AS-V/2023','2023-05-23','4101.001',0.00,5993514.00,0.00,5993514.00,'PENJUALAN - PT. KIMIA SATRIA UTAMA','Sales Invoice',1.00),(2058,'071/AS-V/2023','2023-05-23','2104.005',0.00,659287.00,0.00,659287.00,'PENJUALAN - PT. KIMIA SATRIA UTAMA','Sales Invoice',1.00),(2059,'071/AS-V/2023','2023-05-23','5101.001',1426000.00,0.00,1426000.00,0.00,'PENJUALAN - PT. KIMIA SATRIA UTAMA','Sales Invoice',1.00),(2060,'071/AS-V/2023','2023-05-23','1105.001',0.00,1426000.00,0.00,1426000.00,'PENJUALAN - PT. KIMIA SATRIA UTAMA','Sales Invoice',1.00),(2061,'071/AS-V/2023','2023-05-23','6108.003',0.00,500000.00,0.00,500000.00,'PENJUALAN - PT. KIMIA SATRIA UTAMA','Sales Invoice',1.00),(2062,'00011-OP-2023','2023-02-03','2104.002',1862146.00,0.00,1862146.00,0.00,'Pph 21 Januari 2023','Other Payment',1.00),(2063,'00011-OP-2023','2023-02-03','1102.003',0.00,1862146.00,0.00,1862146.00,'Pph 21 Januari 2023','Other Payment',1.00),(2064,'00012-OP-2023','2023-02-03','2104.004',2679423.00,0.00,2679423.00,0.00,'Pph 25 Januari 2023','Other Payment',1.00),(2065,'00012-OP-2023','2023-02-03','1102.003',0.00,2679423.00,0.00,2679423.00,'Pph 25 Januari 2023','Other Payment',1.00),(2066,'CR-2023-00068','2023-02-06','1103.001',0.00,10930722.00,0.00,10930722.00,'PEMBAYARAN - PT ANDRITECHNINDO NILAMTUNGGAL','Customer Receipt',0.00),(2067,'CR-2023-00068','2023-02-06','1102.003',10930722.00,0.00,10930722.00,0.00,'PEMBAYARAN - PT ANDRITECHNINDO NILAMTUNGGAL','Customer Receipt',0.00),(2068,'00002-OD-2023','2023-02-06','9101.999',0.00,3270000.00,0.00,3270000.00,'Penggantian Media Filter Bapak Haryono','Other Receipt',1.00),(2069,'00002-OD-2023','2023-02-06','1102.003',3270000.00,0.00,3270000.00,0.00,'Penggantian Media Filter Bapak Haryono','Other Receipt',1.00),(2070,'00003-OD-2023','2023-02-06','9101.999',0.00,430000.00,0.00,430000.00,'Penggantian Housing Membrane Bapak Haryono','Other Receipt',1.00),(2071,'00003-OD-2023','2023-02-06','1102.003',430000.00,0.00,430000.00,0.00,'Penggantian Housing Membrane Bapak Haryono','Other Receipt',1.00),(2072,'00013-OP-2023','2023-02-08','6108.004',20000000.00,0.00,20000000.00,0.00,'Pembelian material WF','Other Payment',1.00),(2073,'00013-OP-2023','2023-02-08','1102.003',0.00,20000000.00,0.00,20000000.00,'Pembelian material WF','Other Payment',1.00),(2074,'0015-PI-2023','2023-02-06','2101.001',0.00,2708400.00,0.00,2708400.00,'PEMBELIAN DARI: PT NUSANTARA WATER CENTRE','Purchase Invoice',1.00),(2075,'0015-PI-2023','2023-02-06','1105.001',2440000.00,0.00,2440000.00,0.00,'PEMBELIAN DARI: PT NUSANTARA WATER CENTRE','Purchase Invoice',1.00),(2076,'0015-PI-2023','2023-02-06','1106.001',268400.00,0.00,268400.00,0.00,'PEMBELIAN DARI: PT NUSANTARA WATER CENTRE','Purchase Invoice',1.00),(2077,'VP-2023-00008','2023-02-08','2101.001',2708400.00,0.00,2708400.00,0.00,'PEMBAYARAN - PT NUSANTARA WATER CENTRE','Supplier Payment',1.00),(2078,'VP-2023-00008','2023-02-08','1102.003',0.00,2708400.00,0.00,2708400.00,'PEMBAYARAN - PT NUSANTARA WATER CENTRE','Supplier Payment',1.00),(2079,'00014-OP-2023','2023-02-08','6112.002',3000000.00,0.00,3000000.00,0.00,'Google Ads FE Bulan Februari 2023','Other Payment',1.00),(2080,'00014-OP-2023','2023-02-08','1102.003',0.00,3000000.00,0.00,3000000.00,'Google Ads FE Bulan Februari 2023','Other Payment',1.00),(2081,'VP-2023-00009','2023-02-08','2101.001',22046688.00,0.00,22046688.00,0.00,'PEMBAYARAN - PT. SOUTHERN INDONESIA','Supplier Payment',1.00),(2082,'VP-2023-00009','2023-02-08','1102.003',0.00,22046688.00,0.00,22046688.00,'PEMBAYARAN - PT. SOUTHERN INDONESIA','Supplier Payment',1.00),(2083,'CR-2023-00069','2023-02-10','1103.001',0.00,43984999.00,0.00,43984999.00,'PEMBAYARAN - PT ERICH BALIKPAPAN DRILLINDO','Customer Receipt',0.00),(2084,'CR-2023-00069','2023-02-10','1102.003',43985000.00,0.00,43985000.00,0.00,'PEMBAYARAN - PT ERICH BALIKPAPAN DRILLINDO','Customer Receipt',0.00),(2085,'CR-2023-00069','2023-02-10','6102.013',-1.00,0.00,-1.00,0.00,'POTONGAN INV - PT ERICH BALIKPAPAN DRILLINDO','Customer Receipt',0.00),(2086,'CR-2023-00070','2023-02-13','1103.001',0.00,9800000.00,0.00,9800000.00,'PEMBAYARAN - PT. DAMAI RUKUN BERSAMA','Customer Receipt',0.00),(2087,'CR-2023-00070','2023-02-13','1102.003',9800000.00,0.00,9800000.00,0.00,'PEMBAYARAN - PT. DAMAI RUKUN BERSAMA','Customer Receipt',0.00),(2088,'CR-2023-00071','2023-02-14','1103.001',0.00,130000.00,0.00,130000.00,'PEMBAYARAN - PT ANDRITECHNINDO NILAMTUNGGAL','Customer Receipt',0.00),(2089,'CR-2023-00071','2023-02-14','1102.003',130000.00,0.00,130000.00,0.00,'PEMBAYARAN - PT ANDRITECHNINDO NILAMTUNGGAL','Customer Receipt',0.00),(2090,'00004-OD-2023','2023-02-14','9101.999',0.00,800000.00,0.00,800000.00,'Surat Jalan 30 Januari-01 Februari 2023 teknisi dan transportasi Bapak Andreyus','Other Receipt',1.00),(2091,'00004-OD-2023','2023-02-14','1102.003',800000.00,0.00,800000.00,0.00,'Surat Jalan 30 Januari-01 Februari 2023 teknisi dan transportasi Bapak Andreyus','Other Receipt',1.00),(2092,'00015-OP-2023','2023-02-14','6109.006',1000000.00,0.00,1000000.00,0.00,'Biaya Taxi dan Supir Training Limbah Pak Kamdani di Yogyakarta','Other Payment',1.00),(2093,'00015-OP-2023','2023-02-14','6109.003',635600.00,0.00,635600.00,0.00,'Biaya Makan dan Minum Pak Kamdani Training Limbah Pak Kamdani di Yogyakarta','Other Payment',1.00),(2094,'00015-OP-2023','2023-02-14','1102.003',0.00,1635600.00,0.00,1635600.00,'Biaya Perjalanan Dinas Pak Kamdani Training Limbah di Yogyakarta','Other Payment',1.00),(2095,'00022-JM-2023','2023-02-14','1102.003',0.00,3495800.00,0.00,3495800.00,'Kas kecil WF Februari 2023','Memorial',1.00),(2096,'00022-JM-2023','2023-02-14','1101.003',3495800.00,0.00,3495800.00,0.00,'Pengisian Kas kecil WF Februari 2023','Memorial',1.00),(2097,'00023-JM-2023','2023-02-14','1102.003',0.00,3960100.00,0.00,3960100.00,'Kas kecil Adm Februari 2023','Memorial',1.00),(2098,'00023-JM-2023','2023-02-14','1101.004',3960100.00,0.00,3960100.00,0.00,'Pengisian Kas kecil Adm OH Februari 2023','Memorial',1.00),(2099,'CR-2023-00072','2023-02-15','1103.001',0.00,38850000.00,0.00,38850000.00,'PEMBAYARAN - PT. PUTRA DAKSA ENERGI','Customer Receipt',0.00),(2100,'CR-2023-00072','2023-02-15','1102.003',38850000.00,0.00,38850000.00,0.00,'PEMBAYARAN - PT. PUTRA DAKSA ENERGI','Customer Receipt',0.00),(2101,'00016-OP-2023','2023-02-15','6102.006',30000.00,0.00,30000.00,0.00,'Biaya administrasi Bank ','Other Payment',1.00),(2102,'00016-OP-2023','2023-02-15','1102.003',0.00,30000.00,0.00,30000.00,'Biaya administrasi Bank ','Other Payment',1.00),(2103,'00017-OP-2023','2023-02-16','6108.004',2500000.00,0.00,2500000.00,0.00,'Biaya material pemasangan pompa, perbaikan dan pengecekan mesin RO ','Other Payment',1.00),(2104,'00017-OP-2023','2023-02-16','1102.003',0.00,2500000.00,0.00,2500000.00,'Biaya material pemasangan pompa, perbaikan dan pengecekan mesin RO ','Other Payment',1.00),(2105,'CR-2023-00073','2023-02-17','1103.001',0.00,16755500.00,0.00,16755500.00,'PEMBAYARAN - PT. SIGMAUTAMA PAINT','Customer Receipt',0.00),(2106,'CR-2023-00073','2023-02-17','1102.003',16755500.00,0.00,16755500.00,0.00,'PEMBAYARAN - PT. SIGMAUTAMA PAINT','Customer Receipt',0.00),(2107,'CR-2023-00074','2023-02-17','1103.001',0.00,2060000.00,0.00,2060000.00,'PEMBAYARAN - JOBSHARE TEKNIK (FAJAR)','Customer Receipt',0.00),(2108,'CR-2023-00074','2023-02-17','1102.003',2060000.00,0.00,2060000.00,0.00,'PEMBAYARAN - JOBSHARE TEKNIK (FAJAR)','Customer Receipt',0.00),(2109,'VP-2023-00010','2023-02-17','2101.001',1737200.00,0.00,1737200.00,0.00,'PEMBAYARAN - PT AQUTECH INDONESIA','Supplier Payment',1.00),(2110,'VP-2023-00010','2023-02-17','1102.003',0.00,1737200.00,0.00,1737200.00,'PEMBAYARAN - PT AQUTECH INDONESIA','Supplier Payment',1.00),(2111,'VP-2023-00010','2023-02-17','6108.003',50000.00,0.00,50000.00,0.00,'ONGKOS KIRIM - PT AQUTECH INDONESIA','Supplier Payment',1.00),(2112,'0016-PI-2023','2023-02-15','2101.001',0.00,11821500.00,0.00,11821500.00,'PEMBELIAN DARI: PT SARASWANTI INDO GENETECH','Purchase Invoice',1.00),(2113,'0016-PI-2023','2023-02-15','1105.001',10650000.00,0.00,10650000.00,0.00,'PEMBELIAN DARI: PT SARASWANTI INDO GENETECH','Purchase Invoice',1.00),(2114,'0016-PI-2023','2023-02-15','1106.001',1171500.00,0.00,1171500.00,0.00,'PEMBELIAN DARI: PT SARASWANTI INDO GENETECH','Purchase Invoice',1.00),(2115,'VP-2023-00011','2023-02-17','2101.001',11821500.00,0.00,11821500.00,0.00,'PEMBAYARAN - PT SARASWANTI INDO GENETECH','Supplier Payment',1.00),(2116,'VP-2023-00011','2023-02-17','1102.003',0.00,11821500.00,0.00,11821500.00,'PEMBAYARAN - PT SARASWANTI INDO GENETECH','Supplier Payment',1.00),(2117,'CR-2023-00075','2023-02-20','1103.001',0.00,9500000.00,0.00,9500000.00,'PEMBAYARAN - PT. DELI KRISTAL SEJATI','Customer Receipt',0.00),(2118,'CR-2023-00075','2023-02-20','1102.003',9500000.00,0.00,9500000.00,0.00,'PEMBAYARAN - PT. DELI KRISTAL SEJATI','Customer Receipt',0.00),(2119,'00005-OD-2023','2023-02-21','6108.003',0.00,83325.00,0.00,83325.00,'Penggantian biaya kirim Pompa PT Deli Kw. 007/MSI/KW/0223','Other Receipt',1.00),(2120,'00005-OD-2023','2023-02-21','1102.003',83325.00,0.00,83325.00,0.00,'Penggantian biaya kirim Pompa PT Deli Kw. 007/MSI/KW/0223','Other Receipt',1.00),(2121,'00006-OD-2023','2023-02-21','6108.003',0.00,204000.00,0.00,204000.00,'Penggantian biaya kirim Pompa dan Motor CV Tridaya Kw. 006/MSI/KW/0223','Other Receipt',1.00),(2122,'00006-OD-2023','2023-02-21','1102.003',204000.00,0.00,204000.00,0.00,'Penggantian biaya kirim Pompa dan Motor CV Tridaya Kw. 006/MSI/KW/0223','Other Receipt',1.00),(2123,'00024-JM-2023','2023-02-21','1102.003',0.00,2627500.00,0.00,2627500.00,'Kas Kecil FR 23/PC-FR-II/035 - 23/PC-FR-II/049','Memorial',1.00),(2124,'00024-JM-2023','2023-02-21','1101.002',2627500.00,0.00,2627500.00,0.00,'Pengisian Kas Kecil FR 23/PC-FR-II/035 - 23/PC-FR-II/049','Memorial',1.00),(2125,'CR-2023-00076','2023-02-23','1103.001',0.00,14121500.00,0.00,14121500.00,'PEMBAYARAN - PT. MALABAR JAYA TEKNINDO','Customer Receipt',0.00),(2126,'CR-2023-00076','2023-02-23','1102.003',14121500.00,0.00,14121500.00,0.00,'PEMBAYARAN - PT. MALABAR JAYA TEKNINDO','Customer Receipt',0.00),(2127,'CR-2023-00077','2023-02-23','1103.001',0.00,500000.00,0.00,500000.00,'PEMBAYARAN - IBU ANTIK','Customer Receipt',0.00),(2128,'CR-2023-00077','2023-02-23','1102.003',500000.00,0.00,500000.00,0.00,'PEMBAYARAN - IBU ANTIK','Customer Receipt',0.00),(2129,'CR-2023-00078','2023-02-24','1103.001',0.00,15000000.00,0.00,15000000.00,'PEMBAYARAN - LIEM SIOE KHING (TOKO HANDAYANI)','Customer Receipt',0.00),(2130,'CR-2023-00078','2023-02-24','1102.003',15000000.00,0.00,15000000.00,0.00,'PEMBAYARAN - LIEM SIOE KHING (TOKO HANDAYANI)','Customer Receipt',0.00),(2131,'CR-2023-00079','2023-02-24','1103.001',0.00,10000001.00,0.00,10000001.00,'PEMBAYARAN - LIEM SIOE KHING (TOKO HANDAYANI)','Customer Receipt',0.00),(2132,'CR-2023-00079','2023-02-24','1102.003',10000000.00,0.00,10000000.00,0.00,'PEMBAYARAN - LIEM SIOE KHING (TOKO HANDAYANI)','Customer Receipt',0.00),(2133,'CR-2023-00079','2023-02-24','6102.006',1.00,0.00,1.00,0.00,'BIAYA ADMIN - LIEM SIOE KHING (TOKO HANDAYANI)','Customer Receipt',0.00),(2134,'CR-2023-00080','2023-02-24','1103.001',0.00,422500.00,0.00,422500.00,'PEMBAYARAN - PT KENINDO UTAMA TEKNIK','Customer Receipt',0.00),(2135,'CR-2023-00080','2023-02-24','1102.003',422500.00,0.00,422500.00,0.00,'PEMBAYARAN - PT KENINDO UTAMA TEKNIK','Customer Receipt',0.00),(2136,'00018-OP-2023','2023-02-24','6109.006',800000.00,0.00,800000.00,0.00,'Biaya Transportasi Test Comissioning di PT Sigmautama dan Teknisi','Other Payment',1.00),(2137,'00018-OP-2023','2023-02-24','1102.003',0.00,800000.00,0.00,800000.00,'Biaya Transportasi Test Comissioning di PT Sigmautama dan Teknisi','Other Payment',1.00),(2138,'00019-OP-2023','2023-02-24','6101.011',1412200.00,0.00,1412200.00,0.00,'Komisi Pa kimto ( PT. Malabar )','Other Payment',1.00),(2139,'00019-OP-2023','2023-02-24','1102.003',0.00,1412200.00,0.00,1412200.00,'Komisi Pa kimto ( PT. Malabar )','Other Payment',1.00),(2140,'00025-JM-2023','2023-02-24','1102.003',0.00,2876000.00,0.00,2876000.00,'Kas kecil WF Proyek Feb 2023','Memorial',1.00),(2141,'00025-JM-2023','2023-02-24','1101.003',2876000.00,0.00,2876000.00,0.00,'Pengisian Kas kecil WF Proyek Feb 2023','Memorial',1.00),(2142,'00026-JM-2023','2023-02-24','1102.003',0.00,2972900.00,0.00,2972900.00,'Kas kecil OH Feb 2023','Memorial',1.00),(2143,'00026-JM-2023','2023-02-24','1101.004',2972900.00,0.00,2972900.00,0.00,'Pengisian Kas kecil OH Feb 2023','Memorial',1.00),(2144,'00020-OP-2023','2023-02-24','2104.005',83263235.00,0.00,83263235.00,0.00,'PPN Januari 2023','Other Payment',1.00),(2145,'00020-OP-2023','2023-02-24','1102.003',0.00,83263235.00,0.00,83263235.00,'PPN Januari 2023','Other Payment',1.00),(2146,'CR-2023-00081','2023-02-27','1103.001',0.00,16621800.00,0.00,16621800.00,'PEMBAYARAN - PT. MITRA ABADI SAKTI','Customer Receipt',0.00),(2147,'CR-2023-00081','2023-02-27','1102.003',16621800.00,0.00,16621800.00,0.00,'PEMBAYARAN - PT. MITRA ABADI SAKTI','Customer Receipt',0.00),(2148,'00007-OD-2023','2023-02-28','9101.001',0.00,235353.80,0.00,235353.80,'Bunga','Other Receipt',1.00),(2149,'00007-OD-2023','2023-02-28','1102.003',235353.80,0.00,235353.80,0.00,'Bunga','Other Receipt',1.00),(2150,'00021-OP-2023','2023-02-28','8101.002',47070.76,0.00,47070.76,0.00,'Pajak Bunga ','Other Payment',1.00),(2151,'00021-OP-2023','2023-02-28','1102.003',0.00,47070.76,0.00,47070.76,'Pajak Bunga ','Other Payment',1.00),(2158,'00022-OP-2023','2023-01-02','8101.005',1061319.34,0.00,68.89,0.00,'BIAYA BUNGA PINJAMAN BANK','Other Payment',15406.00),(2159,'00022-OP-2023','2023-01-02','1102.002',0.00,1061319.34,0.00,68.89,'BIAYA BUNGA PINJAMAN BANK','Other Payment',15406.00),(2160,'00023-OP-2023','2023-01-02','8101.005',135264.68,0.00,8.78,0.00,'Bunga Pinjaman Bank ','Other Payment',15406.00),(2161,'00023-OP-2023','2023-01-02','1102.002',0.00,135264.68,0.00,8.78,'Bunga Pinjaman Bank ','Other Payment',15406.00),(2162,'00024-OP-2023','2023-01-02','8101.005',503159.96,0.00,32.66,0.00,'Bunga Pinjaman Bank ','Other Payment',15406.00),(2163,'00024-OP-2023','2023-01-02','1102.002',0.00,503159.96,0.00,32.66,'Bunga Pinjaman Bank ','Other Payment',15406.00),(2164,'00025-OP-2023','2023-01-04','2301.002',121707400.00,0.00,7900.00,0.00,'Pembayaran Pinjaman Nomor Aksep 18124000764','Other Payment',15406.00),(2165,'00025-OP-2023','2023-01-04','8101.005',16176.30,0.00,1.05,0.00,'Bunga Pinjaman Bank','Other Payment',15406.00),(2166,'00025-OP-2023','2023-01-04','1102.002',0.00,121723576.30,0.00,7901.05,'Pembayaran Pinjaman + Bunga ','Other Payment',15406.00),(2167,'00026-OP-2023','2023-01-04','2301.002',109382600.00,0.00,7100.00,0.00,'Pembayaran Pinjaman No Aksep 18124000782','Other Payment',15406.00),(2168,'00026-OP-2023','2023-01-04','8101.005',48682.96,0.00,3.16,0.00,'Bunga Pinjaman Bank','Other Payment',15406.00),(2169,'00026-OP-2023','2023-01-04','1102.002',0.00,109431282.96,0.00,7103.16,'Pembayaran Pinjaman + Bunga ','Other Payment',15406.00),(2170,'00027-OP-2023','2023-01-15','6102.006',77030.00,0.00,5.00,0.00,'Biaya administrasi bank ','Other Payment',15406.00),(2171,'00027-OP-2023','2023-01-15','1102.002',0.00,77030.00,0.00,5.00,'Biaya administrasi bank ','Other Payment',15406.00),(2174,'00028-OP-2023','2023-01-16','2301.002',101679600.00,0.00,6600.00,0.00,'Pembayaran Pinjaman No Aksep 18124000782','Other Payment',15406.00),(2175,'00028-OP-2023','2023-01-16','8101.005',136343.10,0.00,8.85,0.00,'Bunga Pinjaman Bank','Other Payment',15406.00),(2176,'00028-OP-2023','2023-01-16','1102.002',0.00,101815943.10,0.00,6608.85,'Pembayaran Pinjaman + Bunga ','Other Payment',15406.00),(2177,'00008-OD-2023','2023-01-31','9101.001',0.00,770.30,0.00,0.05,'Biaya Bunga ','Other Receipt',15406.00),(2178,'00008-OD-2023','2023-01-31','1102.002',770.30,0.00,0.05,0.00,'Biaya Bunga ','Other Receipt',15406.00),(2179,'00029-OP-2023','2023-01-31','8101.002',154.06,0.00,0.01,0.00,'Pajak Bunga ','Other Payment',15406.00),(2180,'00029-OP-2023','2023-01-31','1102.002',0.00,154.06,0.00,0.01,'Pajak Bunga ','Other Payment',15406.00),(2181,'00030-OP-2023','2023-01-02','8101.005',106147.34,0.00,6.89,0.00,'Bunga Pinjaman Bank ','Other Payment',15406.00),(2182,'00030-OP-2023','2023-01-02','1102.004',0.00,106147.34,0.00,6.89,'Bunga Pinjaman Bank ','Other Payment',15406.00),(2183,'00031-OP-2023','2023-01-02','8101.005',93976.60,0.00,6.10,0.00,'Bunga Pinjaman Bank ','Other Payment',15406.00),(2184,'00031-OP-2023','2023-01-02','1102.004',0.00,93976.60,0.00,6.10,'Bunga Pinjaman Bank ','Other Payment',15406.00),(2185,'00032-OP-2023','2023-01-02','8101.005',636729.98,0.00,41.33,0.00,'Bunga Pinjaman Bank ','Other Payment',15406.00),(2186,'00032-OP-2023','2023-01-02','1102.004',0.00,636729.98,0.00,41.33,'Bunga Pinjaman Bank ','Other Payment',15406.00),(2187,'00033-OP-2023','2023-01-02','8101.005',191034.40,0.00,12.40,0.00,'Bunga Pinjaman Bank ','Other Payment',15406.00),(2188,'00033-OP-2023','2023-01-02','1102.004',0.00,191034.40,0.00,12.40,'Bunga Pinjaman Bank ','Other Payment',15406.00),(2189,'00034-OP-2023','2023-01-02','8101.005',254661.18,0.00,16.53,0.00,'Bunga Pinjaman Bank ','Other Payment',15406.00),(2190,'00034-OP-2023','2023-01-02','1102.004',0.00,254661.18,0.00,16.53,'Bunga Pinjaman Bank ','Other Payment',15406.00),(2191,'00035-OP-2023','2023-01-02','8101.005',509476.42,0.00,33.07,0.00,'Bunga Pinjaman Bank ','Other Payment',15406.00),(2192,'00035-OP-2023','2023-01-02','1102.004',0.00,509476.42,0.00,33.07,'Bunga Pinjaman Bank ','Other Payment',15406.00),(2193,'00036-OP-2023','2023-01-02','8101.005',84887.06,0.00,5.51,0.00,'Bunga Pinjaman Bank ','Other Payment',15406.00),(2194,'00036-OP-2023','2023-01-02','1102.004',0.00,84887.06,0.00,5.51,'Bunga Pinjaman Bank ','Other Payment',15406.00),(2195,'00037-OP-2023','2023-01-15','6102.006',77030.00,0.00,5.00,0.00,'Biaya admin Bank ','Other Payment',15406.00),(2196,'00037-OP-2023','2023-01-15','1102.004',0.00,77030.00,0.00,5.00,'Biaya admin Bank ','Other Payment',15406.00),(2197,'00009-OD-2023','2023-01-31','9101.001',0.00,1078.42,0.00,0.07,'BUNGA ','Other Receipt',15406.00),(2198,'00009-OD-2023','2023-01-31','1102.004',1078.42,0.00,0.07,0.00,'Bunga','Other Receipt',15406.00),(2199,'00038-OP-2023','2023-01-31','8101.002',154.06,0.00,0.01,0.00,'Pajak Bunga ','Other Payment',15406.00),(2200,'00038-OP-2023','2023-01-31','1102.004',0.00,154.06,0.00,0.01,'Pajak Bunga ','Other Payment',15406.00),(2201,'00039-OP-2023','2023-01-02','6102.006',77030.00,0.00,5.00,0.00,'Biaya administrasi Bank ','Other Payment',15406.00),(2202,'00039-OP-2023','2023-01-02','1102.009',0.00,77030.00,0.00,5.00,'Biaya administrasi Bank ','Other Payment',15406.00),(2203,'00017-JM-2023','2023-02-27','1102.001',0.00,229125000.00,0.00,229125000.00,'PB Ke Panin JS USD Beli $ 15.000 x kurs 15.275','Memorial',1.00),(2204,'00017-JM-2023','2023-02-27','1102.002',229125000.00,0.00,15000.00,0.00,'PB dari Panin JS Rupiah ','Memorial',15275.00),(2205,'00040-OP-2023','2023-02-01','8101.005',1061319.34,0.00,68.89,0.00,'Bunga Pinjaman Bank ','Other Payment',15406.00),(2206,'00040-OP-2023','2023-02-01','1102.002',0.00,1061319.34,0.00,68.89,'Bunga Pinjaman Bank ','Other Payment',15406.00),(2207,'00041-OP-2023','2023-02-01','8101.005',109536.66,0.00,7.11,0.00,'Bunga Pinjaman Bank ','Other Payment',15406.00),(2208,'00041-OP-2023','2023-02-01','1102.002',0.00,109536.66,0.00,7.11,'Bunga Pinjaman Bank ','Other Payment',15406.00),(2209,'00042-OP-2023','2023-02-15','6102.006',77030.00,0.00,5.00,0.00,'Biaya administrasi Bank ','Other Payment',15406.00),(2210,'00042-OP-2023','2023-02-15','1102.002',0.00,77030.00,0.00,5.00,'Biaya administrasi Bank ','Other Payment',15406.00),(2213,'00043-OP-2023','2023-02-27','2301.002',154060000.00,0.00,10000.00,0.00,'Pembayaran Pinjaman No Aksep 18124000782','Other Payment',15406.00),(2214,'00043-OP-2023','2023-02-27','8101.005',178093.36,0.00,11.56,0.00,'bunga pinjaman bank','Other Payment',15406.00),(2215,'00043-OP-2023','2023-02-27','1102.002',0.00,154238093.36,0.00,10011.56,'Pembayaran Pinjaman + Bunga ','Other Payment',15406.00),(2216,'00044-OP-2023','2023-02-27','2301.002',77030000.00,0.00,5000.00,0.00,'pembayaran pinjaman no aksep 18124000782','Other Payment',15406.00),(2217,'00044-OP-2023','2023-02-27','8101.005',890004.62,0.00,57.77,0.00,'bunga pinjaman bank','Other Payment',15406.00),(2218,'00044-OP-2023','2023-02-27','1102.002',0.00,77920004.62,0.00,5057.77,'Pembayaran Pinjaman + Bunga ','Other Payment',15406.00),(2219,'00010-OD-2023','2023-02-28','9101.001',0.00,770.30,0.00,0.05,'bunga','Other Receipt',15406.00),(2220,'00010-OD-2023','2023-02-28','1102.002',770.30,0.00,0.05,0.00,'Bunga ','Other Receipt',15406.00),(2221,'00045-OP-2023','2023-02-28','8101.002',154.06,0.00,0.01,0.00,'pajak bunga','Other Payment',15406.00),(2222,'00045-OP-2023','2023-02-28','1102.002',0.00,154.06,0.00,0.01,'pajak bunga','Other Payment',15406.00),(2223,'00046-OP-2023','2023-02-01','8101.005',142197.38,0.00,9.23,0.00,'Bunga Pinjaman Bank ','Other Payment',15406.00),(2224,'00046-OP-2023','2023-02-01','1102.004',0.00,142197.38,0.00,9.23,'Bunga Pinjaman Bank ','Other Payment',15406.00),(2225,'00047-OP-2023','2023-02-01','8101.005',106147.34,0.00,6.89,0.00,'Bunga Pinjaman Bank ','Other Payment',15406.00),(2226,'00047-OP-2023','2023-02-01','1102.004',0.00,106147.34,0.00,6.89,'Bunga Pinjaman Bank ','Other Payment',15406.00),(2227,'00048-OP-2023','2023-02-01','8101.005',161917.06,0.00,10.51,0.00,'Bunga Pinjaman Bank ','Other Payment',15406.00),(2228,'00048-OP-2023','2023-02-01','1102.004',0.00,161917.06,0.00,10.51,'Bunga Pinjaman Bank ','Other Payment',15406.00),(2229,'00049-OP-2023','2023-02-01','8101.005',636884.04,0.00,41.34,0.00,'Bunga Pinjaman Bank ','Other Payment',15406.00),(2230,'00049-OP-2023','2023-02-01','1102.004',0.00,636884.04,0.00,41.34,'Bunga Pinjaman Bank ','Other Payment',15406.00),(2231,'00050-OP-2023','2023-02-01','8101.005',191034.40,0.00,12.40,0.00,'Bunga Pinjaman Bank ','Other Payment',15406.00),(2232,'00050-OP-2023','2023-02-01','1102.004',0.00,191034.40,0.00,12.40,'Bunga Pinjaman Bank ','Other Payment',15406.00),(2233,'00051-OP-2023','2023-02-01','8101.005',254815.24,0.00,16.54,0.00,'Bunga Pinjaman Bank ','Other Payment',15406.00),(2234,'00051-OP-2023','2023-02-01','1102.004',0.00,254815.24,0.00,16.54,'Bunga Pinjaman Bank ','Other Payment',15406.00),(2235,'00052-OP-2023','2023-02-01','8101.005',509322.36,0.00,33.06,0.00,'Bunga Pinjaman Bank ','Other Payment',15406.00),(2236,'00052-OP-2023','2023-02-01','1102.004',0.00,509322.36,0.00,33.06,'Bunga Pinjaman Bank ','Other Payment',15406.00),(2237,'00053-OP-2023','2023-02-01','8101.005',84887.06,0.00,5.51,0.00,'Bunga Pinjaman Bank ','Other Payment',15406.00),(2238,'00053-OP-2023','2023-02-01','1102.004',0.00,84887.06,0.00,5.51,'Bunga Pinjaman Bank ','Other Payment',15406.00),(2242,'00055-OP-2023','2023-02-02','2301.003',36974400.00,0.00,2400.00,0.00,'Pembayaran Pinjaman No Aksep 18124000613','Other Payment',15406.00),(2243,'00055-OP-2023','2023-02-02','8101.005',20489.98,0.00,1.33,0.00,'Bunga Pinjaman Bank ','Other Payment',15406.00),(2244,'00055-OP-2023','2023-02-02','1102.004',0.00,36994889.98,0.00,2401.33,'Pembayaran Pinjaman + Bunga ','Other Payment',15406.00),(2245,'00056-OP-2023','2023-02-15','6102.006',77030.00,0.00,5.00,0.00,'Biaya admin Bank ','Other Payment',15406.00),(2246,'00056-OP-2023','2023-02-15','1102.004',0.00,77030.00,0.00,5.00,'Biaya administrasi Bank ','Other Payment',15406.00),(2247,'00011-OD-2023','2023-02-28','9101.001',0.00,770.30,0.00,0.05,'bunga','Other Receipt',15406.00),(2248,'00011-OD-2023','2023-02-28','1102.004',770.30,0.00,0.05,0.00,'Bunga ','Other Receipt',15406.00),(2249,'00057-OP-2023','2023-02-28','8101.002',154.06,0.00,0.01,0.00,'Pajak Bunga ','Other Payment',15406.00),(2250,'00057-OP-2023','2023-02-28','1102.004',0.00,154.06,0.00,0.01,'Pajak Bunga ','Other Payment',15406.00),(2251,'00054-OP-2023','2023-02-02','2301.003',117547780.00,0.00,7630.00,0.00,'pembayaran Pinjaman No Aksep 18124000613','Other Payment',15406.00),(2252,'00054-OP-2023','2023-02-02','8101.005',5238.04,0.00,0.34,0.00,'Bunga Pinjaman Bank ','Other Payment',15406.00),(2253,'00054-OP-2023','2023-02-02','1102.004',0.00,117553018.04,0.00,7630.34,'Pembayaran Pinjaman + Bunga ','Other Payment',15406.00),(2254,'CR-2023-00082','2023-02-02','1103.001',0.00,555000.00,0.00,555000.00,'PEMBAYARAN - PT MEGA TRIWEXINDO','Customer Receipt',0.00),(2255,'CR-2023-00082','2023-02-02','1102.005',555000.00,0.00,555000.00,0.00,'PEMBAYARAN - PT MEGA TRIWEXINDO','Customer Receipt',0.00),(2256,'00058-OP-2023','2023-02-15','6102.006',80000.00,0.00,80000.00,0.00,'Biaya Admin Bank ','Other Payment',1.00),(2257,'00058-OP-2023','2023-02-15','1102.005',0.00,80000.00,0.00,80000.00,'Biaya Admin Bank ','Other Payment',1.00),(2258,'00012-OD-2023','2023-02-28','9101.001',0.00,534.95,0.00,534.95,'Bunga Bank ','Other Receipt',1.00),(2259,'00012-OD-2023','2023-02-28','1102.005',534.95,0.00,534.95,0.00,'Bunga Bank','Other Receipt',1.00),(2260,'00059-OP-2023','2023-02-01','8101.005',34502676.34,0.00,34502676.34,0.00,'Bunga Pinjaman Bank ','Other Payment',1.00),(2261,'00059-OP-2023','2023-02-01','1102.006',0.00,34502676.34,0.00,34502676.34,'Bunga Pinjaman Bank ','Other Payment',1.00),(2262,'00060-OP-2023','2023-02-01','6102.006',35000.00,0.00,35000.00,0.00,'biaya administrasi bank','Other Payment',1.00),(2263,'00060-OP-2023','2023-02-01','1102.008',0.00,35000.00,0.00,35000.00,'Biaya administrasi ','Other Payment',1.00),(2264,'00061-OP-2023','2023-02-01','6102.006',77030.00,0.00,5.00,0.00,'Biaya administrasi bank ','Other Payment',15406.00),(2265,'00061-OP-2023','2023-02-01','1102.009',0.00,77030.00,0.00,5.00,'Biaya administrasi bank ','Other Payment',15406.00),(2266,'00062-OP-2023','2023-02-17','6102.006',471625.00,0.00,471625.00,0.00,'Biaya Transfer Full Amount ke Zhangjiagang Linker ','Other Payment',1.00),(2267,'00062-OP-2023','2023-02-17','1102.008',0.00,471625.00,0.00,471625.00,'Biaya Transfer Full Amount ke Zhangjiagang Linker ','Other Payment',1.00),(2268,'049/AS-III/2023','2023-04-05','1103.001',47384000.00,0.00,47384000.00,0.00,'PENJUALAN - SUMBER JAYA URIP (MURSID)','Sales Invoice',1.00),(2269,'049/AS-III/2023','2023-04-05','4101.001',0.00,42688288.00,0.00,42688288.00,'PENJUALAN - SUMBER JAYA URIP (MURSID)','Sales Invoice',1.00),(2270,'049/AS-III/2023','2023-04-05','2104.005',0.00,4695712.00,0.00,4695712.00,'PENJUALAN - SUMBER JAYA URIP (MURSID)','Sales Invoice',1.00),(2271,'049/AS-III/2023','2023-04-05','5101.001',19468000.00,0.00,19468000.00,0.00,'PENJUALAN - SUMBER JAYA URIP (MURSID)','Sales Invoice',1.00),(2272,'049/AS-III/2023','2023-04-05','1105.001',0.00,19468000.00,0.00,19468000.00,'PENJUALAN - SUMBER JAYA URIP (MURSID)','Sales Invoice',1.00),(2273,'052/JS-III/2023','2023-04-05','1103.001',32842951.00,0.00,32842951.00,0.00,'PENJUALAN - PT. BUMI ARTA REKAPERDANA','Sales Invoice',1.00),(2274,'052/JS-III/2023','2023-04-05','4101.001',0.00,29588244.00,0.00,29588244.00,'PENJUALAN - PT. BUMI ARTA REKAPERDANA','Sales Invoice',1.00),(2275,'052/JS-III/2023','2023-04-05','2104.005',0.00,3254707.00,0.00,3254707.00,'PENJUALAN - PT. BUMI ARTA REKAPERDANA','Sales Invoice',1.00),(2276,'052/JS-III/2023','2023-04-05','5101.001',10602000.00,0.00,10602000.00,0.00,'PENJUALAN - PT. BUMI ARTA REKAPERDANA','Sales Invoice',1.00),(2277,'052/JS-III/2023','2023-04-05','1105.001',0.00,10602000.00,0.00,10602000.00,'PENJUALAN - PT. BUMI ARTA REKAPERDANA','Sales Invoice',1.00),(2278,'0017-PI-2023','2023-03-08','2101.001',0.00,6419399.73,0.00,6419399.73,'PEMBELIAN DARI: PT. MITRA ABADI SAKTI','Purchase Invoice',1.00),(2279,'0017-PI-2023','2023-03-08','1105.001',5783243.00,0.00,5783243.00,0.00,'PEMBELIAN DARI: PT. MITRA ABADI SAKTI','Purchase Invoice',1.00),(2280,'0017-PI-2023','2023-03-08','1106.001',636156.73,0.00,636156.73,0.00,'PEMBELIAN DARI: PT. MITRA ABADI SAKTI','Purchase Invoice',1.00),(2281,'025/MSI/FR/0323','2023-03-08','1103.001',24750000.00,0.00,24750000.00,0.00,'PENJUALAN - PT. ANTAMA KHARISMA ROSARI','Sales Invoice',1.00),(2282,'025/MSI/FR/0323','2023-03-08','4101.002',0.00,22297297.00,0.00,22297297.00,'PENJUALAN - PT. ANTAMA KHARISMA ROSARI','Sales Invoice',1.00),(2283,'025/MSI/FR/0323','2023-03-08','2104.005',0.00,2452703.00,0.00,2452703.00,'PENJUALAN - PT. ANTAMA KHARISMA ROSARI','Sales Invoice',1.00),(2284,'025/MSI/FR/0323','2023-03-08','5101.002',10609200.00,0.00,10609200.00,0.00,'PENJUALAN - PT. ANTAMA KHARISMA ROSARI','Sales Invoice',1.00),(2285,'025/MSI/FR/0323','2023-03-08','1105.002',0.00,10609200.00,0.00,10609200.00,'PENJUALAN - PT. ANTAMA KHARISMA ROSARI','Sales Invoice',1.00),(2286,'029/MSI/FR/0323','2023-03-15','1103.001',17700000.00,0.00,17700000.00,0.00,'PENJUALAN - PT. ALVINDO CATUR SENTOSA','Sales Invoice',1.00),(2287,'029/MSI/FR/0323','2023-03-15','4101.002',0.00,15945946.00,0.00,15945946.00,'PENJUALAN - PT. ALVINDO CATUR SENTOSA','Sales Invoice',1.00),(2288,'029/MSI/FR/0323','2023-03-15','2104.005',0.00,1754054.00,0.00,1754054.00,'PENJUALAN - PT. ALVINDO CATUR SENTOSA','Sales Invoice',1.00),(2289,'029/MSI/FR/0323','2023-03-15','5101.002',7714320.00,0.00,7714320.00,0.00,'PENJUALAN - PT. ALVINDO CATUR SENTOSA','Sales Invoice',1.00),(2290,'029/MSI/FR/0323','2023-03-15','1105.002',0.00,7714320.00,0.00,7714320.00,'PENJUALAN - PT. ALVINDO CATUR SENTOSA','Sales Invoice',1.00),(2291,'065/AS-V/2023','2023-05-25','1103.001',2974029.00,0.00,2974029.00,0.00,'PENJUALAN - CV. MADYA KARYA','Sales Invoice',1.00),(2292,'065/AS-V/2023','2023-05-25','4101.001',0.00,2183810.00,0.00,2183810.00,'PENJUALAN - CV. MADYA KARYA','Sales Invoice',1.00),(2293,'065/AS-V/2023','2023-05-25','2104.005',0.00,240219.00,0.00,240219.00,'PENJUALAN - CV. MADYA KARYA','Sales Invoice',1.00),(2294,'065/AS-V/2023','2023-05-25','5101.001',1426000.00,0.00,1426000.00,0.00,'PENJUALAN - CV. MADYA KARYA','Sales Invoice',1.00),(2295,'065/AS-V/2023','2023-05-25','1105.001',0.00,1426000.00,0.00,1426000.00,'PENJUALAN - CV. MADYA KARYA','Sales Invoice',1.00),(2296,'065/AS-V/2023','2023-05-25','6108.003',0.00,550000.00,0.00,550000.00,'PENJUALAN - CV. MADYA KARYA','Sales Invoice',1.00),(2297,'030/MSI/FR/0323','2023-03-20','1103.001',16500000.00,0.00,16500000.00,0.00,'PENJUALAN - MUHAMMAT SAHRI (PONDOK PESANTREN MINHAAJURROSYIDIN','Sales Invoice',1.00),(2298,'030/MSI/FR/0323','2023-03-20','4101.002',0.00,14864865.00,0.00,14864865.00,'PENJUALAN - MUHAMMAT SAHRI (PONDOK PESANTREN MINHAAJURROSYIDIN','Sales Invoice',1.00),(2299,'030/MSI/FR/0323','2023-03-20','2104.005',0.00,1635135.00,0.00,1635135.00,'PENJUALAN - MUHAMMAT SAHRI (PONDOK PESANTREN MINHAAJURROSYIDIN','Sales Invoice',1.00),(2300,'030/MSI/FR/0323','2023-03-20','5101.002',7391440.00,0.00,7391440.00,0.00,'PENJUALAN - MUHAMMAT SAHRI (PONDOK PESANTREN MINHAAJURROSYIDIN','Sales Invoice',1.00),(2301,'030/MSI/FR/0323','2023-03-20','1105.002',0.00,7391440.00,0.00,7391440.00,'PENJUALAN - MUHAMMAT SAHRI (PONDOK PESANTREN MINHAAJURROSYIDIN','Sales Invoice',1.00),(2302,'0018-PI-2023','2023-03-20','2101.001',0.00,22046687.91,0.00,22046687.91,'PEMBELIAN DARI: PT. SOUTHERN INDONESIA','Purchase Invoice',1.00),(2303,'0018-PI-2023','2023-03-20','1105.001',19861881.00,0.00,19861881.00,0.00,'PEMBELIAN DARI: PT. SOUTHERN INDONESIA','Purchase Invoice',1.00),(2304,'0018-PI-2023','2023-03-20','1106.001',2184806.91,0.00,2184806.91,0.00,'PEMBELIAN DARI: PT. SOUTHERN INDONESIA','Purchase Invoice',1.00),(2305,'031/MSI/FR/0323','2023-03-21','1103.001',26000000.00,0.00,26000000.00,0.00,'PENJUALAN - CV. NAYOTTAMA','Sales Invoice',1.00),(2306,'031/MSI/FR/0323','2023-03-21','4101.002',0.00,23423423.00,0.00,23423423.00,'PENJUALAN - CV. NAYOTTAMA','Sales Invoice',1.00),(2307,'031/MSI/FR/0323','2023-03-21','2104.005',0.00,2576577.00,0.00,2576577.00,'PENJUALAN - CV. NAYOTTAMA','Sales Invoice',1.00),(2308,'031/MSI/FR/0323','2023-03-21','5101.002',11254480.00,0.00,11254480.00,0.00,'PENJUALAN - CV. NAYOTTAMA','Sales Invoice',1.00),(2309,'031/MSI/FR/0323','2023-03-21','1105.002',0.00,11254480.00,0.00,11254480.00,'PENJUALAN - CV. NAYOTTAMA','Sales Invoice',1.00),(2320,'072/AS-V/2023','2023-05-25','1103.001',13860006.00,0.00,13860006.00,0.00,'PENJUALAN - DIAN RAHMAWATI','Sales Invoice',1.00),(2321,'072/AS-V/2023','2023-05-25','4101.001',0.00,12486492.00,0.00,12486492.00,'PENJUALAN - DIAN RAHMAWATI','Sales Invoice',1.00),(2322,'072/AS-V/2023','2023-05-25','2104.005',0.00,1373514.00,0.00,1373514.00,'PENJUALAN - DIAN RAHMAWATI','Sales Invoice',1.00),(2323,'072/AS-V/2023','2023-05-25','5101.001',6138000.00,0.00,6138000.00,0.00,'PENJUALAN - DIAN RAHMAWATI','Sales Invoice',1.00),(2324,'072/AS-V/2023','2023-05-25','1105.001',0.00,6138000.00,0.00,6138000.00,'PENJUALAN - DIAN RAHMAWATI','Sales Invoice',1.00),(2325,'023/AS-II/2023','2023-02-21','1103.001',12044000.00,0.00,12044000.00,0.00,'PENJUALAN - CV. MAGHROBI BAROKAH','Sales Invoice',1.00),(2326,'023/AS-II/2023','2023-02-21','4101.001',0.00,10850450.00,0.00,10850450.00,'PENJUALAN - CV. MAGHROBI BAROKAH','Sales Invoice',1.00),(2327,'023/AS-II/2023','2023-02-21','2104.005',0.00,1193550.00,0.00,1193550.00,'PENJUALAN - CV. MAGHROBI BAROKAH','Sales Invoice',1.00),(2328,'023/AS-II/2023','2023-02-21','5101.001',4867000.00,0.00,4867000.00,0.00,'PENJUALAN - CV. MAGHROBI BAROKAH','Sales Invoice',1.00),(2329,'023/AS-II/2023','2023-02-21','1105.001',0.00,4867000.00,0.00,4867000.00,'PENJUALAN - CV. MAGHROBI BAROKAH','Sales Invoice',1.00),(2330,'033/MSI/FR/0323','2023-03-28','1103.001',17122500.00,0.00,17122500.00,0.00,'PENJUALAN - PT BUDI INDAH ABADI','Sales Invoice',1.00),(2331,'033/MSI/FR/0323','2023-03-28','4101.002',0.00,15425676.00,0.00,15425676.00,'PENJUALAN - PT BUDI INDAH ABADI','Sales Invoice',1.00),(2332,'033/MSI/FR/0323','2023-03-28','2104.005',0.00,1696824.00,0.00,1696824.00,'PENJUALAN - PT BUDI INDAH ABADI','Sales Invoice',1.00),(2333,'033/MSI/FR/0323','2023-03-28','5101.002',8161840.00,0.00,8161840.00,0.00,'PENJUALAN - PT BUDI INDAH ABADI','Sales Invoice',1.00),(2334,'033/MSI/FR/0323','2023-03-28','1105.002',0.00,8161840.00,0.00,8161840.00,'PENJUALAN - PT BUDI INDAH ABADI','Sales Invoice',1.00),(2335,'034/MSI/FR/0323','2023-03-27','1103.001',2579995.00,0.00,2579995.00,0.00,'PENJUALAN - PT BUDI INDAH ABADI','Sales Invoice',1.00),(2336,'034/MSI/FR/0323','2023-03-27','4101.002',0.00,2324320.00,0.00,2324320.00,'PENJUALAN - PT BUDI INDAH ABADI','Sales Invoice',1.00),(2337,'034/MSI/FR/0323','2023-03-27','2104.005',0.00,255675.00,0.00,255675.00,'PENJUALAN - PT BUDI INDAH ABADI','Sales Invoice',1.00),(2338,'034/MSI/FR/0323','2023-03-27','5101.002',4000000.00,0.00,4000000.00,0.00,'PENJUALAN - PT BUDI INDAH ABADI','Sales Invoice',1.00),(2339,'034/MSI/FR/0323','2023-03-27','1105.002',0.00,4000000.00,0.00,4000000.00,'PENJUALAN - PT BUDI INDAH ABADI','Sales Invoice',1.00),(2340,'051/AS-III/2023','2023-04-05','1103.001',208380011.00,0.00,208380011.00,0.00,'PENJUALAN - CV. ASA NOOR AROFAH','Sales Invoice',1.00),(2341,'051/AS-III/2023','2023-04-05','4101.001',0.00,187729740.00,0.00,187729740.00,'PENJUALAN - CV. ASA NOOR AROFAH','Sales Invoice',1.00),(2342,'051/AS-III/2023','2023-04-05','2104.005',0.00,20650271.00,0.00,20650271.00,'PENJUALAN - CV. ASA NOOR AROFAH','Sales Invoice',1.00),(2343,'051/AS-III/2023','2023-04-05','5101.001',73005000.00,0.00,73005000.00,0.00,'PENJUALAN - CV. ASA NOOR AROFAH','Sales Invoice',1.00),(2344,'051/AS-III/2023','2023-04-05','1105.001',0.00,73005000.00,0.00,73005000.00,'PENJUALAN - CV. ASA NOOR AROFAH','Sales Invoice',1.00),(2345,'059/JS-IV/2023','2023-04-10','1103.001',15096000.00,0.00,15096000.00,0.00,'PENJUALAN - PT CIPTA PRESISI SARANA TEKSINDO','Sales Invoice',1.00),(2346,'059/JS-IV/2023','2023-04-10','4101.001',0.00,13600000.00,0.00,13600000.00,'PENJUALAN - PT CIPTA PRESISI SARANA TEKSINDO','Sales Invoice',1.00),(2347,'059/JS-IV/2023','2023-04-10','2104.005',0.00,1496000.00,0.00,1496000.00,'PENJUALAN - PT CIPTA PRESISI SARANA TEKSINDO','Sales Invoice',1.00),(2348,'042/MSI/FR/0423','2023-04-06','1103.001',3219000.00,0.00,3219000.00,0.00,'PENJUALAN - PT. ANEKAMAKMUR TEKNIK NUSAJAYA','Sales Invoice',1.00),(2349,'042/MSI/FR/0423','2023-04-06','4101.002',0.00,2900000.00,0.00,2900000.00,'PENJUALAN - PT. ANEKAMAKMUR TEKNIK NUSAJAYA','Sales Invoice',1.00),(2350,'042/MSI/FR/0423','2023-04-06','2104.005',0.00,319000.00,0.00,319000.00,'PENJUALAN - PT. ANEKAMAKMUR TEKNIK NUSAJAYA','Sales Invoice',1.00),(2351,'042/MSI/FR/0423','2023-04-06','5101.002',1737280.00,0.00,1737280.00,0.00,'PENJUALAN - PT. ANEKAMAKMUR TEKNIK NUSAJAYA','Sales Invoice',1.00),(2352,'042/MSI/FR/0423','2023-04-06','1105.002',0.00,1737280.00,0.00,1737280.00,'PENJUALAN - PT. ANEKAMAKMUR TEKNIK NUSAJAYA','Sales Invoice',1.00),(2353,'041/MSI/FR/0423','2023-04-06','1103.001',17122500.00,0.00,17122500.00,0.00,'PENJUALAN - PT BUDI INDAH ABADI','Sales Invoice',1.00),(2354,'041/MSI/FR/0423','2023-04-06','4101.002',0.00,15425676.00,0.00,15425676.00,'PENJUALAN - PT BUDI INDAH ABADI','Sales Invoice',1.00),(2355,'041/MSI/FR/0423','2023-04-06','2104.005',0.00,1696824.00,0.00,1696824.00,'PENJUALAN - PT BUDI INDAH ABADI','Sales Invoice',1.00),(2356,'041/MSI/FR/0423','2023-04-06','5101.002',8161840.00,0.00,8161840.00,0.00,'PENJUALAN - PT BUDI INDAH ABADI','Sales Invoice',1.00),(2357,'041/MSI/FR/0423','2023-04-06','1105.002',0.00,8161840.00,0.00,8161840.00,'PENJUALAN - PT BUDI INDAH ABADI','Sales Invoice',1.00),(2358,'038/MSI/FR/0323','2023-04-05','1103.001',19294000.00,0.00,19294000.00,0.00,'PENJUALAN - CV. MARVEL JAYA INDOTAMA','Sales Invoice',1.00),(2359,'038/MSI/FR/0323','2023-04-05','4101.002',0.00,17381982.00,0.00,17381982.00,'PENJUALAN - CV. MARVEL JAYA INDOTAMA','Sales Invoice',1.00),(2360,'038/MSI/FR/0323','2023-04-05','2104.005',0.00,1912018.00,0.00,1912018.00,'PENJUALAN - CV. MARVEL JAYA INDOTAMA','Sales Invoice',1.00),(2361,'038/MSI/FR/0323','2023-04-05','5101.002',8231280.00,0.00,8231280.00,0.00,'PENJUALAN - CV. MARVEL JAYA INDOTAMA','Sales Invoice',1.00),(2362,'038/MSI/FR/0323','2023-04-05','1105.002',0.00,8231280.00,0.00,8231280.00,'PENJUALAN - CV. MARVEL JAYA INDOTAMA','Sales Invoice',1.00),(2363,'044/MSI/FR/0423','2023-04-08','1103.001',16956500.00,0.00,16956500.00,0.00,'PENJUALAN - PT. WIDA AGUNG MAKMUR PERSADA','Sales Invoice',1.00),(2364,'044/MSI/FR/0423','2023-04-08','4101.002',0.00,15276126.00,0.00,15276126.00,'PENJUALAN - PT. WIDA AGUNG MAKMUR PERSADA','Sales Invoice',1.00),(2365,'044/MSI/FR/0423','2023-04-08','2104.005',0.00,1680374.00,0.00,1680374.00,'PENJUALAN - PT. WIDA AGUNG MAKMUR PERSADA','Sales Invoice',1.00),(2366,'044/MSI/FR/0423','2023-04-08','5101.002',7091600.00,0.00,7091600.00,0.00,'PENJUALAN - PT. WIDA AGUNG MAKMUR PERSADA','Sales Invoice',1.00),(2367,'044/MSI/FR/0423','2023-04-08','1105.002',0.00,7091600.00,0.00,7091600.00,'PENJUALAN - PT. WIDA AGUNG MAKMUR PERSADA','Sales Invoice',1.00),(2368,'047/MSI/FR/0423','2023-04-18','1103.001',38311570.00,0.00,38311570.00,0.00,'PENJUALAN - PT. DAMAI INDAH GOLF TBK','Sales Invoice',1.00),(2369,'047/MSI/FR/0423','2023-04-18','4101.002',0.00,34514928.00,0.00,34514928.00,'PENJUALAN - PT. DAMAI INDAH GOLF TBK','Sales Invoice',1.00),(2370,'047/MSI/FR/0423','2023-04-18','2104.005',0.00,3796642.00,0.00,3796642.00,'PENJUALAN - PT. DAMAI INDAH GOLF TBK','Sales Invoice',1.00),(2371,'047/MSI/FR/0423','2023-04-18','5101.002',12598000.00,0.00,12598000.00,0.00,'PENJUALAN - PT. DAMAI INDAH GOLF TBK','Sales Invoice',1.00),(2372,'047/MSI/FR/0423','2023-04-18','1105.002',0.00,12598000.00,0.00,12598000.00,'PENJUALAN - PT. DAMAI INDAH GOLF TBK','Sales Invoice',1.00),(2373,'037/MSI/FR/0423','2023-04-05','1103.001',19395000.00,0.00,19395000.00,0.00,'PENJUALAN - PT ANDRITECHNINDO NILAMTUNGGAL','Sales Invoice',1.00),(2374,'037/MSI/FR/0423','2023-04-05','4101.002',0.00,17472973.00,0.00,17472973.00,'PENJUALAN - PT ANDRITECHNINDO NILAMTUNGGAL','Sales Invoice',1.00),(2375,'037/MSI/FR/0423','2023-04-05','2104.005',0.00,1922027.00,0.00,1922027.00,'PENJUALAN - PT ANDRITECHNINDO NILAMTUNGGAL','Sales Invoice',1.00),(2376,'037/MSI/FR/0423','2023-04-05','5101.002',10366320.00,0.00,10366320.00,0.00,'PENJUALAN - PT ANDRITECHNINDO NILAMTUNGGAL','Sales Invoice',1.00),(2377,'037/MSI/FR/0423','2023-04-05','1105.002',0.00,10366320.00,0.00,10366320.00,'PENJUALAN - PT ANDRITECHNINDO NILAMTUNGGAL','Sales Invoice',1.00),(2378,'048/MSI/FR/0423','2023-04-18','1103.001',386999.00,0.00,386999.00,0.00,'PENJUALAN - PT ANDRITECHNINDO NILAMTUNGGAL','Sales Invoice',1.00),(2379,'048/MSI/FR/0423','2023-04-18','4101.002',0.00,348648.00,0.00,348648.00,'PENJUALAN - PT ANDRITECHNINDO NILAMTUNGGAL','Sales Invoice',1.00),(2380,'048/MSI/FR/0423','2023-04-18','2104.005',0.00,38351.00,0.00,38351.00,'PENJUALAN - PT ANDRITECHNINDO NILAMTUNGGAL','Sales Invoice',1.00),(2381,'048/MSI/FR/0423','2023-04-18','5101.002',600000.00,0.00,600000.00,0.00,'PENJUALAN - PT ANDRITECHNINDO NILAMTUNGGAL','Sales Invoice',1.00),(2382,'048/MSI/FR/0423','2023-04-18','1105.002',0.00,600000.00,0.00,600000.00,'PENJUALAN - PT ANDRITECHNINDO NILAMTUNGGAL','Sales Invoice',1.00),(2383,'CR-2023-00083','2023-03-01','1103.001',0.00,12420000.00,0.00,12420000.00,'PEMBAYARAN - CV. TRESNO AJI','Customer Receipt',0.00),(2384,'CR-2023-00083','2023-03-01','1102.001',12420000.00,0.00,12420000.00,0.00,'PEMBAYARAN - CV. TRESNO AJI','Customer Receipt',0.00),(2385,'00063-OP-2023','2023-03-01','2106.001',75787295.00,0.00,75787295.00,0.00,'Payroll Gaji JS Februari 2023','Other Payment',1.00),(2386,'00063-OP-2023','2023-03-01','1102.001',0.00,75787295.00,0.00,75787295.00,'Payroll Gaji JS Februari 2023','Other Payment',1.00),(2387,'CR-2023-00084','2023-03-02','1103.001',0.00,5000000.00,0.00,5000000.00,'PEMBAYARAN - MUHAMMAD SADIL	','Customer Receipt',0.00),(2388,'CR-2023-00084','2023-03-02','1102.001',5000000.00,0.00,5000000.00,0.00,'PEMBAYARAN - MUHAMMAD SADIL	','Customer Receipt',0.00),(2389,'CR-2023-00085','2023-03-02','1103.001',0.00,11940000.00,0.00,11940000.00,'PEMBAYARAN - SETIAWAN .M','Customer Receipt',0.00),(2390,'CR-2023-00085','2023-03-02','1102.001',11940000.00,0.00,11940000.00,0.00,'PEMBAYARAN - SETIAWAN .M','Customer Receipt',0.00),(2391,'CR-2023-00086','2023-03-02','1103.001',0.00,2760000.00,0.00,2760000.00,'PEMBAYARAN - SUMBER JAYA URIP (MURSID)','Customer Receipt',0.00),(2392,'CR-2023-00086','2023-03-02','1102.001',2760000.00,0.00,2760000.00,0.00,'PEMBAYARAN - SUMBER JAYA URIP (MURSID)','Customer Receipt',0.00),(2393,'CR-2023-00087','2023-03-02','1103.001',0.00,10000000.00,0.00,10000000.00,'PEMBAYARAN - PT. PUTRA JATNIKA','Customer Receipt',0.00),(2394,'CR-2023-00087','2023-03-02','1102.001',10000000.00,0.00,10000000.00,0.00,'PEMBAYARAN - PT. PUTRA JATNIKA','Customer Receipt',0.00),(2395,'CR-2023-00088','2023-03-03','1103.001',0.00,2000000.00,0.00,2000000.00,'PEMBAYARAN - AGUS TRIYADI','Customer Receipt',0.00),(2396,'CR-2023-00088','2023-03-03','1102.001',2000000.00,0.00,2000000.00,0.00,'PEMBAYARAN - AGUS TRIYADI','Customer Receipt',0.00),(2397,'CR-2023-00089','2023-03-03','1103.001',0.00,8800000.00,0.00,8800000.00,'PEMBAYARAN - OTONG AZHARI','Customer Receipt',0.00),(2398,'CR-2023-00089','2023-03-03','1102.001',8800000.00,0.00,8800000.00,0.00,'PEMBAYARAN - OTONG AZHARI','Customer Receipt',0.00);
/*!40000 ALTER TABLE `tbl_detail_jurnal` ENABLE KEYS */;
UNLOCK TABLES;
COMMIT;

-- Dumped table `tbl_detail_jurnal` with 1220 row(s)
--

--
-- Table structure for table `tbl_detail_othpay`
--

/*!40101 SET @saved_cs_client     = @@character_set_client */;
/*!40101 SET character_set_client = utf8 */;
CREATE TABLE `tbl_detail_othpay` (
  `id_othpay` int(11) NOT NULL AUTO_INCREMENT,
  `no_bukti` varchar(20) NOT NULL,
  `kode_account` varchar(10) NOT NULL,
  `jumlah` double(14,2) NOT NULL DEFAULT 0.00,
  `keterangan` varchar(100) NOT NULL,
  PRIMARY KEY (`id_othpay`)
) ENGINE=InnoDB AUTO_INCREMENT=236 DEFAULT CHARSET=utf8mb4 COLLATE=utf8mb4_general_ci;
/*!40101 SET character_set_client = @saved_cs_client */;

--
-- Dumping data for table `tbl_detail_othpay`
--

LOCK TABLES `tbl_detail_othpay` WRITE;
/*!40000 ALTER TABLE `tbl_detail_othpay` DISABLE KEYS */;
SET autocommit=0;
INSERT INTO `tbl_detail_othpay` VALUES (9,'BF 080688','6101.011',1560600.00,'KOMISI BAPAK DARMANTO (PUTRA JATNIKA)'),(10,'BF 080688-1','6109.003',1361200.00,'BIAYA MEETING PA ANDRI DENGAN MR. MOYEZ '),(14,'BF 080689-1','6101.008',7246816.00,'BPJS TENAGAKERJA JANUARI 2023'),(15,'BF 080689-2','2104.002',1931944.00,'PPH 21 DESEMBER 2022'),(16,'BF 080689-3','2104.004',2679386.00,'PPH 25 DESEMBER 2022'),(17,'BF 080689-4','2104.003',66500.00,'PPH 23 DESEMBER 2022'),(18,'BF 080690','6102.002',5000.00,'BIAYA MATERAI'),(19,'BF 080690','6103.002',1354958.00,'TAGIHAN TELEPON'),(20,'BF 080690','6105.002',487500.00,'SSD LAPTOP PAK KAMDANI'),(21,'BF 080690','1204.001',1435300.00,'PEMBELIAN HP BANG HERDI'),(22,'BF 080690','6107.002',565487.00,'GOOGLE SUITE MULTISCREEN DAN GOOGLE STORAGE'),(23,'BF 080693','6106.001',1420000.00,'PARCEL UNTUK BP. SUBRATA ( PT. WAHANA ) '),(33,'BF 080672','6109.006',2000000.00,'Pengambilan Pak Irwan (Term-2) biaya transport'),(39,'BF 080674','6112.002',3000000.00,'Google Ads Januari 2023'),(44,'BF 080675','6102.002',5000.00,'Biaya materai'),(45,'BF 080675','6103.002',917170.00,'Tagihan Telepon '),(46,'BF 080675','6105.002',487500.00,'SSD Laptop pak kamdani'),(47,'BF 080675','1204.001',1459300.00,'HP untuk pak dadang'),(48,'BF 080675','6108.004',29437182.00,'PEMBELIAN MATERIAL PROYEK WF'),(49,'BF 080675','6102.004',298700.00,'BIAYA PEMBELIAN SEPATU SAFETY PAK IRWAN DAN DADANG'),(50,'BF 080675','6102.001',391500.00,'PEMBELIAN TINTA DAN KERTAS '),(51,'BF 080674-1','1401.001',2500000.00,'Advance Pa Dadang ke Madiun '),(54,'BF 186202','6107.002',2640000.00,'Perpanjang domain Submersiblepump 2023-2025 CV Rumah Web'),(55,'BF 186202','1106.001',290400.00,'PPN MASUKAN CV RUMAH WEB'),(56,'BF 186203','6108.004',2500000.00,'Biaya teknisi Pa Irwan pasang WTP dan Filter '),(57,'BF 186204','6108.004',3800000.00,'24Pcs # Bakteri STP Biolife PO. 024'),(58,'BF 186204-1','6108.004',2625000.00,'1Unit # Pompa Shimge BWJ 2-4 PO. 026'),(59,'BF 186204-3','6104.003',1139500.00,'Biaya Toll Bapak Kamdani ke Madiun 09-11/01/2023'),(60,'BF 186204-3','6104.001',1211700.00,'Biaya BBM Bapak Kamdani ke Madiun 09-11/01/2023'),(61,'BF 186204-3','6109.003',387300.00,'Biaya Makan dan Minum Bapak Kamdani ke Madiun 09-11/01/2023'),(62,'BF 186204-3','6109.001',433500.00,'Biaya Hotel Bapak Kamdani ke Madiun 09-11/01/2023'),(64,'BF 186204-5','6104.003',80000.00,'Biaya Toll Pak Kamdani'),(65,'BF 186204-5','6104.002',12000.00,'Biaya Parkir Pak Kamdani'),(66,'BF 186204-5','6104.001',3210100.00,'Bbm Pak Kamdani'),(67,'BF 186204-6','6109.003',2617300.00,'Biaya pengeluaran Pa Kamdani Training Xylem'),(68,'BF 186204-4','6109.003',627400.00,'Biaya Pengeluaran Bapak Kamdani (WF - Mall Boxies)'),(69,'BF 186206','2104.001',8089483.00,'PPN Desember 2022'),(70,'BF 186207','6108.004',2000000.00,'Pak Irwan beli material pipa proyek mall boxies'),(71,'BF 186207-1','6102.011',6750000.00,'Biaya operasional konsultan pajak November - Januari 2023 '),(72,'BF 186208','6108.004',2000000.00,'Pembelian material Pak toni Ball Valve 2\" 5 pcs'),(73,'BF 186208-1','6102.011',4500000.00,'Biaya training WTP Pa Kamdani di Jogja PT. Waterpedia '),(79,'015','6102.006',35000.00,'Biaya administrasi '),(80,'016','8101.002',74.00,'Biaya pajak bank '),(81,'017','6102.006',80000.00,'Biaya Admin Bank '),(82,'018','8101.005',34584645.34,'Bunga Pinjaman Bank '),(85,'014','8101.005',9.23,'Bunga Pinjaman Bank '),(86,'019','6102.006',2000.00,'Biaya kliring '),(87,'020','6102.006',30000.00,'Biaya administrasi '),(88,'BF 080695','2104.006',3000000.00,'Pph Sewa kantor JS di Jl. Bakti '),(89,'BF 080673','6108.004',37000000.00,'PEMBELIN MATERIAL'),(95,'BF 080691','6113.001',30000000.00,'SEWA KANTOR MSI JL. BAKTI DIVISI JOHNSON '),(96,'BF 080691','2104.006',-3000000.00,'PPH SEWA KANTOR MSI JL BAKTI DIVISI JOHNSON'),(97,'BF 080691-1','6108.004',7000000.00,'Pembelian Material'),(98,'BF 080695-1','6102.002',5000.00,'pembelian materai'),(99,'BF 080695-1','6103.002',1426197.00,'Biaya Telepon'),(100,'BF 080695-1','6107.002',155907.00,'Google Suite Multiscreen'),(101,'021','6102.008',275000.00,'Cetak buku cek '),(102,'023','6108.003',2600000.00,'Advance bayu untuk biaya ekspedisi '),(103,'BF 080697','6105.001',3067000.00,'Biaya perpanjang STNK mobil Pa Kamdani '),(104,'BF 080697-1','6108.004',1000000.00,'Biaya fabrikasi nozzle '),(105,'BF 080698','6108.004',7600000.00,'biaya perbaikan proyek pulang pisau'),(112,'BF 080699','6104.003',24000.00,'Biaya Toll pak aheng ke surabaya'),(113,'BF 080699','6104.002',10000.00,'biaya parkir di bandara soekarno'),(114,'BF 080699','6109.006',695000.00,'biaya taxi rumah, bandara, hotel, ke KBA'),(115,'BF 080699','6109.003',835750.00,'Biaya makan pagi, siang dan malam pak aheng ke surabaya'),(116,'BF 080699','6109.004',1434799.00,'tiket pesawat soetta-SBY PP'),(117,'BF 080699','6109.001',463751.00,'Biaya hotel'),(118,'BF 080699-1','6109.004',1970000.00,'Tiket pesawat Pa Andri & Pa Willy ke Lombok'),(119,'BF 080699-3','6109.003',1563900.00,'Biaya meeting operasional Pa Andri '),(120,'BF 186301','6101.011',1000200.00,'Komisi Bp. Kimto'),(121,'BF 186301-1','6112.002',2000000.00,'Pembuatan brosur katalog MSI'),(122,'BF 186303','6108.004',882500.00,'BIAYA PEMBELIAN MATERIAL UNTUK CAT RUANGAN DAN KABEL TIES'),(123,'BF 186303','6104.002',22000.00,'parkir pak agus Pindahan arsip ke Gudang Era'),(124,'BF 186303','6104.001',33000.00,'bbm pak agus Pindahan arsip ke Gudang Era'),(125,'BF 186303','6104.003',32000.00,'toll pak agus Pindahan arsip ke Gudang Era'),(126,'BF 186303','6109.003',606000.00,'biaya makan dan minum pak agus Pindahan arsip ke Gudang Era'),(127,'BF 186303','6108.005',450000.00,'kuli'),(128,'BF 186303','6109.006',3000000.00,'biaya transport Pindahan arsip ke Gudang Era'),(129,'027','8101.002',37665.94,'Pajak Bunga '),(130,'BF 186305','6109.003',546500.00,'Biaya meeting Bp. Andri'),(131,'BF 186305-1','6109.003',2435000.00,'Biaya Makan Perjalanan pak andri ke Lombok'),(132,'BF 186305-1','6109.001',1655400.00,'Biaya Hotel Pak Andri ke Lombok'),(133,'BF 186305-1','6109.006',1075000.00,'transport pak andri ke Lombok'),(134,'BF 186305-1','6109.004',1380000.00,'tiket pesawat pulang 2 orang'),(135,'BF 186305-1','6112.001',1600000.00,'souvenir oleh oleh pak andri ke lombok'),(136,'BF 186305-1','8101.001',1500000.00,'biaya admin pak andri ke lombok'),(139,'026A','6102.006',30000.00,'Biaya administrasi '),(140,'025A','6109.006',600000.00,'Pengiriman Screen ke Tanah Abang, Kampung Bandan, Pasar Senen'),(141,'025A','6108.005',14000.00,'biaya kuli ekspedisi'),(142,'025A','6109.003',20000.00,'biaya pembelian air'),(143,'025A','6108.004',66000.00,'pembelian cat silver'),(144,'025A','6108.003',1800000.00,'biaya ekspedisi PT Kharisma'),(145,'013A','8101.002',17732.91,'Pajak Bunga '),(146,'012A','2106.001',32676784.00,'Payroll Gaji FR Januari 2023'),(147,'006A','8101.002',23782.33,'Pajak Bunga '),(148,'001A','2106.001',77331353.00,'PAYROLL GAJI JS JANUARI 2023'),(149,'004A','6102.006',2000.00,'Biaya Kliring '),(150,'011A','6102.006',30000.00,'Biaya administrasi Bank '),(151,'010A','6102.008',275000.00,'Cetak buku cek'),(152,'009A','6102.006',2000.00,'Biaya Kliring '),(153,'008A','6102.006',2000.00,'Biaya Kliring '),(154,'007A','6112.002',1500000.00,'Biaya Partisipasi Bp. Sumardi Proyek South Quarter'),(155,'BE 937350','2105.001',17000000.00,'UM Indo Persada'),(156,'00001-OP-2023','6102.006',2000.00,'Biaya Kliring'),(159,'00002-OP-2023','6102.014',8418700.00,'Biaya Pengeluaran Operasional Kantor Kas kecil WF Januari 2023'),(160,'00004-OP-2023','6102.014',5601000.00,'Biaya Pengeluaran Operasional Kantor Kas kecil WF Januari 2023'),(161,'00003-OP-2023','6102.014',1937000.00,'Biaya Pengeluaran Operasional Kantor Kas kecil FR 23/PC-FR-I/001-013 '),(162,'00005-OP-2023','6102.014',2770500.00,'Biaya Operasional Kantor Kas kecil OH Januari 2023'),(163,'00006-OP-2023','6102.014',2926500.00,'Biaya Operasional Kantor Kas kecil FR 23/PC-FR-I/014 s.d 034'),(164,'00007-OP-2023','6102.014',3446500.00,'Biaya Operasional Kantor Kas kecil WF Januari 2023'),(165,'BF 080689','6101.005',2990184.00,'BPJS KESEHATAN JANUARI 2023'),(166,'00008-OP-2023','6101.005',3480300.00,'Bpjs Kesehatan Februari 2023'),(167,'00009-OP-2023','6101.008',8152700.00,'Bpjs Tenagakerja Februari 2023'),(168,'00010-OP-2023','2104.003',49131.00,'Pph 23 Januari 2023 '),(169,'00011-OP-2023','2104.002',1862146.00,'Pph 21 Januari 2023'),(170,'00012-OP-2023','2104.004',2679423.00,'Pph 25 Januari 2023'),(171,'00013-OP-2023','6108.004',20000000.00,'Pembelian material WF'),(172,'00014-OP-2023','6112.002',3000000.00,'Google Ads FE Bulan Februari 2023'),(173,'00015-OP-2023','6109.006',1000000.00,'Biaya Taxi dan Supir Training Limbah Pak Kamdani di Yogyakarta'),(174,'00015-OP-2023','6109.003',635600.00,'Biaya Makan dan Minum Pak Kamdani Training Limbah Pak Kamdani di Yogyakarta'),(175,'00016-OP-2023','6102.006',30000.00,'Biaya administrasi Bank '),(176,'00017-OP-2023','6108.004',2500000.00,'Biaya material pemasangan pompa, perbaikan dan pengecekan mesin RO '),(177,'00018-OP-2023','6109.006',800000.00,'Biaya Transportasi Test Comissioning di PT Sigmautama dan Teknisi'),(178,'00019-OP-2023','6101.011',1412200.00,'Komisi Pa kimto ( PT. Malabar )'),(179,'00020-OP-2023','2104.005',83263235.00,'PPN Januari 2023'),(180,'00021-OP-2023','8101.002',47070.76,'Pajak Bunga '),(184,'00022-OP-2023','8101.005',68.89,'BIAYA BUNGA PINJAMAN BANK'),(185,'00023-OP-2023','8101.005',8.78,'Bunga Pinjaman Bank '),(186,'00024-OP-2023','8101.005',32.66,'Bunga Pinjaman Bank '),(187,'00025-OP-2023','2301.002',7900.00,'Pembayaran Pinjaman Nomor Aksep 18124000764'),(188,'00025-OP-2023','8101.005',1.05,'Bunga Pinjaman Bank'),(189,'00026-OP-2023','2301.002',7100.00,'Pembayaran Pinjaman No Aksep 18124000782'),(190,'00026-OP-2023','8101.005',3.16,'Bunga Pinjaman Bank'),(191,'00027-OP-2023','6102.006',5.00,'Biaya administrasi bank '),(192,'00028-OP-2023','2301.002',6600.00,'Pembayaran Pinjaman No Aksep 18124000782'),(193,'00028-OP-2023','8101.005',8.85,'Bunga Pinjaman Bank'),(194,'00029-OP-2023','8101.002',0.01,'Pajak Bunga '),(195,'00030-OP-2023','8101.005',6.89,'Bunga Pinjaman Bank '),(196,'00031-OP-2023','8101.005',6.10,'Bunga Pinjaman Bank '),(197,'00032-OP-2023','8101.005',41.33,'Bunga Pinjaman Bank '),(198,'00033-OP-2023','8101.005',12.40,'Bunga Pinjaman Bank '),(199,'00034-OP-2023','8101.005',16.53,'Bunga Pinjaman Bank '),(200,'00035-OP-2023','8101.005',33.07,'Bunga Pinjaman Bank '),(201,'00036-OP-2023','8101.005',5.51,'Bunga Pinjaman Bank '),(202,'00037-OP-2023','6102.006',5.00,'Biaya admin Bank '),(203,'00038-OP-2023','8101.002',0.01,'Pajak Bunga '),(204,'00039-OP-2023','6102.006',5.00,'Biaya administrasi Bank '),(205,'00040-OP-2023','8101.005',68.89,'Bunga Pinjaman Bank '),(206,'00041-OP-2023','8101.005',7.11,'Bunga Pinjaman Bank '),(207,'00042-OP-2023','6102.006',5.00,'Biaya administrasi Bank '),(209,'00043-OP-2023','2301.002',10000.00,'Pembayaran Pinjaman No Aksep 18124000782'),(210,'00043-OP-2023','8101.005',11.56,'bunga pinjaman bank'),(211,'00044-OP-2023','2301.002',5000.00,'pembayaran pinjaman no aksep 18124000782'),(212,'00044-OP-2023','8101.005',57.77,'bunga pinjaman bank'),(213,'00045-OP-2023','8101.002',0.01,'pajak bunga'),(214,'00046-OP-2023','8101.005',9.23,'Bunga Pinjaman Bank '),(215,'00047-OP-2023','8101.005',6.89,'Bunga Pinjaman Bank '),(216,'00048-OP-2023','8101.005',10.51,'Bunga Pinjaman Bank '),(217,'00049-OP-2023','8101.005',41.34,'Bunga Pinjaman Bank '),(218,'00050-OP-2023','8101.005',12.40,'Bunga Pinjaman Bank '),(219,'00051-OP-2023','8101.005',16.54,'Bunga Pinjaman Bank '),(220,'00052-OP-2023','8101.005',33.06,'Bunga Pinjaman Bank '),(221,'00053-OP-2023','8101.005',5.51,'Bunga Pinjaman Bank '),(224,'00055-OP-2023','2301.003',2400.00,'Pembayaran Pinjaman No Aksep 18124000613'),(225,'00055-OP-2023','8101.005',1.33,'Bunga Pinjaman Bank '),(226,'00056-OP-2023','6102.006',5.00,'Biaya admin Bank '),(227,'00057-OP-2023','8101.002',0.01,'Pajak Bunga '),(228,'00054-OP-2023','2301.003',7630.00,'pembayaran Pinjaman No Aksep 18124000613'),(229,'00054-OP-2023','8101.005',0.34,'Bunga Pinjaman Bank '),(230,'00058-OP-2023','6102.006',80000.00,'Biaya Admin Bank '),(231,'00059-OP-2023','8101.005',34502676.34,'Bunga Pinjaman Bank '),(232,'00060-OP-2023','6102.006',35000.00,'biaya administrasi bank'),(233,'00061-OP-2023','6102.006',5.00,'Biaya administrasi bank '),(234,'00062-OP-2023','6102.006',471625.00,'Biaya Transfer Full Amount ke Zhangjiagang Linker '),(235,'00063-OP-2023','2106.001',75787295.00,'Payroll Gaji JS Februari 2023');
/*!40000 ALTER TABLE `tbl_detail_othpay` ENABLE KEYS */;
UNLOCK TABLES;
COMMIT;

-- Dumped table `tbl_detail_othpay` with 175 row(s)
--

--
-- Table structure for table `tbl_detail_othrcv`
--

/*!40101 SET @saved_cs_client     = @@character_set_client */;
/*!40101 SET character_set_client = utf8 */;
CREATE TABLE `tbl_detail_othrcv` (
  `id_othrcv` int(11) NOT NULL AUTO_INCREMENT,
  `no_bukti` varchar(20) NOT NULL,
  `kode_account` varchar(10) NOT NULL,
  `jumlah` double(14,2) NOT NULL DEFAULT 0.00,
  `keterangan` varchar(100) NOT NULL,
  PRIMARY KEY (`id_othrcv`)
) ENGINE=InnoDB AUTO_INCREMENT=64 DEFAULT CHARSET=utf8mb4 COLLATE=utf8mb4_general_ci;
/*!40101 SET character_set_client = @saved_cs_client */;

--
-- Dumping data for table `tbl_detail_othrcv`
--

LOCK TABLES `tbl_detail_othrcv` WRITE;
/*!40000 ALTER TABLE `tbl_detail_othrcv` DISABLE KEYS */;
SET autocommit=0;
INSERT INTO `tbl_detail_othrcv` VALUES (16,'002','6110.002',5081000.00,'Pengembalian uang SPTNP Screen tgl 25-10-2022'),(17,'002','6102.006',-2900.00,'biaya admin'),(22,'005','6108.003',182000.00,'Penggantian biaya kirim PT Deli Kw. 003/MSI/KW/0123'),(24,'BF 186204-2','1401.001',2500000.00,'Pengembalian Advance Dadang dan Pak Kamdani ke Madiun tgl 10 Januari 2023'),(31,'003','9101.001',118911.66,'Biaya Bunga '),(37,'024','6108.003',2600000.00,'Pengembalian Advance biaya kirim'),(40,'026','9101.001',188329.69,'Biaya Bunga '),(41,'025','6108.003',175000.00,'Penggantian Biaya Kirim CV Umbul Siti Kw. 06/MSI.VIII/2022'),(42,'013','6108.003',1800000.00,'penggantian Biaya Kirim Bapak Edy Kw. 01/MSI.II/2023'),(43,'012','2105.001',15000000.00,'DP CV MAGHROBI'),(44,'006','6108.003',200000.00,'Penggantian biaya kirim CV Marvel Kw. 002/MSI/KW/0123'),(45,'001','6108.003',488000.00,'PENGGANTIAN BIAYA KIRIM REJO MAKMUR KW. 09/MSI.XI/2022'),(46,'004','9101.999',1545000.00,'Surat jalan No 02 Desember 2022 Bapak Husen Wijaya (Charge Kunjungan Jasa Teknisi dan Transport '),(47,'011','6108.003',100000.00,'Penggantian biaya kirim AT-Div Bapak Didi Kw. 10/MSI.XII/2022'),(48,'010','9101.001',498.85,'Biaya Bunga Bank '),(49,'008','9101.001',88664.57,'Bunga '),(50,'009','9101.001',372.00,'Biaya Bunga Bank '),(51,'007','9101.999',100000.00,'Cash Back pembelian tangga melalui Kartu kredit panin '),(52,'00001-OD-2023','9101.999',600000.00,'Surat Jalan Ibu Sri Sujati No 02 Januari 2023 Charge Kunjungan Teknisi dan Transportasi'),(53,'00002-OD-2023','9101.999',3270000.00,'Penggantian Media Filter Bapak Haryono'),(54,'00003-OD-2023','9101.999',430000.00,'Penggantian Housing Membrane Bapak Haryono'),(55,'00004-OD-2023','9101.999',800000.00,'Surat Jalan 30 Januari-01 Februari 2023 teknisi dan transportasi Bapak Andreyus'),(56,'00005-OD-2023','6108.003',83325.00,'Penggantian biaya kirim Pompa PT Deli Kw. 007/MSI/KW/0223'),(57,'00006-OD-2023','6108.003',204000.00,'Penggantian biaya kirim Pompa dan Motor CV Tridaya Kw. 006/MSI/KW/0223'),(58,'00007-OD-2023','9101.001',235353.80,'Bunga'),(59,'00008-OD-2023','9101.001',0.05,'Biaya Bunga '),(60,'00009-OD-2023','9101.001',0.07,'BUNGA '),(61,'00010-OD-2023','9101.001',0.05,'bunga'),(62,'00011-OD-2023','9101.001',0.05,'bunga'),(63,'00012-OD-2023','9101.001',534.95,'Bunga Bank ');
/*!40000 ALTER TABLE `tbl_detail_othrcv` ENABLE KEYS */;
UNLOCK TABLES;
COMMIT;

-- Dumped table `tbl_detail_othrcv` with 30 row(s)
--

--
-- Table structure for table `tbl_detail_payment`
--

/*!40101 SET @saved_cs_client     = @@character_set_client */;
/*!40101 SET character_set_client = utf8 */;
CREATE TABLE `tbl_detail_payment` (
  `id_payment` int(11) NOT NULL AUTO_INCREMENT,
  `no_payment` varchar(20) NOT NULL,
  `no_invoice` varchar(20) NOT NULL,
  `owing` double(14,2) NOT NULL DEFAULT 0.00,
  `jumlah_bayar` double(14,2) NOT NULL DEFAULT 0.00,
  `potongan` double(14,2) NOT NULL DEFAULT 0.00,
  `pph23` double(14,2) NOT NULL DEFAULT 0.00,
  `ongkir` double(14,2) NOT NULL DEFAULT 0.00,
  PRIMARY KEY (`id_payment`)
) ENGINE=InnoDB AUTO_INCREMENT=20 DEFAULT CHARSET=utf8mb4 COLLATE=utf8mb4_general_ci;
/*!40101 SET character_set_client = @saved_cs_client */;

--
-- Dumping data for table `tbl_detail_payment`
--

LOCK TABLES `tbl_detail_payment` WRITE;
/*!40000 ALTER TABLE `tbl_detail_payment` DISABLE KEYS */;
SET autocommit=0;
INSERT INTO `tbl_detail_payment` VALUES (6,'VP-2023-00002','003/PO/AO/XI/2022',7360000.00,7360000.00,0.00,0.00,0.00),(11,'VP-2023-00005','0008-PI-2023',22046687.91,22046688.00,0.00,0.00,0.00),(12,'VP-2023-00006','0007-PI-2023',20825064.09,20825064.00,0.00,0.00,0.00),(13,'VP-2023-00007','A043/LPO/MSI/FR/XI/2',10765875.00,10765900.00,0.00,0.00,0.00),(14,'VP-2023-00001','IV2022127416',1254328.00,1231727.00,1.00,22600.00,0.00),(15,'VP-2023-00001','IV2022127417',1341091.00,1314573.00,0.00,26530.00,0.00),(16,'VP-2023-00008','0015-PI-2023',2708400.00,2708400.00,0.00,0.00,0.00),(17,'VP-2023-00009','0013-PI-2023',22046687.91,22046688.00,0.00,0.00,0.00),(18,'VP-2023-00010','0014-PI-2023',1687200.00,1737200.00,0.00,0.00,50000.00),(19,'VP-2023-00011','0016-PI-2023',11821500.00,11821500.00,0.00,0.00,0.00);
/*!40000 ALTER TABLE `tbl_detail_payment` ENABLE KEYS */;
UNLOCK TABLES;
COMMIT;

-- Dumped table `tbl_detail_payment` with 10 row(s)
--

--
-- Table structure for table `tbl_detail_purchinv`
--

/*!40101 SET @saved_cs_client     = @@character_set_client */;
/*!40101 SET character_set_client = utf8 */;
CREATE TABLE `tbl_detail_purchinv` (
  `id_purchinv` int(11) NOT NULL AUTO_INCREMENT,
  `no_invoice` varchar(20) NOT NULL,
  `id_barang` int(11) NOT NULL,
  `kode_barang` varchar(20) NOT NULL,
  `qty` double(12,2) NOT NULL DEFAULT 0.00,
  `harga` double(12,2) NOT NULL DEFAULT 0.00,
  `subtotal` double(14,2) NOT NULL DEFAULT 0.00,
  PRIMARY KEY (`id_purchinv`)
) ENGINE=InnoDB AUTO_INCREMENT=75 DEFAULT CHARSET=utf8mb4 COLLATE=utf8mb4_general_ci;
/*!40101 SET character_set_client = @saved_cs_client */;

--
-- Dumping data for table `tbl_detail_purchinv`
--

LOCK TABLES `tbl_detail_purchinv` WRITE;
/*!40000 ALTER TABLE `tbl_detail_purchinv` DISABLE KEYS */;
SET autocommit=0;
INSERT INTO `tbl_detail_purchinv` VALUES (33,'0002-PI-2023',615,'WWDS 34MM',16.00,50.00,800.00),(34,'0002-PI-2023',616,'WWDS 60MM',2.00,75.00,150.00),(35,'0002-PI-2023',617,'WWDS 168MM',4.00,175.00,700.00),(36,'0002-PI-2023',618,'DSM SCREEN',1.00,340.00,340.00),(37,'0002-PI-2023',619,'WWDS 33MM',4.00,40.00,160.00),(38,'0002-PI-2023',620,'WWDS1 33MM',4.00,70.00,280.00),(39,'0002-PI-2023',621,'WWDS2 33MM',2.00,75.00,150.00),(40,'0002-PI-2023',580,'FREIGHT',1.00,1230.00,1230.00),(41,'0003-PI-2023',622,'WWS',1.00,260.00,260.00),(42,'0003-PI-2023',580,'FREIGHT',1.00,210.00,210.00),(50,'0010-PI-2023',642,'CYLINDERICL SCREEN',14.00,256.00,3584.00),(55,'0012-PI-2023',230,'94544531',1.00,6348919.00,6348919.00),(57,'0011-PI-2023',230,'94544531',1.00,6348919.00,6348919.00),(58,'0014-PI-2023',646,'POMPA FILTER',2.00,760000.00,1520000.00),(60,'0008-PI-2023',62,'2366128120',1.00,19861881.00,19861881.00),(64,'0005-PI-2023',249,'95712536',1.00,5783243.00,5783243.00),(67,'0007-PI-2023',563,'2367118120',1.00,18761319.00,18761319.00),(68,'0013-PI-2023',62,'2366128120',1.00,19861881.00,19861881.00),(69,'0015-PI-2023',652,'ANALISA AIR',2.00,1220000.00,2440000.00),(70,'0016-PI-2023',653,'UJI COBA AIR MINUM',5.00,1950000.00,9750000.00),(71,'0016-PI-2023',654,'UJI ARSEN',5.00,110000.00,550000.00),(72,'0016-PI-2023',655,'SAMPLING',1.00,350000.00,350000.00),(73,'0017-PI-2023',249,'95712536',1.00,5783243.00,5783243.00),(74,'0018-PI-2023',62,'2366128120',1.00,19861881.00,19861881.00);
/*!40000 ALTER TABLE `tbl_detail_purchinv` ENABLE KEYS */;
UNLOCK TABLES;
COMMIT;

-- Dumped table `tbl_detail_purchinv` with 24 row(s)
--

--
-- Table structure for table `tbl_detail_purchord`
--

/*!40101 SET @saved_cs_client     = @@character_set_client */;
/*!40101 SET character_set_client = utf8 */;
CREATE TABLE `tbl_detail_purchord` (
  `id_purchord` int(11) NOT NULL AUTO_INCREMENT,
  `no_po` varchar(20) NOT NULL,
  `id_barang` int(11) NOT NULL,
  `kode_barang` varchar(20) NOT NULL,
  `qty` double(12,2) NOT NULL DEFAULT 0.00,
  `harga` double(12,2) NOT NULL DEFAULT 0.00,
  `subtotal` double(14,2) NOT NULL DEFAULT 0.00,
  PRIMARY KEY (`id_purchord`)
) ENGINE=InnoDB AUTO_INCREMENT=2 DEFAULT CHARSET=utf8mb4 COLLATE=utf8mb4_general_ci;
/*!40101 SET character_set_client = @saved_cs_client */;

--
-- Dumping data for table `tbl_detail_purchord`
--

LOCK TABLES `tbl_detail_purchord` WRITE;
/*!40000 ALTER TABLE `tbl_detail_purchord` DISABLE KEYS */;
SET autocommit=0;
/*!40000 ALTER TABLE `tbl_detail_purchord` ENABLE KEYS */;
UNLOCK TABLES;
COMMIT;

-- Dumped table `tbl_detail_purchord` with 0 row(s)
--

--
-- Table structure for table `tbl_detail_purchrtn`
--

/*!40101 SET @saved_cs_client     = @@character_set_client */;
/*!40101 SET character_set_client = utf8 */;
CREATE TABLE `tbl_detail_purchrtn` (
  `id_purchrtn` int(11) NOT NULL AUTO_INCREMENT,
  `no_retur` varchar(20) NOT NULL,
  `id_barang` int(11) NOT NULL,
  `kode_barang` varchar(20) NOT NULL,
  `qty` double(10,2) NOT NULL DEFAULT 0.00,
  `harga` double(12,2) NOT NULL DEFAULT 0.00,
  `subtotal` double(14,2) NOT NULL DEFAULT 0.00,
  PRIMARY KEY (`id_purchrtn`)
) ENGINE=InnoDB DEFAULT CHARSET=utf8mb4 COLLATE=utf8mb4_general_ci;
/*!40101 SET character_set_client = @saved_cs_client */;

--
-- Dumping data for table `tbl_detail_purchrtn`
--

LOCK TABLES `tbl_detail_purchrtn` WRITE;
/*!40000 ALTER TABLE `tbl_detail_purchrtn` DISABLE KEYS */;
SET autocommit=0;
/*!40000 ALTER TABLE `tbl_detail_purchrtn` ENABLE KEYS */;
UNLOCK TABLES;
COMMIT;

-- Dumped table `tbl_detail_purchrtn` with 0 row(s)
--

--
-- Table structure for table `tbl_detail_receipt`
--

/*!40101 SET @saved_cs_client     = @@character_set_client */;
/*!40101 SET character_set_client = utf8 */;
CREATE TABLE `tbl_detail_receipt` (
  `id_receipt` int(11) NOT NULL AUTO_INCREMENT,
  `no_receipt` varchar(20) NOT NULL,
  `no_invoice` varchar(20) DEFAULT NULL,
  `owing` double(14,2) NOT NULL DEFAULT 0.00,
  `jumlah_bayar` double(14,2) DEFAULT 0.00,
  `potongan` double(14,2) NOT NULL DEFAULT 0.00,
  `admin` double(14,2) NOT NULL DEFAULT 0.00,
  `pph23` double(14,2) NOT NULL DEFAULT 0.00,
  `pph4` double(14,2) NOT NULL DEFAULT 0.00,
  PRIMARY KEY (`id_receipt`)
) ENGINE=InnoDB AUTO_INCREMENT=120 DEFAULT CHARSET=utf8mb4 COLLATE=utf8mb4_general_ci;
/*!40101 SET character_set_client = @saved_cs_client */;

--
-- Dumping data for table `tbl_detail_receipt`
--

LOCK TABLES `tbl_detail_receipt` WRITE;
/*!40000 ALTER TABLE `tbl_detail_receipt` DISABLE KEYS */;
SET autocommit=0;
INSERT INTO `tbl_detail_receipt` VALUES (2,'CR-2023-00002','INV.',94817296.00,15600000.00,0.00,0.00,0.00,0.00),(4,'CR-2023-00004','005/AS-I/2023',5329998.00,5330000.00,0.00,0.00,0.00,0.00),(5,'CR-2023-00005','004/AS-I/2023',12899998.00,12900000.00,0.00,0.00,0.00,0.00),(6,'CR-2023-00006','INV.',27104962.00,27104962.00,0.00,0.00,0.00,0.00),(7,'CR-2023-00007','003/JS-I/2023',14133075.00,14133000.00,0.00,0.00,0.00,0.00),(10,'CR-2023-00009','INV.',81225000.00,81225000.00,0.00,0.00,0.00,0.00),(11,'CR-2023-00010','008/AS-I/2023',4914998.00,4915000.00,0.00,0.00,0.00,0.00),(12,'CR-2023-00011','009/AS-I/2023',6764998.00,6765000.00,0.00,0.00,0.00,0.00),(13,'CR-2023-00012','012/AS-I/2023',42499991.00,32500000.00,0.00,0.00,0.00,0.00),(14,'CR-2023-00013','INV.',7120000.00,7120000.00,0.00,0.00,0.00,0.00),(16,'CR-2023-00015','011/JS-I/2023',6993000.00,6993000.00,0.00,0.00,0.00,0.00),(18,'CR-2023-00017','014/AS-I/2023',4249999.00,4250000.00,0.00,0.00,0.00,0.00),(19,'CR-2023-00018','015/AS-I/2023',7439999.00,7440000.00,0.00,0.00,0.00,0.00),(21,'CR-2023-00019','',0.00,1300000.00,0.00,0.00,0.00,0.00),(22,'CR-2023-00016','002/JS-I-2023',19702500.00,19699600.00,0.00,0.00,0.00,0.00),(23,'CR-2023-00020','183-MSI-FR-1222',2060004.00,2005600.00,0.00,0.00,0.00,0.00),(24,'CR-2023-00021','167-MSI-FR-1222',4630000.00,2000000.00,0.00,0.00,0.00,0.00),(25,'CR-2023-00022','064-MSI-NR-XI-2022',14685300.00,14685000.00,0.00,0.00,0.00,0.00),(26,'CR-2023-00023','001/MSI/FR/0123',13703750.00,13703750.00,0.00,0.00,0.00,0.00),(29,'CR-2023-00024','006/MSI/FR/0123',15664000.00,15664000.00,0.00,0.00,0.00,0.00),(30,'CR-2023-00025','005/MSI/FR/0123',19316000.00,19316000.00,0.00,0.00,0.00,0.00),(31,'CR-2023-00026','169-MSI-FR-1222',28165500.00,28165500.00,0.00,0.00,0.00,0.00),(34,'CR-2023-00028','145-MSI-FR-1122',22178700.00,22178700.00,0.00,0.00,0.00,0.00),(35,'CR-2023-00028','157-MSI-FR-1122',7184375.00,7184375.00,0.00,0.00,0.00,0.00),(36,'CR-2023-00029','167-MSI-FR-1222',2630000.00,2630000.00,0.00,0.00,0.00,0.00),(42,'CR-2023-00033','010/MSI/FR/0123',24500000.00,24500000.00,0.00,0.00,0.00,0.00),(43,'CR-2023-00034','007/MSI/FR/0123',42736500.00,42736500.00,0.00,0.00,0.00,0.00),(46,'CR-2023-00037','142-AS-XII-2022',16294500.00,16294500.00,0.00,0.00,0.00,0.00),(47,'CR-2023-00038','030/JS-III/2023',19000000.00,5700000.00,0.00,0.00,0.00,0.00),(48,'CR-2023-00039','INV.',9900000.00,1000000.00,0.00,0.00,0.00,0.00),(49,'CR-2023-00040','INV.',6000000.00,2000000.00,0.00,0.00,0.00,0.00),(50,'CR-2023-00041','INV',37050000.00,2000000.00,0.00,0.00,0.00,0.00),(51,'CR-2023-00042','INV',37050000.00,3000000.00,0.00,0.00,0.00,0.00),(52,'CR-2023-00043','019/AS-II/2023',25128007.00,5142400.00,0.00,0.00,0.00,0.00),(53,'CR-2023-00044','019/AS-II/2023',19985607.00,20000000.00,0.00,0.00,0.00,0.00),(54,'CR-2023-00045','INV.',23700000.00,5000000.00,0.00,0.00,0.00,0.00),(55,'CR-2023-00046','INV.',20000000.00,5100000.00,0.00,0.00,0.00,0.00),(56,'CR-2023-00047','INV.',2045000.00,6470000.00,0.00,0.00,0.00,0.00),(57,'CR-2023-00048','INV.',9900000.00,8900000.00,0.00,0.00,0.00,0.00),(58,'CR-2023-00049','INV.',10800000.00,10800000.00,0.00,0.00,0.00,0.00),(59,'CR-2023-00050','018/JS-II/2023',80084003.00,74620000.00,0.00,0.00,0.00,0.00),(60,'CR-2023-00051','INV',37050000.00,15000000.00,0.00,0.00,0.00,0.00),(61,'CR-2023-00052','018/JS-II/2023',5464003.00,5464000.00,0.00,0.00,0.00,0.00),(62,'CR-2023-00053','022/AS-II/2023',10290000.00,10290000.00,0.00,0.00,0.00,0.00),(63,'CR-2023-00054','021/AS-II/2023',59429999.00,59430000.00,0.00,0.00,0.00,0.00),(64,'CR-2023-00055','INV.',123657424.00,10000000.00,0.00,0.00,0.00,0.00),(65,'CR-2023-00056','024/AS-II/2023',9949996.00,9950000.00,0.00,0.00,0.00,0.00),(66,'CR-2023-00057','025/AS-II/2023',6287501.00,6287500.00,0.00,0.00,0.00,0.00),(67,'CR-2023-00058','INV.',13800000.00,13800000.00,0.00,0.00,0.00,0.00),(68,'CR-2023-00059','INV.',37500000.00,7500000.00,0.00,0.00,0.00,0.00),(69,'CR-2023-00060','INV.',41800000.00,5000000.00,0.00,0.00,0.00,0.00),(75,'CR-2023-00065','011/MSI/FR/1223',45235000.00,45235000.00,0.00,0.00,0.00,0.00),(76,'CR-2023-00066','172/MSI/FR/1222',17000000.00,17000000.00,0.00,0.00,0.00,0.00),(80,'CR-2023-00031','004/MSI-FR/I/23',381889.00,381928.00,0.00,-39.00,0.00,0.00),(81,'CR-2023-00031','008/MSI-FR/I/23',337333.00,337372.00,0.00,-39.00,0.00,0.00),(82,'CR-2023-00032','186-MSI-FR-1222',13873500.00,13874000.00,0.00,-500.00,0.00,0.00),(83,'CR-2023-00035','069-MSI-NR-XII-2022',2220000.00,2217100.00,0.00,2900.00,0.00,0.00),(84,'CR-2023-00036','016/AS-I/2023',11044997.00,11045000.00,0.00,-3.00,0.00,0.00),(85,'CR-2023-00061','004/MSI-AO/I/2023',62160000.00,61180000.00,0.00,0.00,980000.00,0.00),(86,'CR-2023-00062','003/MSI-AO/I/2023',204240000.00,201020000.00,0.00,0.00,3220000.00,0.00),(87,'CR-2023-00063','075-MSI-AO-XII-2022',1221000.00,1201750.00,0.00,0.00,19250.00,0.00),(88,'CR-2023-00064','008/MSI-AO/I/2023',91020000.00,89585000.00,0.00,0.00,1435000.00,0.00),(89,'CR-2023-00067','009/MSI-AO/I/2023',31635000.00,31136250.00,0.00,0.00,498750.00,0.00),(91,'CR-2023-00001','150-JS-XII-2022',39932250.00,39929350.00,2900.00,0.00,0.00,0.00),(92,'CR-2023-00027','006/JS-I/2023',17704997.00,17705000.00,-3.00,0.00,0.00,0.00),(93,'CR-2023-00027','007/JS-I/2023',13729996.00,13730000.00,-4.00,0.00,0.00,0.00),(94,'CR-2023-00014','013/AS-I/2023',2946001.00,2946000.00,1.00,0.00,0.00,0.00),(95,'CR-2023-00003','001/AS-I/2023',5148002.00,5148000.00,2.00,0.00,0.00,0.00),(96,'CR-2023-00068','174-MSI-FR-1222',103722.00,103722.00,0.00,0.00,0.00,0.00),(97,'CR-2023-00068','187-MSI-FR-1222',10827000.00,10827000.00,0.00,0.00,0.00,0.00),(98,'CR-2023-00069','150-MSI-FR-1122',43984999.00,43985000.00,-1.00,0.00,0.00,0.00),(99,'CR-2023-00070','021/MSI/FR/0223',9800000.00,9800000.00,0.00,0.00,0.00,0.00),(100,'CR-2023-00071','012/MSI-FR/I/23',129654.00,130000.00,0.00,0.00,0.00,0.00),(101,'CR-2023-00072','021/MSI-AO/II/2023',38850000.00,38850000.00,0.00,0.00,0.00,0.00),(102,'CR-2023-00073','023/MSI/FR/0223',16755500.00,16755500.00,0.00,0.00,0.00,0.00),(103,'CR-2023-00074','024/MSI-FR/II/23',2060005.00,2060000.00,0.00,0.00,0.00,0.00),(104,'CR-2023-00075','022/MSI/FR/0223',9500000.00,9500000.00,0.00,0.00,0.00,0.00),(105,'CR-2023-00076','111-MSI-FR-1020',30121500.00,14121500.00,0.00,0.00,0.00,0.00),(106,'CR-2023-00077','112-MSI-FR-0922',2100000.00,500000.00,0.00,0.00,0.00,0.00),(107,'CR-2023-00078','028/MSI/FR/0223',25000001.00,15000000.00,0.00,0.00,0.00,0.00),(108,'CR-2023-00079','028/MSI/FR/0223',10000001.00,10000000.00,0.00,1.00,0.00,0.00),(109,'CR-2023-00080','020/MSI-FR/II/23',422432.00,422500.00,0.00,0.00,0.00,0.00),(110,'CR-2023-00081','179-MSI-FR-1222',13096200.00,13096200.00,0.00,0.00,0.00,0.00),(111,'CR-2023-00081','181-MSI-FR-1222',3525600.00,3525600.00,0.00,0.00,0.00,0.00),(112,'CR-2023-00082','005/MSI-AO/I/2023',555000.00,555000.00,0.00,0.00,0.00,0.00),(113,'CR-2023-00083','INV',12420000.00,12420000.00,0.00,0.00,0.00,0.00),(114,'CR-2023-00084','INV.',60000000.00,5000000.00,0.00,0.00,0.00,0.00),(115,'CR-2023-00085','020/AS-II/2023',51740006.00,11940000.00,0.00,0.00,0.00,0.00),(116,'CR-2023-00086','029/JS-III/2023',2759999.00,2760000.00,0.00,0.00,0.00,0.00),(117,'CR-2023-00087','INV.',94817296.00,10000000.00,0.00,0.00,0.00,0.00),(118,'CR-2023-00088','INV.',16928400.00,2000000.00,0.00,0.00,0.00,0.00),(119,'CR-2023-00089','144-JS-XII-2022',8800000.00,8800000.00,0.00,0.00,0.00,0.00);
/*!40000 ALTER TABLE `tbl_detail_receipt` ENABLE KEYS */;
UNLOCK TABLES;
COMMIT;

-- Dumped table `tbl_detail_receipt` with 92 row(s)
--

--
-- Table structure for table `tbl_detail_salesinv`
--

/*!40101 SET @saved_cs_client     = @@character_set_client */;
/*!40101 SET character_set_client = utf8 */;
CREATE TABLE `tbl_detail_salesinv` (
  `id_salesinv` int(11) NOT NULL AUTO_INCREMENT,
  `no_invoice` varchar(20) NOT NULL,
  `id_barang` int(11) NOT NULL,
  `kode_barang` varchar(20) NOT NULL,
  `qty` double(10,2) NOT NULL DEFAULT 0.00,
  `harga` double(12,2) NOT NULL DEFAULT 0.00,
  `subtotal` double(14,2) NOT NULL DEFAULT 0.00,
  `cogs` double(14,2) NOT NULL DEFAULT 0.00,
  PRIMARY KEY (`id_salesinv`)
) ENGINE=InnoDB AUTO_INCREMENT=436 DEFAULT CHARSET=utf8mb4 COLLATE=utf8mb4_general_ci;
/*!40101 SET character_set_client = @saved_cs_client */;

--
-- Dumping data for table `tbl_detail_salesinv`
--

LOCK TABLES `tbl_detail_salesinv` WRITE;
/*!40000 ALTER TABLE `tbl_detail_salesinv` DISABLE KEYS */;
SET autocommit=0;
INSERT INTO `tbl_detail_salesinv` VALUES (92,'001/MSI/FR/0123',44,'2343262604G',1.00,0.00,0.00,0.00),(93,'001/MSI/FR/0123',201,'93616414',1.00,12345721.00,12345721.00,0.00),(94,'001/MSI/FR/0123',569,'TANFON CTK M11',1.00,0.00,0.00,0.00),(95,'001/MSI/FR/0123',627,'NUT SS',4.00,0.00,0.00,0.00),(96,'002/MSI/FR/0123',63,'2366138120',1.00,0.00,0.00,0.00),(97,'002/MSI/FR/0123',290,'9730650363110',1.00,44687838.00,44687838.00,0.00),(98,'002/MSI/FR/0123',568,'TANFON CTK M12',1.00,0.00,0.00,0.00),(99,'002/MSI/FR/0123',628,'NUT HEX 6\'',4.00,0.00,0.00,0.00),(101,'004/MSI-FR/I/23',568,'TANFON CTK M12',2.00,172022.00,344044.00,0.00),(102,'005/MSI/FR/0123',44,'2343262604G',2.00,8700901.00,17401802.00,0.00),(103,'005/MSI/FR/0123',569,'TANFON CTK M11',2.00,0.00,0.00,0.00),(104,'005/MSI/FR/0123',627,'NUT SS',8.00,0.00,0.00,0.00),(105,'006/MSI/FR/0123',44,'2343262604G',1.00,0.00,0.00,0.00),(106,'006/MSI/FR/0123',248,'95712521',1.00,14111712.00,14111712.00,0.00),(107,'006/MSI/FR/0123',569,'TANFON CTK M11',1.00,0.00,0.00,0.00),(108,'006/MSI/FR/0123',627,'NUT SS',4.00,0.00,0.00,0.00),(118,'008/MSI-FR/I/23',567,'RESIN ONLY',1.00,131882.00,131882.00,0.00),(119,'008/MSI-FR/I/23',568,'TANFON CTK M12',1.00,172022.00,172022.00,0.00),(163,'004/MSI-AO/I/2023',325,'MSI-00033',1.00,56000000.00,56000000.00,0.00),(164,'003/MSI-AO/I/2023',325,'MSI-00033',1.00,184000000.00,184000000.00,0.00),(165,'008/MSI-AO/I/2023',325,'MSI-00033',1.00,82000000.00,82000000.00,0.00),(178,'172/MSI/FR/1222',56,'2347288602G',1.00,15315315.00,15315315.00,0.00),(179,'172/MSI/FR/1222',569,'TANFON CTK M11',1.00,0.00,0.00,0.00),(180,'172/MSI/FR/1222',627,'NUT SS',4.00,0.00,0.00,0.00),(181,'013/MSI/FR/0123',568,'TANFON CTK M12',20.00,137617.00,2752340.00,0.00),(185,'003/MSI/FR/I/23',567,'RESIN ONLY',3.00,131882.00,395646.00,0.00),(193,'017/MSI/FR/I/23',569,'TANFON CTK M11',5.00,92793.00,463965.00,0.00),(205,'035/JS-III/2023',325,'MSI-00033',1.00,117843200.00,117843200.00,0.00),(206,'002/MSI-NR/I/2023',634,'ELEKTRO MOTOR',1.00,6000000.00,6000000.00,0.00),(207,'007/MSI-AO/I/2023',325,'MSI-00033',1.00,12500000.00,12500000.00,0.00),(210,'010/MSI-NR/I/2023',638,'JASA6',1.00,16000000.00,16000000.00,0.00),(211,'010/MSI-NR/I/2023',639,'JASA7',1.00,8500000.00,8500000.00,0.00),(212,'009/MSI-AO/I/2023',630,'JASA1',1.00,27000000.00,27000000.00,0.00),(213,'009/MSI-AO/I/2023',631,'JASA2',1.00,1500000.00,1500000.00,0.00),(214,'005/MSI-AO/I/2023',640,'CATRIDGE 20\'-5 MICRO',10.00,50000.00,500000.00,0.00),(221,'064/AS-V/2023',530,'MSI-00238',4.00,2208108.00,8832432.00,821500.00),(222,'062/JS-V/2023',514,'MSI-00221',3.00,3248649.00,9745947.00,821765.00),(223,'062/JS-V/2023',527,'MSI-00235',2.00,4146847.00,8293694.00,930540.00),(224,'063/AS-V/2023',522,'MSI-00230',7.00,989189.00,6924323.00,511500.00),(225,'060/AS-IV/2023',532,'MSI-00240',21.00,4144144.00,87027024.00,1565500.00),(226,'058/AS-IV/2023',520,'MSI-00228',6.00,1113514.00,6681084.00,713000.00),(227,'057/AS-IV/2023',532,'MSI-00240',12.00,4144144.00,49729728.00,1565500.00),(228,'056/AS-IV/2023',531,'MSI-00239',5.00,2974324.00,14871620.00,992000.00),(229,'032/JS-IV/2023',633,'MSI-00222',8.00,3375000.00,27000000.00,821765.00),(230,'055/JS-IV/2023',513,'MSI-00220',15.00,7747748.00,116216220.00,2805500.00),(231,'054/AS-III/2023',520,'MSI-00228',9.00,1110811.00,9997299.00,713000.00),(232,'053/JS-IV/2023',513,'MSI-00220',7.00,6836937.00,47858559.00,2805500.00),(233,'053/JS-IV/2023',533,'MSI-00241',3.00,5318919.00,15956757.00,2433500.00),(236,'050/AS-III/2023',519,'MSI-00227',30.00,2094955.00,62848650.00,1038500.00),(238,'048/JS-III/2023',509,'MSI-00216',2.00,1846847.00,3693694.00,821500.00),(239,'047/AS-III/2023',533,'MSI-00241',2.00,5336036.00,10672072.00,2433500.00),(240,'046/AS-III/2023',533,'MSI-00241',25.00,5425225.00,135630625.00,2433500.00),(241,'044/AS-III/2023',522,'MSI-00230',6.00,909910.00,5459460.00,511500.00),(242,'043/JS-III/2023',519,'MSI-00227',8.00,1813063.00,14504504.00,1038500.00),(243,'042/JS-III/2023',514,'MSI-00221',2.00,3248649.00,6497298.00,821765.00),(244,'042/JS-III/2023',527,'MSI-00235',1.00,4146847.00,4146847.00,930540.00),(245,'041/JS-III/2023',507,'MSI-00214',6.00,2799399.00,16796394.00,713000.00),(246,'040/AS-III/2023',520,'MSI-00228',14.00,1147748.00,16068472.00,713000.00),(248,'038/JS-III/2023',512,'MSI-00219',3.00,4900901.00,14702703.00,1767000.00),(249,'037/JS-III/2023',325,'MSI-00033',1.00,6718558.00,6718558.00,0.00),(250,'036/AS-III/2023',520,'MSI-00228',7.00,1142342.00,7996394.00,713000.00),(251,'036/AS-III/2023',522,'MSI-00230',11.00,906757.00,9974327.00,511500.00),(252,'034/JS-III/2023',510,'MSI-00217',2.00,2533243.00,5066486.00,945500.00),(253,'033/JS-III/2023',325,'MSI-00033',1.00,21715766.00,21715766.00,0.00),(255,'031/AS-III/2023',522,'MSI-00230',4.00,945946.00,3783784.00,511500.00),(256,'030/JS-III/2023',618,'DSM SCREEN',1.00,17117117.00,17117117.00,340.00),(257,'029/JS-III/2023',514,'MSI-00221',1.00,2486486.00,2486486.00,821765.00),(258,'028/JS-III/2023',619,'WWDS 33MM',4.00,2546500.00,10186000.00,0.00),(259,'028/JS-III/2023',620,'WWDS1 33MM',4.00,2546500.00,10186000.00,0.00),(260,'028/JS-III/2023',621,'WWDS2 33MM',2.00,2546500.00,5093000.00,0.00),(261,'027/JS-III/2022',615,'WWDS 34MM',16.00,2550000.00,40800000.00,0.00),(262,'027/JS-III/2022',616,'WWDS 60MM',2.00,3625000.00,7250000.00,0.00),(263,'027/JS-III/2022',617,'WWDS 168MM',4.00,5975000.00,23900000.00,0.00),(264,'026/JS-III/2022',622,'WWS',1.00,12600000.00,12600000.00,0.00),(266,'020/AS-II/2023',519,'MSI-00227',26.00,1792793.00,46612618.00,1038500.00),(267,'025/AS-II/2023',520,'MSI-00228',5.00,1132883.00,5664415.00,713000.00),(268,'024/AS-II/2023',522,'MSI-00230',10.00,896396.00,8963960.00,511500.00),(269,'021/AS-II/2023',533,'MSI-00241',10.00,5354054.00,53540540.00,2433500.00),(270,'022/AS-II/2023',520,'MSI-00228',7.00,1126126.00,7882882.00,713000.00),(271,'022/AS-II/2023',521,'MSI-00229',2.00,693694.00,1387388.00,449500.00),(272,'019/AS-II/2023',520,'MSI-00228',18.00,1257658.00,22637844.00,713000.00),(273,'010/JS-II/2023',505,'MSI-00212',3.00,1495540.00,4486620.00,449500.00),(274,'010/JS-II/2023',507,'MSI-00214',2.00,2375270.00,4750540.00,713000.00),(277,'018/JS-II/2023',512,'MSI-00219',14.00,4801802.00,67225228.00,1767000.00),(278,'018/JS-II/2023',514,'MSI-00221',2.00,2461261.00,4922522.00,821765.00),(279,'017/JS-II/2023',626,'INVERTER 4KW			',1.00,8108108.00,8108108.00,0.00),(280,'016/AS-I/2023',519,'MSI-00227',5.00,1768468.00,8842340.00,1038500.00),(281,'016/AS-I/2023',520,'MSI-00228',1.00,1108108.00,1108108.00,713000.00),(282,'015/AS-I/2023',520,'MSI-00228',6.00,1117117.00,6702702.00,713000.00),(283,'014/AS-I/2023',532,'MSI-00240',1.00,3828828.00,3828828.00,1565500.00),(284,'013/AS-I/2023',522,'MSI-00230',3.00,884685.00,2654055.00,511500.00),(285,'012/AS-I/2023',532,'MSI-00240',10.00,3828828.00,38288280.00,1565500.00),(287,'011/JS-I/2023',325,'MSI-00033',1.00,6300000.00,6300000.00,0.00),(290,'009/AS-I/2023',520,'MSI-00228',3.00,1135135.00,3405405.00,713000.00),(291,'009/AS-I/2023',522,'MSI-00230',3.00,896396.00,2689188.00,511500.00),(294,'008/AS-I/2023',530,'MSI-00238',1.00,1981981.00,1981981.00,821500.00),(295,'008/AS-I/2023',531,'MSI-00239',1.00,2445945.00,2445945.00,992000.00),(296,'007/JS-I/2023',509,'MSI-00216',1.00,1846846.00,1846846.00,821500.00),(297,'007/JS-I/2023',511,'MSI-00218',4.00,2630630.00,10522520.00,1193500.00),(301,'005/AS-I/2023',522,'MSI-00230',5.00,960360.00,4801800.00,511500.00),(302,'006/JS-I/2023',511,'MSI-00218',3.00,2680180.00,8040540.00,1193500.00),(303,'006/JS-I/2023',532,'MSI-00240',2.00,3954954.00,7909908.00,1565500.00),(304,'004/AS-I/2023',520,'MSI-00228',10.00,1162162.00,11621620.00,713000.00),(305,'003/JS-I/2023',325,'MSI-00033',1.00,12732500.00,12732500.00,0.00),(306,'002/JS-I-2023',560,'40/MSI/ZLS/11/2022',2.00,8875000.00,17750000.00,0.00),(307,'001/AS-I/2023',520,'MSI-00228',4.00,1159460.00,4637840.00,713000.00),(308,'INV/20230131/MPL/301',569,'TANFON CTK M11',2.00,116216.00,232432.00,0.00),(313,'015/MSI/FR/I/23',568,'TANFON CTK M12',1.00,172022.00,172022.00,0.00),(314,'014/MSI/FR/23',569,'TANFON CTK M11',2.00,116805.00,233610.00,0.00),(315,'012/MSI-FR/I/23',569,'TANFON CTK M11',1.00,116805.00,116805.00,0.00),(316,'010/MSI/FR/0123',55,'2347278602G',1.00,0.00,0.00,0.00),(317,'010/MSI/FR/0123',249,'95712536',1.00,22072072.00,22072072.00,0.00),(318,'010/MSI/FR/0123',569,'TANFON CTK M11',1.00,0.00,0.00,0.00),(319,'010/MSI/FR/0123',627,'NUT SS',4.00,0.00,0.00,0.00),(324,'009/MSI/FR/0123',56,'2347288602G',1.00,0.00,0.00,0.00),(325,'009/MSI/FR/0123',230,'94544531',1.00,20270270.00,20270270.00,0.00),(326,'009/MSI/FR/0123',569,'TANFON CTK M11',1.00,0.00,0.00,0.00),(327,'009/MSI/FR/0123',627,'NUT SS',4.00,0.00,0.00,0.00),(328,'012/MSI-AO/I/2023',635,'JASA3',1.00,9009009.00,9009009.00,0.00),(329,'011/MSI-AO/I/2023',636,'JASA4',1.00,25000000.00,25000000.00,0.00),(330,'007/MSI/FR/0123',62,'2366128120',1.00,0.00,0.00,0.00),(331,'007/MSI/FR/0123',164,'616301002010077',1.00,38501351.00,38501351.00,0.00),(332,'007/MSI/FR/0123',568,'TANFON CTK M12',1.00,0.00,0.00,0.00),(333,'007/MSI/FR/0123',628,'NUT HEX 6\'',4.00,0.00,0.00,0.00),(334,'011/MSI/FR/1223',258,'97160014013',1.00,40752252.00,40752252.00,0.00),(335,'011/MSI/FR/1223',563,'2367118120',1.00,0.00,0.00,0.00),(336,'011/MSI/FR/1223',568,'TANFON CTK M12',2.00,0.00,0.00,0.00),(337,'011/MSI/FR/1223',628,'NUT HEX 6\'',4.00,0.00,0.00,0.00),(338,'016/MSI/FR/1223',56,'2347288602G',1.00,0.00,0.00,0.00),(339,'016/MSI/FR/1223',230,'94544531',1.00,22744369.00,22744369.00,0.00),(340,'016/MSI/FR/1223',569,'TANFON CTK M11',1.00,0.00,0.00,0.00),(341,'016/MSI/FR/1223',627,'NUT SS',4.00,0.00,0.00,0.00),(342,'066/AS-V/2023',512,'MSI-00219',22.00,4708108.00,103578376.00,1767000.00),(343,'067/JS-V/2023',513,'MSI-00220',2.00,8616216.00,17232432.00,2805500.00),(344,'018/MSI-FR/II/23',569,'TANFON CTK M11',1.00,116216.00,116216.00,200000.00),(345,'019/MSI/FR/0223',62,'2366128120',1.00,0.00,0.00,0.00),(346,'019/MSI/FR/0223',164,'616301002010077',1.00,38501351.00,38501351.00,10897920.00),(347,'019/MSI/FR/0223',568,'TANFON CTK M12',1.00,0.00,0.00,200000.00),(348,'019/MSI/FR/0223',628,'NUT HEX 6\'',4.00,0.00,0.00,5700.00),(349,'020/MSI-FR/II/23',567,'RESIN ONLY',2.00,131882.00,263764.00,140000.00),(350,'020/MSI-FR/II/23',569,'TANFON CTK M11',1.00,116805.00,116805.00,200000.00),(351,'021/MSI/FR/0223',115,'2803584127',1.00,0.00,0.00,645600.00),(352,'021/MSI/FR/0223',237,'95711516',1.00,8828829.00,8828829.00,1386720.00),(353,'021/MSI/FR/0223',569,'TANFON CTK M11',1.00,0.00,0.00,200000.00),(354,'021/MSI/FR/0223',570,'2145589203GS',1.00,0.00,0.00,2665920.00),(355,'021/MSI/FR/0223',627,'NUT SS',4.00,0.00,0.00,3900.00),(356,'022/MSI/FR/0223',231,'94546016',1.00,8558559.00,8558559.00,4343040.00),(357,'039/AS-III/2023',522,'MSI-00230',12.00,960211.00,11522532.00,511500.00),(358,'023/MSI/FR/0223',44,'2343262604G',1.00,0.00,0.00,3985120.00),(359,'023/MSI/FR/0223',201,'93616414',1.00,14295045.00,14295045.00,3712800.00),(360,'023/MSI/FR/0223',569,'TANFON CTK M11',1.00,0.00,0.00,200000.00),(361,'023/MSI/FR/0223',627,'NUT SS',4.00,0.00,0.00,3900.00),(362,'023/MSI/FR/0223',643,'TEST',1.00,800000.00,800000.00,0.00),(363,'024/MSI-FR/II/23',569,'TANFON CTK M11',20.00,92793.00,1855860.00,200000.00),(364,'028/MSI/FR/0223',55,'2347278602G',1.00,0.00,0.00,6529760.00),(365,'028/MSI/FR/0223',232,'94546023',1.00,22522523.00,22522523.00,5667520.00),(366,'028/MSI/FR/0223',569,'TANFON CTK M11',1.00,0.00,0.00,200000.00),(367,'028/MSI/FR/0223',627,'NUT SS',4.00,0.00,0.00,3900.00),(368,'023/MSI-NR/II/2023',638,'JASA6',1.00,16000000.00,16000000.00,0.00),(369,'023/MSI-NR/II/2023',644,'JASA8',1.00,8500000.00,8500000.00,0.00),(370,'017/MSI-NR/II/2023',645,'JASA9',1.00,36000000.00,36000000.00,0.00),(371,'068/AS-V/2023',642,'CYLINDERICL SCREEN',14.00,11711712.00,163963968.00,3952128.00),(372,'069/AS-V/2023',522,'MSI-00230',15.00,990991.00,14864865.00,511500.00),(373,'026/MSI/FR/0223',229,'94544525',1.00,5902703.00,5902703.00,3620960.00),(374,'018/MSI-AO/II/2023',646,'POMPA FILTER',1.00,6962190.00,6962190.00,760000.00),(375,'018/MSI-AO/II/2023',647,'WINFLOW SAND FILTER ',1.00,3725088.00,3725088.00,1835400.00),(376,'018/MSI-AO/II/2023',648,'WINFLOW CARBON FILTE',1.00,4656361.00,4656361.00,1835000.00),(377,'018/MSI-AO/II/2023',649,'JASA10',1.00,4656361.00,4656361.00,0.00),(378,'021/MSI-AO/II/2023',325,'MSI-00033',1.00,35000000.00,35000000.00,0.00),(379,'019/MSI-AO/II/2023',650,'MEMBRANE RO',10.00,540000.00,5400000.00,240000.00),(380,'019/MSI-AO/II/2023',651,'CARBON',20.00,54000.00,1080000.00,36000.00),(381,'016/MSI-NR/II/2023',637,'JASA5',1.00,8500000.00,8500000.00,0.00),(382,'016/MSI-NR/II/2023',638,'JASA6',1.00,16000000.00,16000000.00,0.00),(383,'071/AS-V/2023',507,'MSI-00214',2.00,2996757.00,5993514.00,713000.00),(384,'049/AS-III/2023',533,'MSI-00241',8.00,5336036.00,42688288.00,2433500.00),(385,'052/JS-III/2023',512,'MSI-00219',6.00,4931374.00,29588244.00,1767000.00),(386,'025/MSI/FR/0323',55,'2347278602G',1.00,0.00,0.00,6529760.00),(387,'025/MSI/FR/0323',249,'95712536',1.00,22297297.00,22297297.00,3863840.00),(388,'025/MSI/FR/0323',569,'TANFON CTK M11',1.00,0.00,0.00,200000.00),(389,'025/MSI/FR/0323',627,'NUT SS',4.00,0.00,0.00,3900.00),(390,'029/MSI/FR/0323',38,'2243519204GS',1.00,0.00,0.00,3840640.00),(391,'029/MSI/FR/0323',118,'2823518110',1.00,0.00,0.00,1403040.00),(392,'029/MSI/FR/0323',239,'95711526',1.00,15945946.00,15945946.00,2255040.00),(393,'029/MSI/FR/0323',569,'TANFON CTK M11',1.00,0.00,0.00,200000.00),(394,'029/MSI/FR/0323',627,'NUT SS',4.00,0.00,0.00,3900.00),(395,'065/AS-V/2023',520,'MSI-00228',2.00,1091905.00,2183810.00,713000.00),(396,'030/MSI/FR/0323',38,'2243519204GS',1.00,0.00,0.00,3840640.00),(397,'030/MSI/FR/0323',118,'2823518110',1.00,0.00,0.00,1403040.00),(398,'030/MSI/FR/0323',247,'95712516',1.00,14864865.00,14864865.00,1932160.00),(399,'030/MSI/FR/0323',569,'TANFON CTK M11',1.00,0.00,0.00,200000.00),(400,'030/MSI/FR/0323',627,'NUT SS',4.00,0.00,0.00,3900.00),(401,'031/MSI/FR/0323',62,'2366128120',1.00,23423423.00,23423423.00,11031680.00),(402,'031/MSI/FR/0323',568,'TANFON CTK M12',1.00,0.00,0.00,200000.00),(403,'031/MSI/FR/0323',628,'NUT HEX 6\'',4.00,0.00,0.00,5700.00),(406,'072/AS-V/2023',522,'MSI-00230',12.00,1040541.00,12486492.00,511500.00),(407,'023/AS-II/2023',533,'MSI-00241',2.00,5425225.00,10850450.00,2433500.00),(408,'033/MSI/FR/0323',98,'2747284140',1.00,0.00,0.00,3579520.00),(409,'033/MSI/FR/0323',288,'9730451418',1.00,15425676.00,15425676.00,4366720.00),(410,'033/MSI/FR/0323',569,'TANFON CTK M11',1.00,0.00,0.00,200000.00),(411,'033/MSI/FR/0323',627,'NUT SS',4.00,0.00,0.00,3900.00),(412,'034/MSI/FR/0323',569,'TANFON CTK M11',20.00,116216.00,2324320.00,200000.00),(413,'051/AS-III/2023',533,'MSI-00241',30.00,6257658.00,187729740.00,2433500.00),(414,'059/JS-IV/2023',325,'MSI-00033',1.00,13600000.00,13600000.00,0.00),(415,'042/MSI/FR/0423',246,'95712511',1.00,2900000.00,2900000.00,1737280.00),(416,'041/MSI/FR/0423',98,'2747284140',1.00,0.00,0.00,3579520.00),(417,'041/MSI/FR/0423',288,'9730451418',1.00,15425676.00,15425676.00,4366720.00),(418,'041/MSI/FR/0423',569,'TANFON CTK M11',1.00,0.00,0.00,200000.00),(419,'041/MSI/FR/0423',627,'NUT SS',4.00,0.00,0.00,3900.00),(420,'038/MSI/FR/0323',56,'2347288602G',1.00,17381982.00,17381982.00,8015680.00),(421,'038/MSI/FR/0323',569,'TANFON CTK M11',1.00,0.00,0.00,200000.00),(422,'038/MSI/FR/0323',627,'NUT SS',4.00,0.00,0.00,3900.00),(423,'044/MSI/FR/0423',58,'2347658602G',1.00,15276126.00,15276126.00,6876000.00),(424,'044/MSI/FR/0423',569,'TANFON CTK M11',1.00,0.00,0.00,200000.00),(425,'044/MSI/FR/0423',627,'NUT SS',4.00,0.00,0.00,3900.00),(426,'047/MSI/FR/0423',56,'2347288602G',1.00,0.00,0.00,8015680.00),(427,'047/MSI/FR/0423',288,'9730451418',1.00,27307721.00,27307721.00,4366720.00),(428,'047/MSI/FR/0423',569,'TANFON CTK M11',1.00,0.00,0.00,200000.00),(429,'047/MSI/FR/0423',627,'NUT SS',4.00,0.00,0.00,3900.00),(430,'047/MSI/FR/0423',656,'JASA11',1.00,7207207.00,7207207.00,0.00),(431,'037/MSI/FR/0423',55,'2347278602G',1.00,0.00,0.00,6529760.00),(432,'037/MSI/FR/0423',229,'94544525',1.00,17472973.00,17472973.00,3620960.00),(433,'037/MSI/FR/0423',569,'TANFON CTK M11',1.00,0.00,0.00,200000.00),(434,'037/MSI/FR/0423',627,'NUT SS',4.00,0.00,0.00,3900.00),(435,'048/MSI/FR/0423',569,'TANFON CTK M11',3.00,116216.00,348648.00,200000.00);
/*!40000 ALTER TABLE `tbl_detail_salesinv` ENABLE KEYS */;
UNLOCK TABLES;
COMMIT;

-- Dumped table `tbl_detail_salesinv` with 224 row(s)
--

--
-- Table structure for table `tbl_detail_salesord`
--

/*!40101 SET @saved_cs_client     = @@character_set_client */;
/*!40101 SET character_set_client = utf8 */;
CREATE TABLE `tbl_detail_salesord` (
  `id_salesord` int(11) NOT NULL AUTO_INCREMENT,
  `no_so` varchar(20) NOT NULL,
  `id_barang` int(11) NOT NULL,
  `kode_barang` varchar(20) NOT NULL,
  `qty` double(10,2) NOT NULL DEFAULT 0.00,
  `harga` double(12,2) NOT NULL DEFAULT 0.00,
  `subtotal` double(14,2) NOT NULL DEFAULT 0.00,
  PRIMARY KEY (`id_salesord`)
) ENGINE=InnoDB AUTO_INCREMENT=10 DEFAULT CHARSET=utf8mb4 COLLATE=utf8mb4_general_ci;
/*!40101 SET character_set_client = @saved_cs_client */;

--
-- Dumping data for table `tbl_detail_salesord`
--

LOCK TABLES `tbl_detail_salesord` WRITE;
/*!40000 ALTER TABLE `tbl_detail_salesord` DISABLE KEYS */;
SET autocommit=0;
INSERT INTO `tbl_detail_salesord` VALUES (9,'075/JS-V/2023',527,'MSI-00235',20.00,4149550.00,82991000.00);
/*!40000 ALTER TABLE `tbl_detail_salesord` ENABLE KEYS */;
UNLOCK TABLES;
COMMIT;

-- Dumped table `tbl_detail_salesord` with 1 row(s)
--

--
-- Table structure for table `tbl_detail_salesrtn`
--

/*!40101 SET @saved_cs_client     = @@character_set_client */;
/*!40101 SET character_set_client = utf8 */;
CREATE TABLE `tbl_detail_salesrtn` (
  `id_salesrtn` int(11) NOT NULL AUTO_INCREMENT,
  `no_retur` varchar(20) NOT NULL,
  `id_barang` int(11) NOT NULL,
  `kode_barang` varchar(20) NOT NULL,
  `qty` float(10,2) NOT NULL DEFAULT 0.00,
  `harga` float(12,0) NOT NULL DEFAULT 0,
  `subtotal` float(12,0) NOT NULL DEFAULT 0,
  PRIMARY KEY (`id_salesrtn`)
) ENGINE=InnoDB DEFAULT CHARSET=utf8mb4 COLLATE=utf8mb4_general_ci;
/*!40101 SET character_set_client = @saved_cs_client */;

--
-- Dumping data for table `tbl_detail_salesrtn`
--

LOCK TABLES `tbl_detail_salesrtn` WRITE;
/*!40000 ALTER TABLE `tbl_detail_salesrtn` DISABLE KEYS */;
SET autocommit=0;
/*!40000 ALTER TABLE `tbl_detail_salesrtn` ENABLE KEYS */;
UNLOCK TABLES;
COMMIT;

-- Dumped table `tbl_detail_salesrtn` with 0 row(s)
--

--
-- Table structure for table `tbl_detail_stockin`
--

/*!40101 SET @saved_cs_client     = @@character_set_client */;
/*!40101 SET character_set_client = utf8 */;
CREATE TABLE `tbl_detail_stockin` (
  `id_stockin` int(11) NOT NULL AUTO_INCREMENT,
  `no_bukti` varchar(20) NOT NULL,
  `id_barang` int(11) NOT NULL,
  `kode_barang` varchar(20) NOT NULL,
  `qty` double(12,2) NOT NULL DEFAULT 0.00,
  PRIMARY KEY (`id_stockin`)
) ENGINE=InnoDB AUTO_INCREMENT=1637 DEFAULT CHARSET=utf8mb4 COLLATE=utf8mb4_general_ci;
/*!40101 SET character_set_client = @saved_cs_client */;

--
-- Dumping data for table `tbl_detail_stockin`
--

LOCK TABLES `tbl_detail_stockin` WRITE;
/*!40000 ALTER TABLE `tbl_detail_stockin` DISABLE KEYS */;
SET autocommit=0;
INSERT INTO `tbl_detail_stockin` VALUES (7,'0002-IN-2023',521,'MSI-00229',2.00),(8,'0002-IN-2023',522,'MSI-00230',14.00),(9,'0002-IN-2023',520,'MSI-00228',49.00),(10,'0002-IN-2023',519,'MSI-00227',5.00),(11,'0002-IN-2023',529,'MSI-00237',19.00),(12,'0002-IN-2023',530,'MSI-00238',33.00),(13,'0002-IN-2023',531,'MSI-00239',49.00),(14,'0002-IN-2023',532,'MSI-00240',46.00),(15,'0002-IN-2023',533,'MSI-00241',80.00),(56,'0003-IN-2023',537,'MSI-00245',3.00),(57,'0003-IN-2023',504,'MSI-00211',9.00),(58,'0003-IN-2023',505,'MSI-00212',92.00),(59,'0003-IN-2023',506,'MSI-00213',236.00),(60,'0003-IN-2023',507,'MSI-00214',184.00),(61,'0003-IN-2023',508,'MSI-00215',69.00),(62,'0003-IN-2023',534,'MSI-00242',6.00),(63,'0003-IN-2023',535,'MSI-00243',7.00),(64,'0003-IN-2023',536,'MSI-00244',5.00),(65,'0003-IN-2023',509,'MSI-00216',20.00),(66,'0003-IN-2023',510,'MSI-00217',2.00),(67,'0003-IN-2023',511,'MSI-00218',7.00),(68,'0003-IN-2023',512,'MSI-00219',51.00),(69,'0003-IN-2023',513,'MSI-00220',28.00),(70,'0003-IN-2023',514,'MSI-00221',11.00),(71,'0003-IN-2023',527,'MSI-00235',23.00),(72,'0003-IN-2023',551,'MSI-00259',1.00),(73,'0003-IN-2023',560,'40/MSI/ZLS/11/2022',2.00),(74,'0004-IN-2023',232,'94546023',9.00),(75,'0004-IN-2023',231,'94546016',3.00),(76,'0004-IN-2023',228,'94544516',15.00),(77,'0004-IN-2023',562,'2366118120',2.00),(78,'0004-IN-2023',252,'96140005105',2.00),(79,'0004-IN-2023',251,'96140003105',4.00),(80,'0004-IN-2023',254,'96140015103',2.00),(81,'0004-IN-2023',255,'96140015304',2.00),(82,'0004-IN-2023',256,'96140020304',2.00),(83,'0004-IN-2023',257,'96140020305',2.00),(165,'0009-IN-2023',201,'93616414',11.00),(166,'0009-IN-2023',229,'94544525',20.00),(167,'0009-IN-2023',118,'2823518110',9.00),(168,'0009-IN-2023',38,'2243519204GS',20.00),(169,'0009-IN-2023',246,'95712511',5.00),(170,'0009-IN-2023',239,'95711526',4.00),(171,'0009-IN-2023',102,'2758481040',30.00),(172,'0009-IN-2023',105,'2758521140',15.00),(173,'0009-IN-2023',566,'SDP001',4.00),(174,'0009-IN-2023',132,'4TGJ12/3',2.00),(202,'0010-IN-2023',131,'4TGJ10/4',2.00),(203,'0010-IN-2023',135,'4TGJ6/5',4.00),(204,'0010-IN-2023',134,'4TGJ3/5',2.00),(205,'0010-IN-2023',133,'4TGJ3/3',2.00),(206,'0010-IN-2023',103,'2758501040',30.00),(207,'0010-IN-2023',106,'2758544040',5.00),(208,'0010-IN-2023',104,'2758511040',28.00),(209,'0010-IN-2023',42,'2343259404GS',12.00),(210,'0010-IN-2023',567,'RESIN ONLY',77.00),(211,'0010-IN-2023',568,'TANFON CTK M12',207.00),(234,'0011-IN-2023',185,'91489505-53',1.00),(235,'0011-IN-2023',40,'2243538602G',6.00),(236,'0011-IN-2023',570,'2145589203GS',7.00),(237,'0011-IN-2023',571,'SOLAR INVERTER 3.7KW',5.00),(238,'0011-IN-2023',572,'SOLAR INVERTER 2.2KW',2.00),(239,'0011-IN-2023',573,'SDC K4-8S/2200S',2.00),(240,'0011-IN-2023',574,'SDC K4-1.9S/210S',2.00),(241,'0011-IN-2023',575,'SDC K4-3.5S/300S',2.00),(242,'0011-IN-2023',108,'2776110300',3.00),(243,'0011-IN-2023',219,'93616911',2.00),(262,'0012-IN-2023',576,'059AS000C501',5.00),(263,'0012-IN-2023',60,'2366108120',2.00),(264,'0012-IN-2023',204,'93616606',1.00),(265,'0012-IN-2023',197,'93616310',5.00),(266,'0012-IN-2023',10,'118081014310007',1.00),(267,'0012-IN-2023',154,'5838115310C',1.00),(268,'0012-IN-2023',156,'5838130600C',1.00),(269,'0012-IN-2023',155,'5838122450C',1.00),(270,'0012-IN-2023',577,'97180097012',1.00),(271,'0012-IN-2023',151,'5838104088C',4.00),(295,'0013-IN-2023',270,'97160030018',2.00),(296,'0013-IN-2023',109,'2777120100',3.00),(297,'0013-IN-2023',100,'2758461040',13.00),(298,'0013-IN-2023',5,'058AM000C501',15.00),(299,'0013-IN-2023',4,'058AL000C501',11.00),(300,'0013-IN-2023',2,'058AG000C501',14.00),(301,'0013-IN-2023',1,'058AF000C501',15.00),(302,'0013-IN-2023',153,'5838111250',1.00),(303,'0013-IN-2023',152,'5838107165',2.00),(304,'0013-IN-2023',122,'2885103511',1.00),(353,'0014-IN-2023',121,'2885093511',1.00),(354,'0014-IN-2023',120,'2885053511',1.00),(355,'0014-IN-2023',173,'90032520',1.00),(356,'0014-IN-2023',578,'SDC K4-6.7S/1000S',2.00),(357,'0014-IN-2023',579,'SDC K4-4S/500S',4.00),(358,'0014-IN-2023',581,'SOLAR INVERTER 7.5KW',2.00),(359,'0014-IN-2023',582,'SOLAR INVERTER 5.5KW',4.00),(360,'0014-IN-2023',583,'SOLAR INVERTER 3KW',2.00),(361,'0014-IN-2023',584,'SOLAR INVERTER 1.5KW',2.00),(362,'0014-IN-2023',585,'SOLAR INVERTER 1.1KW',1.00),(377,'0016-IN-2023',586,'ISOLASI 3M 33+ ',7.00),(378,'0016-IN-2023',587,'ISOLASI 3M 23',8.00),(379,'0016-IN-2023',44,'2343262604G',14.00),(380,'0016-IN-2023',101,'2758471040',2.00),(381,'0016-IN-2023',150,'5838103073',7.00),(382,'0016-IN-2023',588,'ELECTRODA MASSA',3.00),(383,'0016-IN-2023',589,'FLEKSIBLE KABEL ',1.00),(384,'0016-IN-2023',590,'JUNCTION BOX ( KECIL',4.00),(385,'0016-IN-2023',591,'FLOW SWITCH',6.00),(386,'0016-IN-2023',592,'SARINGAN FOOT VALVE',2.00),(401,'0017-IN-2023',593,'FOOT VALVE',1.00),(402,'0017-IN-2023',594,'SOCK GALVANIS ',5.00),(403,'0017-IN-2023',595,'DOUBLE NEPEL GALVANI',4.00),(404,'0017-IN-2023',596,'WATERMOOR GALVANIS',3.00),(405,'0017-IN-2023',597,'CHECK VALVE ',1.00),(406,'0017-IN-2023',598,'CHECK VALVE 3\'',5.00),(407,'0017-IN-2023',159,'5870301223',1.00),(408,'0017-IN-2023',32,'152735911 C-NUT',1.00),(409,'0017-IN-2023',183,'91483004A2-53',1.00),(410,'0017-IN-2023',599,'PANEL 7.5-10',2.00),(1111,'0019-IN-2023',615,'WWDS 34MM',16.00),(1112,'0019-IN-2023',616,'WWDS 60MM',2.00),(1113,'0019-IN-2023',617,'WWDS 168MM',4.00),(1114,'0019-IN-2023',618,'DSM SCREEN',1.00),(1115,'0019-IN-2023',619,'WWDS 33MM',4.00),(1116,'0019-IN-2023',620,'WWDS1 33MM',4.00),(1117,'0019-IN-2023',621,'WWDS2 33MM',2.00),(1118,'0020-IN-2023',622,'WWS',1.00),(1119,'0021-IN-2023',623,'4561',12.00),(1120,'0022-IN-2023',624,'INVERTER 1,5 KW',5.00),(1121,'0022-IN-2023',626,'INVERTER 4KW			',1.00),(1122,'0022-IN-2023',625,'INVERTER 11 KW',1.00),(1244,'0023-IN-2023',62,'2366128120',1.00),(1308,'0025-IN-2023',249,'95712536',1.00),(1442,'0008-IN-2023',117,'2823508110',6.00),(1443,'0008-IN-2023',116,'2822539010',6.00),(1444,'0008-IN-2023',64,'2366148120',1.00),(1445,'0008-IN-2023',63,'2366138120',3.00),(1446,'0008-IN-2023',57,'2347298602G',1.00),(1447,'0008-IN-2023',564,'G08583400',3.00),(1448,'0008-IN-2023',565,'G4C15M235',3.00),(1449,'0008-IN-2023',292,'A4GGS07RD',2.00),(1450,'0008-IN-2023',227,'94544510',1.00),(1451,'0026-IN-2023',563,'2367118120',1.00),(1464,'0028-IN-2023',569,'TANFON CTK M11',1.00),(1465,'0028-IN-2023',627,'NUT SS',4.00),(1466,'0029-IN-2023',633,'MSI-00222',8.00),(1468,'0030-IN-2023',634,'ELEKTRO MOTOR',1.00),(1469,'0030-IN-2023',640,'CATRIDGE 20\'-5 MICRO',10.00),(1471,'0032-IN-2023',642,'CYLINDERICL SCREEN',14.00),(1472,'0006-IN-2023',164,'616301002010077',4.00),(1473,'0006-IN-2023',163,'616241101010077',1.00),(1474,'0006-IN-2023',162,'616240701010077',1.00),(1475,'0006-IN-2023',288,'9730451418',5.00),(1476,'0006-IN-2023',287,'9730451413',4.00),(1477,'0006-IN-2023',284,'9730450517',3.00),(1478,'0006-IN-2023',285,'9730450814',3.00),(1479,'0006-IN-2023',286,'9730450824',3.00),(1480,'0033-IN-2023',230,'94544531',1.00),(1481,'0034-IN-2023',230,'94544531',1.00),(1482,'0005-IN-2023',55,'2347278602G',34.00),(1483,'0005-IN-2023',3,'058AH000C501',5.00),(1484,'0005-IN-2023',6,'058AP000C501',6.00),(1485,'0005-IN-2023',290,'9730650363110',1.00),(1486,'0005-IN-2023',313,'MSI-00021',20.00),(1487,'0005-IN-2023',56,'2347288602G',23.00),(1488,'0005-IN-2023',98,'2747284140',2.00),(1489,'0005-IN-2023',58,'2347658602G',10.00),(1490,'0005-IN-2023',115,'2803584127',2.00),(1491,'0027-IN-2023',569,'TANFON CTK M11',1.00),(1554,'0007-IN-2023',233,'94549021',6.00),(1555,'0007-IN-2023',247,'95712516',11.00),(1556,'0007-IN-2023',245,'95712506',1.00),(1557,'0007-IN-2023',237,'95711516',2.00),(1558,'0007-IN-2023',238,'95711521',5.00),(1559,'0007-IN-2023',212,'93616626',6.00),(1560,'0007-IN-2023',200,'93616334',1.00),(1561,'0007-IN-2023',224,'94543512',25.00),(1562,'0007-IN-2023',226,'94543529',7.00),(1563,'0007-IN-2023',225,'94543520',20.00),(1564,'0035-IN-2023',62,'2366128120',1.00),(1565,'0018-IN-2023',161,'616090801010051',2.00),(1566,'0018-IN-2023',265,'97160025004',4.00),(1567,'0018-IN-2023',167,'77091111',1.00),(1568,'0018-IN-2023',182,'91471509-53',3.00),(1569,'0018-IN-2023',181,'91471507-53',5.00),(1570,'0018-IN-2023',180,'91471506-53',5.00),(1571,'0018-IN-2023',179,'91471504-53',3.00),(1572,'0018-IN-2023',194,'91581012-53',1.00),(1573,'0018-IN-2023',600,'91581008-53',3.00),(1574,'0018-IN-2023',192,'91581005-53',1.00),(1575,'0018-IN-2023',191,'91580614-53',1.00),(1576,'0018-IN-2023',190,'91580611-53',5.00),(1577,'0018-IN-2023',189,'91580609-53',1.00),(1578,'0018-IN-2023',188,'91580606-53',1.00),(1579,'0018-IN-2023',187,'91580313-53',4.00),(1580,'0018-IN-2023',186,'91580309-53',2.00),(1581,'0018-IN-2023',601,'NUT6',132.00),(1582,'0018-IN-2023',128,'305974915',3.00),(1583,'0018-IN-2023',31,'14222012',2.00),(1584,'0018-IN-2023',125,'30540611400',5.00),(1585,'0018-IN-2023',602,'305707906',1.00),(1586,'0018-IN-2023',66,'2367129020',3.00),(1587,'0018-IN-2023',223,'93806015',1.00),(1588,'0018-IN-2023',113,'2803572115',21.00),(1589,'0018-IN-2023',603,'305473001',4.00),(1590,'0018-IN-2023',244,'95712036',2.00),(1591,'0018-IN-2023',242,'95711541',3.00),(1592,'0018-IN-2023',241,'95711536',3.00),(1593,'0018-IN-2023',604,'95712011',3.00),(1594,'0018-IN-2023',51,'2345249403S',28.00),(1595,'0018-IN-2023',35,'2145579204S',12.00),(1596,'0018-IN-2023',39,'2243522604G',24.00),(1597,'0018-IN-2023',248,'95712521',148.00),(1598,'0018-IN-2023',258,'97160014013',4.00),(1599,'0018-IN-2023',259,'97160014017',2.00),(1600,'0018-IN-2023',261,'97160019006',1.00),(1601,'0018-IN-2023',263,'97160019012',2.00),(1602,'0018-IN-2023',267,'97160030004',2.00),(1603,'0018-IN-2023',178,'90401102',1.00),(1604,'0018-IN-2023',172,'90031520',1.00),(1605,'0018-IN-2023',605,'90032530',1.00),(1606,'0018-IN-2023',177,'90034530',2.00),(1607,'0018-IN-2023',33,'152735911 J-NUT',12.00),(1608,'0018-IN-2023',147,'5800020601',1.00),(1609,'0018-IN-2023',148,'5800060502',1.00),(1610,'0018-IN-2023',157,'5850011100',2.00),(1611,'0018-IN-2023',158,'5860005100',7.00),(1612,'0018-IN-2023',112,'2803570115',1.00),(1613,'0018-IN-2023',119,'2823528110',26.00),(1614,'0018-IN-2023',607,'NASIONAL GP 189',1.00),(1615,'0018-IN-2023',608,'NASIONAL JMC 2',2.00),(1616,'0018-IN-2023',609,'NASIONAL JMC 5',2.00),(1617,'0018-IN-2023',610,'NUT 4',2347.00),(1618,'0018-IN-2023',611,'RING SS',15.00),(1619,'0018-IN-2023',612,'CB H521',1.00),(1620,'0018-IN-2023',613,'CBM531 0.75',4.00),(1621,'0018-IN-2023',614,'CBM531 5.5',2.00),(1622,'0018-IN-2023',291,'9730650603110',2.00),(1623,'0018-IN-2023',59,'2348068602G',1.00),(1624,'0018-IN-2023',627,'NUT SS',100.00),(1625,'0018-IN-2023',628,'NUT HEX 6\'',20.00),(1626,'0018-IN-2023',569,'TANFON CTK M11',700.00),(1627,'0036-IN-2023',646,'POMPA FILTER',2.00),(1631,'0037-IN-2023',647,'WINFLOW SAND FILTER ',1.00),(1632,'0037-IN-2023',648,'WINFLOW CARBON FILTE',1.00),(1633,'0037-IN-2023',650,'MEMBRANE RO',10.00),(1634,'0037-IN-2023',651,'CARBON',20.00),(1635,'0038-IN-2023',249,'95712536',1.00),(1636,'0039-IN-2023',62,'2366128120',1.00);
/*!40000 ALTER TABLE `tbl_detail_stockin` ENABLE KEYS */;
UNLOCK TABLES;
COMMIT;

-- Dumped table `tbl_detail_stockin` with 247 row(s)
--

--
-- Table structure for table `tbl_detail_suratjln`
--

/*!40101 SET @saved_cs_client     = @@character_set_client */;
/*!40101 SET character_set_client = utf8 */;
CREATE TABLE `tbl_detail_suratjln` (
  `id_suratjln` int(11) NOT NULL AUTO_INCREMENT,
  `no_suratjln` varchar(20) NOT NULL,
  `id_barang` int(11) NOT NULL,
  `kode_barang` varchar(20) NOT NULL,
  `qty` double(10,2) NOT NULL DEFAULT 0.00,
  `harga` double(12,2) NOT NULL DEFAULT 0.00,
  `subtotal` double(14,2) NOT NULL DEFAULT 0.00,
  `catatan` varchar(50) NOT NULL,
  PRIMARY KEY (`id_suratjln`)
) ENGINE=InnoDB AUTO_INCREMENT=301 DEFAULT CHARSET=utf8mb4 COLLATE=utf8mb4_general_ci;
/*!40101 SET character_set_client = @saved_cs_client */;

--
-- Dumping data for table `tbl_detail_suratjln`
--

LOCK TABLES `tbl_detail_suratjln` WRITE;
/*!40000 ALTER TABLE `tbl_detail_suratjln` DISABLE KEYS */;
SET autocommit=0;
INSERT INTO `tbl_detail_suratjln` VALUES (15,'001/AS-I/2023',520,'MSI-00228',4.00,0.00,0.00,'As Screen Low Carbon 6\" Slot 40'),(16,'002/JS-I/2023',560,'40/MSI/ZLS/11/2022',2.00,0.00,0.00,'FP-D-M-Wedge Wire Screen100'),(17,'004/AS-I/2023',520,'MSI-00228',10.00,0.00,0.00,'AS Screen Low Carbon 6\' Slot 40'),(18,'005/AS-I/2023',522,'MSI-00230',5.00,0.00,0.00,'AS Screen Low Carbon 4\' Slot 40 (1mm)'),(19,'006/JS-I/2023',511,'MSI-00218',3.00,0.00,0.00,''),(20,'006/JS-I/2023',532,'MSI-00240',2.00,0.00,0.00,''),(21,'007/JS-I/2023',511,'MSI-00218',4.00,0.00,0.00,''),(22,'007/JS-I/2023',509,'MSI-00216',1.00,0.00,0.00,''),(23,'008/AS-I/2023',530,'MSI-00238',1.00,0.00,0.00,''),(24,'008/AS-I/2023',531,'MSI-00239',1.00,0.00,0.00,''),(25,'009/AS-I-2023',520,'MSI-00228',3.00,0.00,0.00,''),(26,'009/AS-I-2023',522,'MSI-00230',3.00,0.00,0.00,''),(27,'012/AS-I/2023',532,'MSI-00240',10.00,0.00,0.00,''),(28,'013/AS-I/2023',522,'MSI-00230',3.00,0.00,0.00,''),(31,'003/JS-I/2023',325,'MSI-00033',1.00,0.00,0.00,'DOWN PAYMENT 50%'),(32,'016/AS-I/2023',519,'MSI-00227',5.00,0.00,0.00,''),(33,'016/AS-I/2023',520,'MSI-00228',1.00,0.00,0.00,''),(35,'010/JS-II/2023',507,'MSI-00214',2.00,0.00,0.00,''),(36,'010/JS-II/2023',505,'MSI-00212',3.00,0.00,0.00,''),(37,'014/AS-I/2023',532,'MSI-00240',1.00,0.00,0.00,''),(38,'015/AS-I/2023',520,'MSI-00228',6.00,0.00,0.00,''),(39,'018/JS-II/2023',512,'MSI-00219',14.00,0.00,0.00,''),(40,'018/JS-II/2023',514,'MSI-00221',2.00,0.00,0.00,''),(41,'019/AS-II/2023',520,'MSI-00228',18.00,0.00,0.00,''),(46,'022/AS-II/2023',521,'MSI-00229',2.00,0.00,0.00,''),(47,'022/AS-II/2023',520,'MSI-00228',7.00,0.00,0.00,''),(54,'020/AS-II/2023',519,'MSI-00227',26.00,0.00,0.00,''),(55,'029/JS-III/2023',514,'MSI-00221',1.00,0.00,0.00,'Johnson Screen'),(56,'031/AS-III/2023',522,'MSI-00230',4.00,0.00,0.00,''),(59,'024/AS-II/2023',522,'MSI-00230',10.00,0.00,0.00,'As Screen'),(60,'021/AS-II/2023',533,'MSI-00241',10.00,0.00,0.00,'AS SCREEN'),(61,'017/JS-II/2023',626,'INVERTER 4KW			',1.00,0.00,0.00,'Inverter Tanfon'),(65,'001/MSI/SJ/0123',201,'93616414',1.00,0.00,0.00,''),(66,'001/MSI/SJ/0123',44,'2343262604G',1.00,0.00,0.00,''),(67,'001/MSI/SJ/0123',569,'TANFON CTK M11',1.00,0.00,0.00,''),(68,'001/MSI/SJ/0123',627,'NUT SS',4.00,0.00,0.00,''),(69,'002/MSI/SJ/0123',290,'9730650363110',1.00,0.00,0.00,''),(70,'002/MSI/SJ/0123',63,'2366138120',1.00,0.00,0.00,''),(71,'002/MSI/SJ/0123',568,'TANFON CTK M12',1.00,0.00,0.00,''),(72,'002/MSI/SJ/0123',628,'NUT HEX 6\'',4.00,0.00,0.00,''),(74,'004',568,'TANFON CTK M12',2.00,0.00,0.00,''),(75,'005/MSI/SJ/0123',44,'2343262604G',2.00,0.00,0.00,''),(76,'005/MSI/SJ/0123',569,'TANFON CTK M11',2.00,0.00,0.00,''),(77,'005/MSI/SJ/0123',627,'NUT SS',8.00,0.00,0.00,''),(78,'006/MSI/SJ/0123',248,'95712521',1.00,0.00,0.00,''),(79,'006/MSI/SJ/0123',44,'2343262604G',1.00,0.00,0.00,''),(80,'006/MSI/SJ/0123',569,'TANFON CTK M11',1.00,0.00,0.00,''),(81,'006/MSI/SJ/0123',627,'NUT SS',4.00,0.00,0.00,''),(82,'023/AS-II/2023',533,'MSI-00241',2.00,0.00,0.00,''),(83,'025/AS-II/2023',520,'MSI-00228',5.00,0.00,0.00,'AS Screen'),(84,'034/JS-III/2023',510,'MSI-00217',2.00,0.00,0.00,''),(85,'007/MSI/SJ/0123',164,'616301002010077',1.00,0.00,0.00,''),(86,'007/MSI/SJ/0123',62,'2366128120',1.00,0.00,0.00,''),(87,'007/MSI/SJ/0123',568,'TANFON CTK M12',1.00,0.00,0.00,''),(88,'007/MSI/SJ/0123',628,'NUT HEX 6\'',4.00,0.00,0.00,''),(90,'008',567,'RESIN ONLY',1.00,0.00,0.00,''),(91,'008',568,'TANFON CTK M12',1.00,0.00,0.00,''),(92,'009/MSI/SJ/0123',230,'94544531',1.00,0.00,0.00,''),(93,'009/MSI/SJ/0123',56,'2347288602G',1.00,0.00,0.00,''),(94,'009/MSI/SJ/0123',569,'TANFON CTK M11',1.00,0.00,0.00,''),(95,'009/MSI/SJ/0123',627,'NUT SS',4.00,0.00,0.00,''),(96,'010/MSI/SJ/0123',249,'95712536',1.00,0.00,0.00,''),(97,'010/MSI/SJ/0123',55,'2347278602G',1.00,0.00,0.00,''),(98,'010/MSI/SJ/0123',569,'TANFON CTK M11',1.00,0.00,0.00,''),(99,'010/MSI/SJ/0123',627,'NUT SS',4.00,0.00,0.00,''),(100,'012',569,'TANFON CTK M11',1.00,0.00,0.00,''),(107,'037/JS-III/2023',325,'MSI-00033',1.00,0.00,0.00,'Johnson Screen Low Carbon 6\" Slot 40'),(110,'036/AS-III/2023',522,'MSI-00230',11.00,0.00,0.00,''),(111,'036/AS-III/2023',520,'MSI-00228',7.00,0.00,0.00,''),(112,'038/JS-III/2023',512,'MSI-00219',3.00,0.00,0.00,''),(113,'039/AS-III/2023',522,'MSI-00230',12.00,0.00,0.00,''),(114,'040/AS-III/2023',520,'MSI-00228',14.00,0.00,0.00,''),(115,'041/JS-III/2023',507,'MSI-00214',6.00,0.00,0.00,''),(116,'042/JS-III/2023',527,'MSI-00235',1.00,0.00,0.00,''),(117,'042/JS-III/2023',514,'MSI-00221',2.00,0.00,0.00,''),(122,'004/MSI/AO/I/2023',325,'MSI-00033',1.00,0.00,0.00,'DP 40% Pekerjaan Winflow Biofilter Septic Tank'),(123,'003/MSI/AO/I/2023',325,'MSI-00033',1.00,0.00,0.00,'DP 40% Pekerjaan IPAL & Recycle STP'),(124,'043/JS-III/2023',519,'MSI-00227',8.00,0.00,0.00,''),(125,'044/AS-III/2023',522,'MSI-00230',6.00,0.00,0.00,''),(126,'047/AS-III/2023',533,'MSI-00241',2.00,0.00,0.00,''),(127,'048/JS-III/2023',509,'MSI-00216',2.00,0.00,0.00,''),(128,'046/AS-III/2023',533,'MSI-00241',25.00,0.00,0.00,''),(131,'030/JS-III/2023',618,'DSM SCREEN',1.00,0.00,0.00,''),(132,'008/MSI/AO/II/2023',325,'MSI-00033',1.00,0.00,0.00,''),(133,'049/AS-III/2023',533,'MSI-00241',8.00,0.00,0.00,''),(134,'050/AS-III/2023',519,'MSI-00227',30.00,0.00,0.00,''),(135,'051/AS-III/2023',533,'MSI-00241',30.00,0.00,0.00,''),(136,'052/JS-III/2023',512,'MSI-00219',6.00,0.00,0.00,''),(139,'011/SO/FR/I/23',258,'97160014013',1.00,0.00,0.00,''),(140,'011/SO/FR/I/23',563,'2367118120',1.00,0.00,0.00,''),(141,'011/SO/FR/I/23',568,'TANFON CTK M12',2.00,0.00,0.00,''),(142,'011/SO/FR/I/23',628,'NUT HEX 6\'',4.00,0.00,0.00,''),(143,'INV/20230131/MPL/301',569,'TANFON CTK M11',2.00,0.00,0.00,''),(148,'053/JS-IV/2023',513,'MSI-00220',7.00,0.00,0.00,''),(149,'053/JS-IV/2023',533,'MSI-00241',3.00,0.00,0.00,''),(150,'172/MSI/FR/1222',56,'2347288602G',1.00,0.00,0.00,''),(151,'172/MSI/FR/1222',569,'TANFON CTK M11',1.00,0.00,0.00,''),(152,'172/MSI/FR/1222',627,'NUT SS',4.00,0.00,0.00,''),(156,'013',568,'TANFON CTK M12',20.00,0.00,0.00,''),(157,'014/MSI-FR/I/23',569,'TANFON CTK M11',2.00,0.00,0.00,''),(158,'015',568,'TANFON CTK M12',1.00,0.00,0.00,''),(159,'017',569,'TANFON CTK M11',5.00,0.00,0.00,''),(160,'003/MSI-FR/I/23',567,'RESIN ONLY',3.00,0.00,0.00,''),(161,'054/AS-IV/2023',520,'MSI-00228',9.00,0.00,0.00,''),(162,'055/JS-IV/2023',513,'MSI-00220',15.00,0.00,0.00,''),(163,'032/JS-VI/2023',633,'MSI-00222',8.00,0.00,0.00,''),(164,'056/AS-IV/2023',531,'MSI-00239',5.00,0.00,0.00,''),(165,'057/AS-IV/2023',532,'MSI-00240',12.00,0.00,0.00,''),(166,'058/AS-IV/2023',520,'MSI-00228',6.00,0.00,0.00,''),(171,'028/JS-III/2023',619,'WWDS 33MM',4.00,0.00,0.00,''),(172,'028/JS-III/2023',620,'WWDS1 33MM',4.00,0.00,0.00,''),(173,'028/JS-III/2023',621,'WWDS2 33MM',2.00,0.00,0.00,''),(174,'026/JS-III/2022',622,'WWS',1.00,0.00,0.00,'Johnson'),(175,'011/JS-I/2023',325,'MSI-00033',1.00,0.00,0.00,'DOWN PAYMENT 50%'),(176,'027/JS-III/2022',615,'WWDS 34MM',16.00,0.00,0.00,''),(177,'027/JS-III/2022',616,'WWDS 60MM',2.00,0.00,0.00,''),(178,'027/JS-III/2022',617,'WWDS 168MM',4.00,0.00,0.00,''),(180,'033/JS-III/2023',325,'MSI-00033',1.00,0.00,0.00,''),(181,'035/JS-III/2023',325,'MSI-00033',1.00,0.00,0.00,''),(182,'002/MSI-NR/I/2023',634,'ELEKTRO MOTOR',1.00,0.00,0.00,''),(183,'007/MSI-AO/I/2023',325,'MSI-00033',1.00,0.00,0.00,'Down Payment 50% atas pekerjaan Water Treatment Sy'),(184,'012/MSI-AO/I/2023',635,'JASA3',1.00,0.00,0.00,''),(185,'011/MSI-AO/I/2023',636,'JASA4',1.00,0.00,0.00,''),(188,'010/MSI-NR/I/2023',639,'JASA7',1.00,0.00,0.00,''),(189,'010/MSI-NR/I/2023',638,'JASA6',1.00,0.00,0.00,''),(190,'009/MSI-AO/I/2023',630,'JASA1',1.00,0.00,0.00,''),(191,'009/MSI-AO/I/2023',631,'JASA2',1.00,0.00,0.00,''),(192,'005/MSI-AO/I/2023',640,'CATRIDGE 20\'-5 MICRO',10.00,0.00,0.00,''),(193,'060/AS-IV/2023',532,'MSI-00240',21.00,0.00,0.00,''),(194,'062/JS-V/2023',527,'MSI-00235',2.00,0.00,0.00,''),(195,'062/JS-V/2023',514,'MSI-00221',3.00,0.00,0.00,''),(196,'063/AS-V/2023',522,'MSI-00230',7.00,0.00,0.00,'AS Screen'),(197,'064/AS-V/2023',530,'MSI-00238',4.00,0.00,0.00,''),(198,'016/MSI/SJ/0223',230,'94544531',1.00,0.00,0.00,''),(199,'016/MSI/SJ/0223',56,'2347288602G',1.00,0.00,0.00,''),(200,'016/MSI/SJ/0223',569,'TANFON CTK M11',1.00,0.00,0.00,''),(201,'016/MSI/SJ/0223',627,'NUT SS',4.00,0.00,0.00,''),(202,'066/AS-V/2023',512,'MSI-00219',22.00,0.00,0.00,''),(203,'067/JS-V/2023',513,'MSI-00220',2.00,0.00,0.00,''),(204,'018/MSI/SJ/0223',569,'TANFON CTK M11',1.00,0.00,0.00,''),(205,'019/MSI/SJ/0223',164,'616301002010077',1.00,0.00,0.00,''),(206,'019/MSI/SJ/0223',62,'2366128120',1.00,0.00,0.00,''),(207,'019/MSI/SJ/0223',568,'TANFON CTK M12',1.00,0.00,0.00,''),(208,'019/MSI/SJ/0223',628,'NUT HEX 6\'',4.00,0.00,0.00,''),(211,'020/MSI/SJ/0223',569,'TANFON CTK M11',1.00,0.00,0.00,''),(212,'020/MSI/SJ/0223',567,'RESIN ONLY',2.00,0.00,0.00,''),(213,'021/MSI/SJ/0223',237,'95711516',1.00,0.00,0.00,''),(214,'021/MSI/SJ/0223',570,'2145589203GS',1.00,0.00,0.00,''),(215,'021/MSI/SJ/0223',115,'2803584127',1.00,0.00,0.00,''),(216,'021/MSI/SJ/0223',569,'TANFON CTK M11',1.00,0.00,0.00,''),(217,'021/MSI/SJ/0223',627,'NUT SS',4.00,0.00,0.00,''),(218,'022/MSI/SJ/0223',231,'94546016',1.00,0.00,0.00,''),(223,'068/AS-V/2023',642,'CYLINDERICL SCREEN',14.00,0.00,0.00,''),(224,'023/MSI/SJ/0223',201,'93616414',1.00,0.00,0.00,''),(225,'023/MSI/SJ/0223',44,'2343262604G',1.00,0.00,0.00,''),(226,'023/MSI/SJ/0223',569,'TANFON CTK M11',1.00,0.00,0.00,''),(227,'023/MSI/SJ/0223',627,'NUT SS',4.00,0.00,0.00,''),(228,'023/MSI/SJ/0223',643,'TEST',1.00,0.00,0.00,''),(229,'024/MSI/SJ/0223',569,'TANFON CTK M11',20.00,0.00,0.00,''),(230,'028/MSI/SJ/0223',232,'94546023',1.00,0.00,0.00,''),(231,'028/MSI/SJ/0223',55,'2347278602G',1.00,0.00,0.00,''),(232,'028/MSI/SJ/0223',569,'TANFON CTK M11',1.00,0.00,0.00,''),(233,'028/MSI/SJ/0223',627,'NUT SS',4.00,0.00,0.00,''),(234,'023/MSI-NR/II/2023',644,'JASA8',1.00,0.00,0.00,''),(235,'023/MSI-NR/II/2023',638,'JASA6',1.00,0.00,0.00,''),(236,'017/MSI-NR/II/2023',645,'JASA9',1.00,0.00,0.00,''),(237,'069/AS-V/2023',522,'MSI-00230',15.00,0.00,0.00,''),(238,'026/MSI/SJ/0223',229,'94544525',1.00,0.00,0.00,''),(239,'01930',646,'POMPA FILTER',1.00,0.00,0.00,''),(240,'01930',647,'WINFLOW SAND FILTER ',1.00,0.00,0.00,''),(241,'01930',648,'WINFLOW CARBON FILTE',1.00,0.00,0.00,''),(242,'01930',649,'JASA10',1.00,0.00,0.00,''),(243,'021/MSI-AO/II/2023',325,'MSI-00033',1.00,0.00,0.00,''),(244,'019/MSI-AO/II/2023',650,'MEMBRANE RO',10.00,0.00,0.00,''),(245,'019/MSI-AO/II/2023',651,'CARBON',20.00,0.00,0.00,''),(246,'016/MSI-NR/II/2023',637,'JASA5',1.00,0.00,0.00,''),(247,'016/MSI-NR/II/2023',638,'JASA6',1.00,0.00,0.00,''),(248,'071/AS-V/2023',507,'MSI-00214',2.00,0.00,0.00,''),(249,'025/MSI/SJ/0323',249,'95712536',1.00,0.00,0.00,''),(250,'025/MSI/SJ/0323',55,'2347278602G',1.00,0.00,0.00,''),(251,'025/MSI/SJ/0323',569,'TANFON CTK M11',1.00,0.00,0.00,''),(252,'025/MSI/SJ/0323',627,'NUT SS',4.00,0.00,0.00,''),(253,'029/MSI/SJ/0323',239,'95711526',1.00,0.00,0.00,''),(254,'029/MSI/SJ/0323',38,'2243519204GS',1.00,0.00,0.00,''),(255,'029/MSI/SJ/0323',118,'2823518110',1.00,0.00,0.00,''),(256,'029/MSI/SJ/0323',569,'TANFON CTK M11',1.00,0.00,0.00,''),(257,'029/MSI/SJ/0323',627,'NUT SS',4.00,0.00,0.00,''),(258,'065/AS-V/2023',520,'MSI-00228',2.00,0.00,0.00,''),(259,'030/MSI/SJ/0323',247,'95712516',1.00,0.00,0.00,''),(260,'030/MSI/SJ/0323',38,'2243519204GS',1.00,0.00,0.00,''),(261,'030/MSI/SJ/0323',118,'2823518110',1.00,0.00,0.00,''),(262,'030/MSI/SJ/0323',569,'TANFON CTK M11',1.00,0.00,0.00,''),(263,'030/MSI/SJ/0323',627,'NUT SS',4.00,0.00,0.00,''),(264,'031/MSI/SJ/0323',62,'2366128120',1.00,0.00,0.00,''),(265,'031/MSI/SJ/0323',628,'NUT HEX 6\'',4.00,0.00,0.00,''),(266,'031/MSI/SJ/0323',568,'TANFON CTK M12',1.00,0.00,0.00,''),(267,'072/AS-V/2023',522,'MSI-00230',12.00,0.00,0.00,''),(268,'033/MSI/SJ/0323',288,'9730451418',1.00,0.00,0.00,''),(269,'033/MSI/SJ/0323',98,'2747284140',1.00,0.00,0.00,''),(270,'033/MSI/SJ/0323',569,'TANFON CTK M11',1.00,0.00,0.00,''),(271,'033/MSI/SJ/0323',627,'NUT SS',4.00,0.00,0.00,''),(272,'034/MSI/SJ/0323',569,'TANFON CTK M11',20.00,0.00,0.00,''),(273,'059/JS-IV/2023',325,'MSI-00033',1.00,0.00,0.00,''),(274,'042/MSI/SJ/0423',246,'95712511',1.00,0.00,0.00,''),(275,'041/MSI/SJ/0423',288,'9730451418',1.00,0.00,0.00,''),(276,'041/MSI/SJ/0423',98,'2747284140',1.00,0.00,0.00,''),(277,'041/MSI/SJ/0423',569,'TANFON CTK M11',1.00,0.00,0.00,''),(278,'041/MSI/SJ/0423',627,'NUT SS',4.00,0.00,0.00,''),(279,'038/MSI/SJ/0423',56,'2347288602G',1.00,0.00,0.00,''),(280,'038/MSI/SJ/0423',569,'TANFON CTK M11',1.00,0.00,0.00,''),(281,'038/MSI/SJ/0423',627,'NUT SS',4.00,0.00,0.00,''),(282,'044/MSI/SJ/0423',58,'2347658602G',1.00,0.00,0.00,''),(283,'044/MSI/SJ/0423',569,'TANFON CTK M11',1.00,0.00,0.00,''),(284,'044/MSI/SJ/0423',627,'NUT SS',4.00,0.00,0.00,''),(289,'035/MSI/SJ/0423',288,'9730451418',1.00,0.00,0.00,''),(290,'035/MSI/SJ/0423',56,'2347288602G',1.00,0.00,0.00,''),(291,'035/MSI/SJ/0423',569,'TANFON CTK M11',1.00,0.00,0.00,''),(292,'035/MSI/SJ/0423',627,'NUT SS',4.00,0.00,0.00,''),(293,'035/MSI/SJ/0423',656,'JASA11',1.00,0.00,0.00,''),(294,'037/MSI/SJ/0423',229,'94544525',1.00,0.00,0.00,''),(295,'037/MSI/SJ/0423',55,'2347278602G',1.00,0.00,0.00,''),(296,'037/MSI/SJ/0423',569,'TANFON CTK M11',1.00,0.00,0.00,''),(297,'037/MSI/SJ/0423',627,'NUT SS',4.00,0.00,0.00,''),(298,'048/MSI/SJ/0423',569,'TANFON CTK M11',3.00,0.00,0.00,''),(300,'075/JS-V/2023',527,'MSI-00235',20.00,0.00,0.00,'');
/*!40000 ALTER TABLE `tbl_detail_suratjln` ENABLE KEYS */;
UNLOCK TABLES;
COMMIT;

-- Dumped table `tbl_detail_suratjln` with 225 row(s)
--

--
-- Table structure for table `tbl_divisi`
--

/*!40101 SET @saved_cs_client     = @@character_set_client */;
/*!40101 SET character_set_client = utf8 */;
CREATE TABLE `tbl_divisi` (
  `kode_divisi` varchar(20) NOT NULL,
  `kode_accjual` varchar(10) NOT NULL,
  `kode_acchpp` varchar(10) NOT NULL,
  `kode_accinv` varchar(10) NOT NULL,
  PRIMARY KEY (`kode_divisi`)
) ENGINE=InnoDB DEFAULT CHARSET=utf8mb4 COLLATE=utf8mb4_general_ci;
/*!40101 SET character_set_client = @saved_cs_client */;

--
-- Dumping data for table `tbl_divisi`
--

LOCK TABLES `tbl_divisi` WRITE;
/*!40000 ALTER TABLE `tbl_divisi` DISABLE KEYS */;
SET autocommit=0;
INSERT INTO `tbl_divisi` VALUES ('FRANKLIN','4101.002','5101.002','1105.002'),('JOHNSON','4101.001','5101.001','1105.001'),('JOHNSON2','4101.004','5101.004','1105.004'),('WINFLOW','4101.003','5101.003','1105.003');
/*!40000 ALTER TABLE `tbl_divisi` ENABLE KEYS */;
UNLOCK TABLES;
COMMIT;

-- Dumped table `tbl_divisi` with 4 row(s)
--

--
-- Table structure for table `tbl_groupacc`
--

/*!40101 SET @saved_cs_client     = @@character_set_client */;
/*!40101 SET character_set_client = utf8 */;
CREATE TABLE `tbl_groupacc` (
  `kode_group` varchar(4) DEFAULT NULL,
  `nama_group` varchar(50) DEFAULT NULL,
  `position` varchar(2) DEFAULT NULL,
  `rectype` varchar(1) NOT NULL,
  UNIQUE KEY `kode_group` (`kode_group`)
) ENGINE=InnoDB DEFAULT CHARSET=utf8mb4 COLLATE=utf8mb4_general_ci;
/*!40101 SET character_set_client = @saved_cs_client */;

--
-- Dumping data for table `tbl_groupacc`
--

LOCK TABLES `tbl_groupacc` WRITE;
/*!40000 ALTER TABLE `tbl_groupacc` DISABLE KEYS */;
SET autocommit=0;
INSERT INTO `tbl_groupacc` VALUES ('11','AKTIVA LANCAR','DB','1'),('12','AKTIVA TETAP','DB','1'),('13','AKTIVA LAIN-LAIN','DB','1'),('21','KEWAJIBAN JANGKA PENDEK','CR','2'),('22','KEWAJIBAN JANGKA PANJANG','CR','2'),('23','MODAL','CR','2'),('41','PENJUALAN','CR',''),('42','RETUR/POTONGAN PENJUALAN','CR',''),('51','HARGA POKOK PENJUALAN','DB',''),('71','BIAYA-BIAYA','DB',''),('81','BIAYA LAIN-LAIN','DB',''),('91','PENDAPATAN LAIN-LAIN','CR','');
/*!40000 ALTER TABLE `tbl_groupacc` ENABLE KEYS */;
UNLOCK TABLES;
COMMIT;

-- Dumped table `tbl_groupacc` with 12 row(s)
--

--
-- Table structure for table `tbl_jurnal`
--

/*!40101 SET @saved_cs_client     = @@character_set_client */;
/*!40101 SET character_set_client = utf8 */;
CREATE TABLE `tbl_jurnal` (
  `id_jurnal` int(11) NOT NULL AUTO_INCREMENT,
  `no_voucher` varchar(30) DEFAULT NULL,
  `tgl_voucher` date DEFAULT NULL,
  `total_debet` double(14,2) DEFAULT 0.00,
  `total_credit` double(14,2) DEFAULT 0.00,
  `status` varchar(12) DEFAULT NULL,
  PRIMARY KEY (`id_jurnal`)
) ENGINE=InnoDB AUTO_INCREMENT=28 DEFAULT CHARSET=utf8mb4 COLLATE=utf8mb4_general_ci;
/*!40101 SET character_set_client = @saved_cs_client */;

--
-- Dumping data for table `tbl_jurnal`
--

LOCK TABLES `tbl_jurnal` WRITE;
/*!40000 ALTER TABLE `tbl_jurnal` DISABLE KEYS */;
SET autocommit=0;
INSERT INTO `tbl_jurnal` VALUES (2,'00002-JM-2023','2023-01-05',6188300.00,6188300.00,NULL),(3,'00003-JM-2023','2023-01-04',234570000.00,234570000.00,NULL),(4,'00004-JM-2023','2023-01-16',100600500.00,100600500.00,NULL),(5,'00005-JM-2023','2023-01-18',2802500.00,2802500.00,NULL),(6,'00006-JM-2023','2023-01-18',3719000.00,3719000.00,NULL),(7,'00007-JM-2023','2023-01-04',50000000.00,50000000.00,NULL),(8,'00008-JM-2023','2023-01-13',8418700.00,8418700.00,NULL),(9,'00009-JM-2023','2023-01-13',1937000.00,1937000.00,NULL),(10,'00010-JM-2023','2023-01-25',5601000.00,5601000.00,NULL),(11,'00011-JM-2023','2023-01-25',2770500.00,2770500.00,NULL),(13,'00013-JM-2023','2023-02-07',3814000.00,3814000.00,NULL),(14,'00014-JM-2023','2023-02-07',4981000.00,4981000.00,NULL),(15,'00015-JM-2023','2023-02-17',64600000.00,64600000.00,NULL),(16,'00016-JM-2023','2023-02-21',3804000.00,3804000.00,NULL),(17,'00017-JM-2023','2023-02-27',229125000.00,229125000.00,NULL),(19,'00018-JM-2023','2023-02-02',148800000.00,148800000.00,NULL),(20,'00019-JM-2023','2023-02-02',2926500.00,2926500.00,NULL),(21,'00020-JM-2023','2023-02-02',3446500.00,3446500.00,NULL),(22,'00021-JM-2023','2023-02-02',50000000.00,50000000.00,NULL),(23,'00022-JM-2023','2023-02-14',3495800.00,3495800.00,NULL),(24,'00023-JM-2023','2023-02-14',3960100.00,3960100.00,NULL),(25,'00024-JM-2023','2023-02-21',2627500.00,2627500.00,NULL),(26,'00025-JM-2023','2023-02-24',2876000.00,2876000.00,NULL),(27,'00026-JM-2023','2023-02-24',2972900.00,2972900.00,NULL);
/*!40000 ALTER TABLE `tbl_jurnal` ENABLE KEYS */;
UNLOCK TABLES;
COMMIT;

-- Dumped table `tbl_jurnal` with 24 row(s)
--

--
-- Table structure for table `tbl_kategori`
--

/*!40101 SET @saved_cs_client     = @@character_set_client */;
/*!40101 SET character_set_client = utf8 */;
CREATE TABLE `tbl_kategori` (
  `kode_kategori` varchar(20) NOT NULL,
  `nama_kategori` varchar(40) NOT NULL,
  `kode_accjual` varchar(10) NOT NULL,
  `kode_acchpp` varchar(10) NOT NULL,
  `no_urut` int(11) NOT NULL DEFAULT 0,
  PRIMARY KEY (`kode_kategori`)
) ENGINE=InnoDB DEFAULT CHARSET=utf8mb4 COLLATE=utf8mb4_general_ci;
/*!40101 SET character_set_client = @saved_cs_client */;

--
-- Dumping data for table `tbl_kategori`
--

LOCK TABLES `tbl_kategori` WRITE;
/*!40000 ALTER TABLE `tbl_kategori` DISABLE KEYS */;
SET autocommit=0;
INSERT INTO `tbl_kategori` VALUES ('AS SCREEN','AS SCREEN','4101.001','5101.001',0),('JASA','JASA','4101.004','5101.004',0),('LAIN-LAIN','LAIN-LAIN','4101.099','5101.099',0),('POMPA','POMPA & MOTOR FE','4101.002','5101.002',0),('TANFON','TANFON','4101.001','5101.001',0);
/*!40000 ALTER TABLE `tbl_kategori` ENABLE KEYS */;
UNLOCK TABLES;
COMMIT;

-- Dumped table `tbl_kategori` with 5 row(s)
--

--
-- Table structure for table `tbl_kelompok`
--

/*!40101 SET @saved_cs_client     = @@character_set_client */;
/*!40101 SET character_set_client = utf8 */;
CREATE TABLE `tbl_kelompok` (
  `kode_kelompok` varchar(2) NOT NULL,
  `nama_kelompok` varchar(40) NOT NULL,
  PRIMARY KEY (`kode_kelompok`)
) ENGINE=InnoDB DEFAULT CHARSET=latin1 COLLATE=latin1_swedish_ci;
/*!40101 SET character_set_client = @saved_cs_client */;

--
-- Dumping data for table `tbl_kelompok`
--

LOCK TABLES `tbl_kelompok` WRITE;
/*!40000 ALTER TABLE `tbl_kelompok` DISABLE KEYS */;
SET autocommit=0;
/*!40000 ALTER TABLE `tbl_kelompok` ENABLE KEYS */;
UNLOCK TABLES;
COMMIT;

-- Dumped table `tbl_kelompok` with 0 row(s)
--

--
-- Table structure for table `tbl_level`
--

/*!40101 SET @saved_cs_client     = @@character_set_client */;
/*!40101 SET character_set_client = utf8 */;
CREATE TABLE `tbl_level` (
  `level` int(11) NOT NULL AUTO_INCREMENT,
  `namalevel` varchar(100) NOT NULL,
  PRIMARY KEY (`level`)
) ENGINE=InnoDB AUTO_INCREMENT=3 DEFAULT CHARSET=utf8mb4 COLLATE=utf8mb4_general_ci;
/*!40101 SET character_set_client = @saved_cs_client */;

--
-- Dumping data for table `tbl_level`
--

LOCK TABLES `tbl_level` WRITE;
/*!40000 ALTER TABLE `tbl_level` DISABLE KEYS */;
SET autocommit=0;
INSERT INTO `tbl_level` VALUES (1,'Administrator'),(2,'Operator');
/*!40000 ALTER TABLE `tbl_level` ENABLE KEYS */;
UNLOCK TABLES;
COMMIT;

-- Dumped table `tbl_level` with 2 row(s)
--

--
-- Table structure for table `tbl_lokasi`
--

/*!40101 SET @saved_cs_client     = @@character_set_client */;
/*!40101 SET character_set_client = utf8 */;
CREATE TABLE `tbl_lokasi` (
  `kode_lokasi` varchar(10) NOT NULL,
  `nama_lokasi` varchar(30) NOT NULL,
  PRIMARY KEY (`kode_lokasi`)
) ENGINE=InnoDB DEFAULT CHARSET=utf8mb4 COLLATE=utf8mb4_general_ci;
/*!40101 SET character_set_client = @saved_cs_client */;

--
-- Dumping data for table `tbl_lokasi`
--

LOCK TABLES `tbl_lokasi` WRITE;
/*!40000 ALTER TABLE `tbl_lokasi` DISABLE KEYS */;
SET autocommit=0;
/*!40000 ALTER TABLE `tbl_lokasi` ENABLE KEYS */;
UNLOCK TABLES;
COMMIT;

-- Dumped table `tbl_lokasi` with 0 row(s)
--

--
-- Table structure for table `tbl_merk`
--

/*!40101 SET @saved_cs_client     = @@character_set_client */;
/*!40101 SET character_set_client = utf8 */;
CREATE TABLE `tbl_merk` (
  `kode_merk` varchar(20) NOT NULL,
  `nama_merk` varchar(40) NOT NULL,
  PRIMARY KEY (`kode_merk`)
) ENGINE=InnoDB DEFAULT CHARSET=utf8mb4 COLLATE=utf8mb4_general_ci;
/*!40101 SET character_set_client = @saved_cs_client */;

--
-- Dumping data for table `tbl_merk`
--

LOCK TABLES `tbl_merk` WRITE;
/*!40000 ALTER TABLE `tbl_merk` DISABLE KEYS */;
SET autocommit=0;
INSERT INTO `tbl_merk` VALUES ('FRANKLIN','FRANKLIN'),('JOHNSON','JOHNSON'),('LAIN-LAIN','LAIN-LAIN'),('WINFLOW','WINFLOW');
/*!40000 ALTER TABLE `tbl_merk` ENABLE KEYS */;
UNLOCK TABLES;
COMMIT;

-- Dumped table `tbl_merk` with 4 row(s)
--

--
-- Table structure for table `tbl_othpay`
--

/*!40101 SET @saved_cs_client     = @@character_set_client */;
/*!40101 SET character_set_client = utf8 */;
CREATE TABLE `tbl_othpay` (
  `id_bukti` int(11) NOT NULL AUTO_INCREMENT,
  `no_bukti` varchar(20) NOT NULL,
  `tgl_bukti` date NOT NULL,
  `kode_account` varchar(10) NOT NULL,
  `kepada` varchar(40) NOT NULL,
  `total` double(14,2) NOT NULL DEFAULT 0.00,
  `keterangan` varchar(100) NOT NULL,
  `codejurnal` varchar(20) NOT NULL,
  `kode_divisi` varchar(20) NOT NULL,
  `nilai_tukar` int(11) NOT NULL DEFAULT 0,
  `no_cheque` varchar(20) NOT NULL,
  PRIMARY KEY (`id_bukti`)
) ENGINE=InnoDB AUTO_INCREMENT=137 DEFAULT CHARSET=utf8mb4 COLLATE=utf8mb4_general_ci;
/*!40101 SET character_set_client = @saved_cs_client */;

--
-- Dumping data for table `tbl_othpay`
--

LOCK TABLES `tbl_othpay` WRITE;
/*!40000 ALTER TABLE `tbl_othpay` DISABLE KEYS */;
SET autocommit=0;
INSERT INTO `tbl_othpay` VALUES (4,'BF 080688','2023-01-05','1102.001','BAPAK DARMANTO',1560600.00,'KOMISI BAPAK DARMANTO (PUTRA JATNIKA)','','JOHNSON',1,''),(5,'BF 080688-1','2023-01-05','1102.001','BAPAK ANDRIANSJAH ',1361200.00,'BIAYA MEETING PA ANDRI DENGAN MR. MOYEZ ','','JOHNSON',1,''),(6,'BF 080689','2023-01-09','1102.001','BPJS',2990184.00,'BPJS KESEHATAN JANUARI 2023','','JOHNSON',1,''),(7,'BF 080689-1','2023-01-09','1102.001','BPJS',7246816.00,'BPJS TENAGAKERJA JANUARI 2023','','JOHNSON',1,''),(8,'BF 080689-2','2023-01-09','1102.001','',1931944.00,'PPH 21 DESEMBER 2022','','JOHNSON',1,''),(9,'BF 080689-3','2023-01-09','1102.001','',2679386.00,'PPH 25 DESEMBER 2022','','JOHNSON',1,''),(10,'BF 080689-4','2023-01-09','1102.001','',66500.00,'PPH 23 DESEMBER 2022','','JOHNSON',1,''),(11,'BF 080690','2023-01-12','1102.001','',3848245.00,'BIAYA KARTU KREDIT PA KAMDANI ','','JOHNSON',1,''),(12,'BF 080693','2023-01-17','1102.001','SAM\'S PATISSERIE',1420000.00,'PARCEL UNTUK BP. SUBRATA ( PT. WAHANA ) ','','JOHNSON',1,''),(13,'BF 080691','2023-01-13','1102.001','',27000000.00,'SEWA KANTOR MSI JL. BAKTI DIVISI JOHNSON','','JOHNSON',1,''),(16,'001A','2023-01-31','1102.001','',77331353.00,'PAYROLL GAJI JS JANUARI 2023','','JOHNSON',1,''),(18,'004A','2023-01-20','1102.001','',2000.00,'Biaya Kliring ','','JOHNSON',1,''),(19,'006A','2023-01-31','1102.001','',23782.33,'Pajak Bunga ','','JOHNSON',1,''),(20,'BF 080672','2023-01-04','1102.003','BOXIES ',2000000.00,'Pengambilan Pak Irwan (Term-2) biaya transport','','FRANKLIN',1,''),(21,'007A','2023-01-04','1102.003','SOUTH QUARTER ',1500000.00,'Partisipasi Bp. Sumardi','','FRANKLIN',1,''),(22,'BF 080673','2023-01-06','1102.003','ANDRIANSJAH',37000000.00,'PEMBELIN MATERIAL','','FRANKLIN',1,''),(23,'008A','2023-01-10','1102.003','',2000.00,'Biaya Kliring ','','FRANKLIN',1,''),(24,'009A','2023-01-09','1102.003','',2000.00,'Biaya Kliring ','','FRANKLIN',1,''),(25,'BF 080674','2023-01-10','1102.003','',3000000.00,'Google Ads Januari 2023','','FRANKLIN',1,''),(26,'BF 080675','2023-01-12','1102.003','',32996352.00,'Tagihan kartu kredit Pa Kamdani ','','FRANKLIN',1,''),(27,'BF 080674-1','2023-01-10','1102.003','',2500000.00,'Advance Pa Dadang ke Madiun','','FRANKLIN',1,''),(28,'010A','2023-01-12','1102.003','',275000.00,'Cetak buku cek','','FRANKLIN',1,''),(29,'011A','2023-01-15','1102.003','',30000.00,'Biaya administrasi Bank ','','FRANKLIN',1,''),(30,'BF 186202','2023-01-16','1102.003','RUMAH WEB ',2930400.00,'Perpanjang domain Submersiblepump 2023-2025 ','','FRANKLIN',1,''),(31,'BF 186203','2023-01-17','1102.003','',2500000.00,'Biaya teknisi Pa Irwan pasang WTP dan Filter ','','FRANKLIN',1,''),(32,'BF 186204','2023-01-19','1102.003','CHENINDO WATER ',3800000.00,'24Pcs # Bakteri STP Biolife PO. 024','','FRANKLIN',1,''),(33,'BF 186204-1','2023-01-19','1102.003','RUMAH POMPA ',2625000.00,'1Unit # Pompa Shimge BWJ 2-4 PO. 026','','FRANKLIN',1,''),(34,'BF 186204-3','2023-01-19','1102.003','',3172000.00,'Biaya Pengeluaran Bapak Kamdani ke Madiun 09-11/01/2023','','FRANKLIN',1,''),(35,'BF 186204-4','2023-01-19','1102.003','',627400.00,'Biaya Pengeluaran Bapak Kamdani (WF - Mall Boxies)','','FRANKLIN',1,''),(36,'BF 186204-5','2023-01-19','1102.003','',3302100.00,'Biaya Pengeluaran Bapak Kamdani ','','FRANKLIN',1,''),(37,'BF 186204-6','2023-01-19','1102.003','',2617300.00,'Biaya pengeluaran Pa Kamdani Training Xylem','','FRANKLIN',1,''),(38,'BF 186206','2023-01-25','1102.003','',8089483.00,'PPN Desember 2022','','FRANKLIN',1,''),(39,'BF 186207','2023-01-25','1102.003','',2000000.00,'Pak Irwan beli material pipa proyek mall boxies','','FRANKLIN',1,''),(40,'BF 186207-1','2023-01-25','1102.003','',6750000.00,'Biaya operasional konsultan pajak November - Januari 2023 ','','FRANKLIN',1,''),(41,'BF 186208','2023-01-27','1102.003','',2000000.00,'Pembelian material Pak toni Ball Valve 2\" 5 pcs','','FRANKLIN',1,''),(42,'BF 186208-1','2023-01-27','1102.003','PT. WATERPEDIA ',4500000.00,'Biaya training WTP Pa Kamdani di Jogja PT. Waterpedia ','','FRANKLIN',1,''),(43,'012A','2023-01-31','1102.003','',32676784.00,'Payroll Gaji FR Januari 2023','','FRANKLIN',1,''),(44,'013A','2023-01-31','1102.003','',17732.91,'Pajak Bunga ','','FRANKLIN',1,''),(45,'014','2023-01-02','1102.004','',9.23,'Bunga Pinjaman Bank ','','FRANKLIN',15406,''),(46,'015','2023-01-02','1102.008','',35000.00,'Biaya administrasi ','','JOHNSON',1,''),(47,'016','2023-01-31','1102.008','',74.00,'Biaya pajak bank ','','JOHNSON',1,''),(48,'017','2023-01-15','1102.005','',80000.00,'Biaya Admin Bank ','','WINFLOW',1,''),(49,'018','2023-01-02','1102.006','',34584645.34,'Bunga Pinjaman Bank ','','WINFLOW',1,''),(51,'019','2023-02-02','1102.001','',2000.00,'Biaya kliring ','','JOHNSON',1,''),(52,'020','2023-01-15','1102.001','',30000.00,'Biaya administrasi ','','JOHNSON',1,''),(53,'BF 080695','2023-02-06','1102.001','',3000000.00,'Pph Sewa kantor JS di Jl. Bakti ','','JOHNSON',1,''),(55,'BF 080691-1','2023-01-13','1102.001','',7000000.00,'Pembelian Material','','JOHNSON',1,''),(56,'BF 080695-1','2023-02-06','1102.001','',1587104.00,'Biaya kartu kredit panin januari 2023 ','','JOHNSON',1,''),(57,'021','2023-02-08','1102.001','',275000.00,'Cetak buku cek ','','JOHNSON',1,''),(58,'023','2023-02-10','1102.001','',2600000.00,'Advance bayu untuk biaya ekspedisi ','','JOHNSON',1,''),(59,'BF 080697','2023-02-10','1102.001','',3067000.00,'Biaya perpanjang STNK mobil Pa Kamdani ','','JOHNSON',1,''),(60,'BF 080697-1','2023-02-10','1102.001','',1000000.00,'Biaya fabrikasi nozzle ','','JOHNSON',1,''),(61,'BF 080698','2023-02-14','1102.001','',7600000.00,'biaya perbaikan proyek pulang pisau','','JOHNSON',1,''),(62,'025A','2023-02-15','1102.001','',2500000.00,'Biaya pengeluaran Bayu kirim barang PT Parindo, Bapak Edy Makassar, Mandiri Formulansi','','JOHNSON',1,''),(63,'026A','2023-02-15','1102.001','',30000.00,'Biaya administrasi ','','JOHNSON',1,''),(64,'BF 080699','2023-02-16','1102.001','',3463300.00,'Biaya perjalanan Pa Aheng ke Surabaya ','','JOHNSON',1,''),(65,'BF 080699-1','2023-02-16','1102.001','',1970000.00,'Tiket pesawat Pa Andri & Pa Willy ke Lombok','','JOHNSON',1,''),(66,'BF 080699-3','2023-02-16','1102.001','',1563900.00,'Biaya meeting operasional Pa Andri ','','JOHNSON',1,''),(67,'BF 186301','2023-02-20','1102.001','',1000200.00,'Komisi Bp. Kimto','','JOHNSON',1,''),(68,'BF 186301-1','2023-02-20','1102.001','',2000000.00,'Pembuatan brosur katalog MSI','','JOHNSON',1,''),(69,'BF 186303','2023-02-24','1102.001','',5025500.00,'Biaya operasional Pindahan arsip ke Gudang Era','','JOHNSON',1,''),(70,'027','2023-02-28','1102.001','',37665.94,'Pajak Bunga ','','JOHNSON',1,''),(71,'BF 186305','2023-02-28','1102.001','',546500.00,'Biaya meeting Bp. Andri','','JOHNSON',1,''),(72,'BF 186305-1','2023-02-28','1102.001','',9645400.00,'Biaya perjalanan Pa Andri ke Lombok ','','JOHNSON',1,''),(73,'BE 937350','2022-12-09','1102.003','',17000000.00,'UM Indo Persada','','FRANKLIN',1,''),(74,'00001-OP-2023','2023-02-02','1102.003','',2000.00,'','','FRANKLIN',1,''),(75,'00002-OP-2023','2023-01-12','1101.003','',8418700.00,'BIAYA PENGELUARAN OPERASIONAL KANTOR KAS KECIL WF JANUARI 2023','','WINFLOW',1,''),(76,'00003-OP-2023','2023-01-12','1101.002','',1937000.00,'BIAYA PENGELUARAN OPERASIONAL KANTOR KAS KECIL FR 23/PC-FR-I/001-013 ','','FRANKLIN',1,''),(77,'00004-OP-2023','2023-01-24','1101.003','',5601000.00,'Biaya Pengeluaran Operasional Kantor Kas kecil WF Januari 2023','','WINFLOW',1,''),(78,'00005-OP-2023','2023-01-24','1101.004','',2770500.00,'Biaya Operasional Kantor Kas kecil OH Januari 2023','','FRANKLIN',1,''),(79,'00006-OP-2023','2023-02-01','1101.002','',2926500.00,'Biaya Operasional Kantor Kas kecil FR 23/PC-FR-I/014 s.d 034','','FRANKLIN',1,''),(80,'00007-OP-2023','2023-02-01','1101.003','',3446500.00,'Biaya Operasional Kantor Kas kecil WF Januari 2023','','WINFLOW',1,''),(81,'00008-OP-2023','2023-02-03','1102.003','',3480300.00,'Bpjs Kesehatan Februari 2023','','FRANKLIN',1,'BF 186213'),(82,'00009-OP-2023','2023-02-03','1102.003','',8152700.00,'Bpjs Tenagakerja Februari 2023','','FRANKLIN',1,'BF 186213-1'),(83,'00010-OP-2023','2023-02-03','1102.003','',49131.00,'Pph 23 Januari 2023 ','','FRANKLIN',1,'BF 186213-2'),(84,'00011-OP-2023','2023-02-03','1102.003','',1862146.00,'Pph 21 Januari 2023','','FRANKLIN',1,'BF 186213-3'),(85,'00012-OP-2023','2023-02-03','1102.003','',2679423.00,'Pph 25 Januari 2023','','FRANKLIN',1,'BF 186213-4'),(86,'00013-OP-2023','2023-02-08','1102.003','',20000000.00,'Pembelian material WF','','FRANKLIN',1,'BF 186214'),(87,'00014-OP-2023','2023-02-08','1102.003','',3000000.00,'Google Ads FE Bulan Februari 2023','','FRANKLIN',1,'BF 186214-3'),(88,'00015-OP-2023','2023-02-14','1102.003','',1635600.00,'Biaya Perjalanan Dinas Pak Kamdani Training Limbah di Yogyakarta','','FRANKLIN',1,'BF 186216'),(89,'00016-OP-2023','2023-02-15','1102.003','',30000.00,'Biaya administrasi Bank ','','FRANKLIN',1,''),(90,'00017-OP-2023','2023-02-16','1102.003','',2500000.00,'Biaya material pemasangan pompa, perbaikan dan pengecekan mesin RO ','','FRANKLIN',1,'BF 186217'),(91,'00018-OP-2023','2023-02-24','1102.003','',800000.00,'Biaya Transportasi Test Comissioning di PT Sigmautama dan Teknisi','','FRANKLIN',1,'BF 186221'),(92,'00019-OP-2023','2023-02-24','1102.003','',1412200.00,'Komisi Pa kimto ( PT. Malabar )','','FRANKLIN',1,'BF 186221-1'),(93,'00020-OP-2023','2023-02-24','1102.003','',83263235.00,'PPN Januari 2023','','FRANKLIN',1,'BF 186220'),(94,'00021-OP-2023','2023-02-28','1102.003','',47070.76,'Pajak Bunga ','','FRANKLIN',1,''),(95,'00022-OP-2023','2023-01-02','1102.002','',68.89,'BIAYA BUNGA PINJAMAN BANK','','JOHNSON',15406,''),(96,'00023-OP-2023','2023-01-02','1102.002','',8.78,'Bunga Pinjaman Bank ','','JOHNSON',15406,''),(97,'00024-OP-2023','2023-01-02','1102.002','',32.66,'Bunga Pinjaman Bank ','','JOHNSON',15406,''),(98,'00025-OP-2023','2023-01-04','1102.002','',7901.05,'Pembayaran Pinjaman + Bunga ','','JOHNSON',15406,''),(99,'00026-OP-2023','2023-01-04','1102.002','',7103.16,'Pembayaran Pinjaman + Bunga ','','JOHNSON',15406,''),(100,'00027-OP-2023','2023-01-15','1102.002','',5.00,'Biaya administrasi bank ','','JOHNSON',15406,''),(101,'00028-OP-2023','2023-01-16','1102.002','',6608.85,'Pembayaran Pinjaman + Bunga ','','JOHNSON',15406,''),(102,'00029-OP-2023','2023-01-31','1102.002','',0.01,'Pajak Bunga ','','JOHNSON',15406,''),(103,'00030-OP-2023','2023-01-02','1102.004','',6.89,'Bunga Pinjaman Bank ','','FRANKLIN',15406,''),(104,'00031-OP-2023','2023-01-02','1102.004','',6.10,'Bunga Pinjaman Bank ','','FRANKLIN',15406,''),(105,'00032-OP-2023','2023-01-02','1102.004','',41.33,'Bunga Pinjaman Bank ','','FRANKLIN',15406,''),(106,'00033-OP-2023','2023-01-02','1102.004','',12.40,'Bunga Pinjaman Bank ','','FRANKLIN',15406,''),(107,'00034-OP-2023','2023-01-02','1102.004','',16.53,'Bunga Pinjaman Bank ','','FRANKLIN',15406,''),(108,'00035-OP-2023','2023-01-02','1102.004','',33.07,'Bunga Pinjaman Bank ','','FRANKLIN',15406,''),(109,'00036-OP-2023','2023-01-02','1102.004','',5.51,'Bunga Pinjaman Bank ','','FRANKLIN',15406,''),(110,'00037-OP-2023','2023-01-15','1102.004','',5.00,'Biaya admin Bank ','','FRANKLIN',15406,''),(111,'00038-OP-2023','2023-01-31','1102.004','',0.01,'Pajak Bunga ','','FRANKLIN',15406,''),(112,'00039-OP-2023','2023-01-02','1102.009','',5.00,'Biaya administrasi Bank ','','JOHNSON',15406,''),(113,'00040-OP-2023','2023-02-01','1102.002','',68.89,'Bunga Pinjaman Bank ','','JOHNSON',15406,''),(114,'00041-OP-2023','2023-02-01','1102.002','',7.11,'Bunga Pinjaman Bank ','','JOHNSON',15406,''),(115,'00042-OP-2023','2023-02-15','1102.002','',5.00,'Biaya administrasi Bank ','','JOHNSON',15406,''),(116,'00043-OP-2023','2023-02-27','1102.002','',10011.56,'Pembayaran Pinjaman + Bunga ','','JOHNSON',15406,''),(117,'00044-OP-2023','2023-02-27','1102.002','',5057.77,'Pembayaran Pinjaman + Bunga ','','JOHNSON',15406,''),(118,'00045-OP-2023','2023-02-28','1102.002','',0.01,'pajak bunga','','JOHNSON',15406,''),(119,'00046-OP-2023','2023-02-01','1102.004','',9.23,'Bunga Pinjaman Bank ','','FRANKLIN',15406,''),(120,'00047-OP-2023','2023-02-01','1102.004','',6.89,'Bunga Pinjaman Bank ','','FRANKLIN',15406,''),(121,'00048-OP-2023','2023-02-01','1102.004','',10.51,'Bunga Pinjaman Bank ','','FRANKLIN',15406,''),(122,'00049-OP-2023','2023-02-01','1102.004','',41.34,'Bunga Pinjaman Bank ','','FRANKLIN',15406,''),(123,'00050-OP-2023','2023-02-01','1102.004','',12.40,'Bunga Pinjaman Bank ','','FRANKLIN',15406,''),(124,'00051-OP-2023','2023-02-01','1102.004','',16.54,'Bunga Pinjaman Bank ','','FRANKLIN',15406,''),(125,'00052-OP-2023','2023-02-01','1102.004','',33.06,'Bunga Pinjaman Bank ','','FRANKLIN',15406,''),(126,'00053-OP-2023','2023-02-01','1102.004','',5.51,'Bunga Pinjaman Bank ','','FRANKLIN',15406,''),(127,'00054-OP-2023','2023-02-02','1102.004','',7630.34,'Pembayaran Pinjaman + Bunga ','','FRANKLIN',15406,''),(128,'00055-OP-2023','2023-02-02','1102.004','',2401.33,'Pembayaran Pinjaman + Bunga ','','FRANKLIN',15406,''),(129,'00056-OP-2023','2023-02-15','1102.004','',5.00,'Biaya administrasi Bank ','','FRANKLIN',15406,''),(130,'00057-OP-2023','2023-02-28','1102.004','',0.01,'Pajak Bunga ','','FRANKLIN',15406,''),(131,'00058-OP-2023','2023-02-15','1102.005','',80000.00,'Biaya Admin Bank ','','WINFLOW',1,''),(132,'00059-OP-2023','2023-02-01','1102.006','',34502676.34,'Bunga Pinjaman Bank ','','WINFLOW',1,''),(133,'00060-OP-2023','2023-02-01','1102.008','',35000.00,'Biaya administrasi ','','JOHNSON',1,''),(134,'00061-OP-2023','2023-02-01','1102.009','',5.00,'Biaya administrasi bank ','','JOHNSON',15406,''),(135,'00062-OP-2023','2023-02-17','1102.008','',471625.00,'Biaya Transfer Full Amount ke Zhangjiagang Linker ','','JOHNSON',1,''),(136,'00063-OP-2023','2023-03-01','1102.001','',75787295.00,'Payroll Gaji JS Februari 2023','','JOHNSON',1,'');
/*!40000 ALTER TABLE `tbl_othpay` ENABLE KEYS */;
UNLOCK TABLES;
COMMIT;

-- Dumped table `tbl_othpay` with 128 row(s)
--

--
-- Table structure for table `tbl_othrcv`
--

/*!40101 SET @saved_cs_client     = @@character_set_client */;
/*!40101 SET character_set_client = utf8 */;
CREATE TABLE `tbl_othrcv` (
  `id_bukti` int(11) NOT NULL AUTO_INCREMENT,
  `no_bukti` varchar(20) NOT NULL,
  `tgl_bukti` date NOT NULL,
  `kode_account` varchar(10) NOT NULL,
  `dari` varchar(40) NOT NULL,
  `total` double(14,2) NOT NULL DEFAULT 0.00,
  `keterangan` varchar(100) NOT NULL,
  `codejurnal` varchar(20) NOT NULL,
  `nilai_tukar` int(11) NOT NULL,
  `no_cheque` varchar(20) NOT NULL,
  PRIMARY KEY (`id_bukti`)
) ENGINE=InnoDB AUTO_INCREMENT=40 DEFAULT CHARSET=utf8mb4 COLLATE=utf8mb4_general_ci;
/*!40101 SET character_set_client = @saved_cs_client */;

--
-- Dumping data for table `tbl_othrcv`
--

LOCK TABLES `tbl_othrcv` WRITE;
/*!40000 ALTER TABLE `tbl_othrcv` DISABLE KEYS */;
SET autocommit=0;
INSERT INTO `tbl_othrcv` VALUES (3,'001','2023-01-06','1102.001','REJO MAKMUR',488000.00,'PENGGANTIAN BIAYA KIRIM  KW. 09/MSI.XI/2022','',0,''),(9,'002','2023-01-30','1102.001','',5078100.00,'Pengembalian uang SPTNP Screen tgl 25-10-2022','',1,''),(11,'003','2023-01-31','1102.001','',118911.66,'Biaya Bunga ','',1,''),(12,'004','2023-01-01','1102.003','',1545000.00,'Surat jalan No 02 Desember 2022 Bapak Husen Wijaya (Charge Kunjungan Jasa Teknisi dan Transport ','',1,''),(14,'005','2023-01-13','1102.003','',182000.00,'Penggantian biaya kirim PT Deli Kw. 003/MSI/KW/0123','',1,''),(15,'006','2023-01-16','1102.003','',200000.00,'Penggantian biaya kirim CV Marvel Kw. 002/MSI/KW/0123','',1,''),(16,'BF 186204-2','2023-01-19','1102.003','',2500000.00,'Pengembalian Advance Dadang dan Pak Kamdani ke Madiun tgl 10 Januari 2023','',1,''),(17,'007','2023-01-20','1102.003','',100000.00,'Cash Back pembelian tangga melalui Kartu kredit panin ','',1,''),(18,'008','2023-01-31','1102.003','',88664.57,'Bunga ','',1,''),(19,'009','2023-01-31','1102.008','',372.00,'Biaya Bunga Bank ','',1,''),(20,'010','2023-01-31','1102.005','',498.85,'Biaya Bunga Bank ','',1,''),(21,'011','2023-02-06','1102.001','',100000.00,'Penggantian biaya kirim AT-Div Bapak Didi Kw. 10/MSI.XII/2022','',1,''),(23,'012','2023-02-10','1102.001','',15000000.00,'DP CV MAGHROBI','',1,''),(24,'013','2023-02-13','1102.001','',1800000.00,'penggantian Biaya Kirim Bapak Edy Kw. 01/MSI.II/2023','',1,''),(25,'024','2023-02-15','1102.001','',2600000.00,'Pengembalian Advance biaya kirim','',1,''),(26,'025','2023-02-24','1102.001','',175000.00,'Penggantian Biaya Kirim CV Umbul Siti Kw. 06/MSI.VIII/2022','',1,''),(27,'026','2023-02-28','1102.001','',188329.69,'Biaya Bunga ','',1,''),(28,'00001-OD-2023','2023-02-03','1102.003','',600000.00,'Surat Jalan Ibu Sri Sujati No 02 Januari 2023 Charge Kunjungan Teknisi dan Transportasi','',1,''),(29,'00002-OD-2023','2023-02-06','1102.003','',3270000.00,'Penggantian Media Filter Bapak Haryono','',1,''),(30,'00003-OD-2023','2023-02-06','1102.003','',430000.00,'Penggantian Housing Membrane Bapak Haryono','',1,''),(31,'00004-OD-2023','2023-02-14','1102.003','',800000.00,'Surat Jalan 30 Januari-01 Februari 2023 teknisi dan transportasi Bapak Andreyus','',1,''),(32,'00005-OD-2023','2023-02-21','1102.003','',83325.00,'Penggantian biaya kirim Pompa PT Deli Kw. 007/MSI/KW/0223','',1,''),(33,'00006-OD-2023','2023-02-21','1102.003','',204000.00,'Penggantian biaya kirim Pompa dan Motor CV Tridaya Kw. 006/MSI/KW/0223','',1,''),(34,'00007-OD-2023','2023-02-28','1102.003','',235353.80,'Bunga','',1,''),(35,'00008-OD-2023','2023-01-31','1102.002','',0.05,'Biaya Bunga ','',15406,''),(36,'00009-OD-2023','2023-01-31','1102.004','',0.07,'Bunga','',15406,''),(37,'00010-OD-2023','2023-02-28','1102.002','',0.05,'Bunga ','',15406,''),(38,'00011-OD-2023','2023-02-28','1102.004','',0.05,'Bunga ','',15406,''),(39,'00012-OD-2023','2023-02-28','1102.005','',534.95,'Bunga Bank','',1,'');
/*!40000 ALTER TABLE `tbl_othrcv` ENABLE KEYS */;
UNLOCK TABLES;
COMMIT;

-- Dumped table `tbl_othrcv` with 29 row(s)
--

--
-- Table structure for table `tbl_payment`
--

/*!40101 SET @saved_cs_client     = @@character_set_client */;
/*!40101 SET character_set_client = utf8 */;
CREATE TABLE `tbl_payment` (
  `no_payment` varchar(20) NOT NULL,
  `tgl_payment` date NOT NULL,
  `kode_supplier` varchar(10) DEFAULT NULL,
  `catatan` varchar(50) NOT NULL,
  `total_bayar` double(14,2) NOT NULL DEFAULT 0.00,
  `total_potongan` double(14,2) NOT NULL DEFAULT 0.00,
  `total_pph23` double(14,2) NOT NULL DEFAULT 0.00,
  `total_ongkir` double(14,2) NOT NULL DEFAULT 0.00,
  `no_giro` varchar(20) NOT NULL,
  `tgl_giro` date NOT NULL,
  `kode_account` varchar(10) DEFAULT NULL,
  `carabayar` varchar(10) DEFAULT NULL,
  `nilai_tukar` double(12,2) NOT NULL DEFAULT 0.00,
  PRIMARY KEY (`no_payment`)
) ENGINE=InnoDB DEFAULT CHARSET=utf8mb4 COLLATE=utf8mb4_general_ci;
/*!40101 SET character_set_client = @saved_cs_client */;

--
-- Dumping data for table `tbl_payment`
--

LOCK TABLES `tbl_payment` WRITE;
/*!40000 ALTER TABLE `tbl_payment` DISABLE KEYS */;
SET autocommit=0;
INSERT INTO `tbl_payment` VALUES ('VP-2023-00001','2023-01-17','SP-0003','',2546300.00,1.00,49130.00,0.00,'BF 080693','2023-01-17','1102.001',NULL,1.00),('VP-2023-00002','2023-01-04','SP-0121','',7360000.00,0.00,0.00,0.00,'','2023-01-04','1102.003',NULL,1.00),('VP-2023-00005','2023-01-20','SP-0061','',22046688.00,0.00,0.00,0.00,'BF 186205','2023-01-20','1102.003',NULL,1.00),('VP-2023-00006','2023-02-01','SP-0061','',20825064.00,0.00,0.00,0.00,'BF 186209','2023-02-01','1102.003',NULL,1.00),('VP-2023-00007','2023-01-16','SP-0131','',10765900.00,0.00,0.00,0.00,'','2023-01-16','1102.003',NULL,1.00),('VP-2023-00008','2023-02-08','SP-0136','',2708400.00,0.00,0.00,0.00,'BF 186214-1','2023-02-08','1102.003',NULL,1.00),('VP-2023-00009','2023-02-08','SP-0061','',22046688.00,0.00,0.00,0.00,'BF 186215','2023-02-08','1102.003',NULL,1.00),('VP-2023-00010','2023-02-17','SP-0135','',1737200.00,0.00,0.00,50000.00,'BF 186218','2023-02-17','1102.003',NULL,1.00),('VP-2023-00011','2023-02-17','SP-0098','',11821500.00,0.00,0.00,0.00,'BF 186218-1','2023-02-17','1102.003',NULL,1.00);
/*!40000 ALTER TABLE `tbl_payment` ENABLE KEYS */;
UNLOCK TABLES;
COMMIT;

-- Dumped table `tbl_payment` with 9 row(s)
--

--
-- Table structure for table `tbl_purchinv`
--

/*!40101 SET @saved_cs_client     = @@character_set_client */;
/*!40101 SET character_set_client = utf8 */;
CREATE TABLE `tbl_purchinv` (
  `no_invoice` varchar(20) NOT NULL,
  `tgl_invoice` date NOT NULL,
  `kode_divisi` varchar(20) NOT NULL,
  `invoice_supp` varchar(30) NOT NULL,
  `no_po` varchar(20) NOT NULL,
  `kode_supplier` varchar(10) NOT NULL,
  `kurs` int(11) NOT NULL,
  `total_amount` double(14,2) NOT NULL DEFAULT 0.00,
  `total_discount` double(14,2) NOT NULL DEFAULT 0.00,
  `total_dpp` double(14,2) NOT NULL DEFAULT 0.00,
  `total_ppn` double(14,2) NOT NULL DEFAULT 0.00,
  `total_invoice` double(14,2) NOT NULL DEFAULT 0.00,
  `total_potongan` double(12,2) DEFAULT 0.00,
  `total_retur` double(14,2) NOT NULL DEFAULT 0.00,
  `total_bayar` double(14,2) NOT NULL DEFAULT 0.00,
  `status` int(1) NOT NULL DEFAULT 0,
  `awal` int(1) NOT NULL DEFAULT 0,
  `keterangan` varchar(100) NOT NULL,
  PRIMARY KEY (`no_invoice`)
) ENGINE=InnoDB DEFAULT CHARSET=utf8mb4 COLLATE=utf8mb4_general_ci;
/*!40101 SET character_set_client = @saved_cs_client */;

--
-- Dumping data for table `tbl_purchinv`
--

LOCK TABLES `tbl_purchinv` WRITE;
/*!40000 ALTER TABLE `tbl_purchinv` DISABLE KEYS */;
SET autocommit=0;
INSERT INTO `tbl_purchinv` VALUES ('0002-PI-2023','2023-02-13','JOHNSON','42/MSI/ZLS-2/2023 REV 01','','SP-0049',15140,3810.00,120.00,3690.00,0.00,3690.00,0.00,0.00,0.00,0,0,''),('0003-PI-2023','2023-02-06','JOHNSON','43/MSI/ZLS-02/2023','','SP-0049',14898,470.00,0.00,470.00,0.00,470.00,0.00,0.00,0.00,0,0,''),('0005-PI-2023','2023-01-30','FRANKLIN','A003/LPO/MSI/FR/I/23','','SP-0131',1,5783243.00,0.00,5783243.00,636156.73,6419399.73,0.00,0.00,0.00,0,0,''),('0007-PI-2023','2023-02-01','FRANKLIN','A004/LPO/MSI/FR/I/23','','SP-0061',1,18761319.00,0.00,18761319.00,2063745.09,20825064.09,0.00,0.00,20825064.00,0,0,''),('0008-PI-2023','2023-01-20','FRANKLIN','A001/LPO/MSI/FR/I/23','','SP-0061',1,19861881.00,0.00,19861881.00,2184806.91,22046687.91,0.00,0.00,22046688.00,0,0,''),('0010-PI-2023','2023-03-10','JOHNSON','PO-02/MSI-HUA/III-2023','','SP-0134',15438,3584.00,0.00,3584.00,0.00,3584.00,0.00,0.00,0.00,0,0,''),('0011-PI-2023','2023-01-26','FRANKLIN','A002/LPO/MSI/FR/I/23','','SP-0131',1,6348919.00,0.00,6348919.00,698381.09,7047300.09,0.00,0.00,0.00,0,0,''),('0012-PI-2023','2023-02-02','FRANKLIN','A005/LPO/MSI/FR/II/23','','SP-0131',1,6348919.00,0.00,6348919.00,698381.09,7047300.09,0.00,0.00,0.00,0,0,''),('0013-PI-2023','2023-02-08','FRANKLIN','A007/LPO/MSI/FR/II/23','','SP-0061',1,19861881.00,0.00,19861881.00,2184806.91,22046687.91,0.00,0.00,22046688.00,0,0,''),('0014-PI-2023','2023-01-11','WINFLOW','025/PO/AO/I/23','','SP-0135',1,1520000.00,0.00,1520000.00,167200.00,1687200.00,0.00,0.00,1737200.00,0,0,''),('0015-PI-2023','2023-02-06','WINFLOW','005/PO/NR/I/2023','','SP-0136',1,2440000.00,0.00,2440000.00,268400.00,2708400.00,0.00,0.00,2708400.00,0,0,''),('0016-PI-2023','2023-02-15','WINFLOW','002/PO/NR/I/2023','','SP-0098',1,10650000.00,0.00,10650000.00,1171500.00,11821500.00,0.00,0.00,11821500.00,0,0,''),('0017-PI-2023','2023-03-08','FRANKLIN','A008/LPO/MSI/FR/III/23','','SP-0131',1,5783243.00,0.00,5783243.00,636156.73,6419399.73,0.00,0.00,0.00,0,0,''),('0018-PI-2023','2023-03-20','FRANKLIN','A009/LPO/MSI/FR/III/23','','SP-0061',1,19861881.00,0.00,19861881.00,2184806.91,22046687.91,0.00,0.00,0.00,0,0,''),('003/PO/AO/XI/2022','2022-12-01','','','','SP-0121',1,0.00,0.00,0.00,0.00,7360000.00,0.00,0.00,7360000.00,0,1,''),('A043/LPO/MSI/FR/XI/2','2022-11-18','','','','SP-0131',1,0.00,0.00,0.00,0.00,10765875.00,0.00,0.00,10765900.00,0,1,''),('IV2022127416','2022-12-15','','','','SP-0003',1,0.00,0.00,0.00,0.00,1254328.00,0.00,0.00,1254328.00,0,1,''),('IV2022127417','2022-12-15','','','','SP-0003',1,0.00,0.00,0.00,0.00,1341091.00,0.00,0.00,1341103.00,0,1,'');
/*!40000 ALTER TABLE `tbl_purchinv` ENABLE KEYS */;
UNLOCK TABLES;
COMMIT;

-- Dumped table `tbl_purchinv` with 18 row(s)
--

--
-- Table structure for table `tbl_purchord`
--

/*!40101 SET @saved_cs_client     = @@character_set_client */;
/*!40101 SET character_set_client = utf8 */;
CREATE TABLE `tbl_purchord` (
  `no_po` varchar(20) NOT NULL,
  `tgl_po` date NOT NULL,
  `kode_supplier` varchar(10) NOT NULL,
  `termin` int(3) NOT NULL,
  `tgl_kirim` varchar(15) DEFAULT NULL,
  `total_dpp` double(14,2) NOT NULL DEFAULT 0.00,
  `total_ppn` double(14,2) NOT NULL DEFAULT 0.00,
  `total_po` double(12,2) NOT NULL DEFAULT 0.00,
  `keterangan` varchar(100) NOT NULL,
  PRIMARY KEY (`no_po`)
) ENGINE=InnoDB DEFAULT CHARSET=utf8mb4 COLLATE=utf8mb4_general_ci;
/*!40101 SET character_set_client = @saved_cs_client */;

--
-- Dumping data for table `tbl_purchord`
--

LOCK TABLES `tbl_purchord` WRITE;
/*!40000 ALTER TABLE `tbl_purchord` DISABLE KEYS */;
SET autocommit=0;
/*!40000 ALTER TABLE `tbl_purchord` ENABLE KEYS */;
UNLOCK TABLES;
COMMIT;

-- Dumped table `tbl_purchord` with 0 row(s)
--

--
-- Table structure for table `tbl_purchrtn`
--

/*!40101 SET @saved_cs_client     = @@character_set_client */;
/*!40101 SET character_set_client = utf8 */;
CREATE TABLE `tbl_purchrtn` (
  `no_retur` varchar(20) NOT NULL,
  `tgl_retur` date NOT NULL,
  `no_invoice` varchar(20) NOT NULL,
  `kode_supplier` varchar(10) NOT NULL,
  `keterangan` varchar(50) NOT NULL,
  `total_dpp` double(12,2) NOT NULL DEFAULT 0.00,
  `total_ppn` double(12,2) NOT NULL DEFAULT 0.00,
  `total_retur` double(14,2) NOT NULL DEFAULT 0.00,
  `kurs` int(11) NOT NULL,
  PRIMARY KEY (`no_retur`)
) ENGINE=InnoDB DEFAULT CHARSET=utf8mb4 COLLATE=utf8mb4_general_ci;
/*!40101 SET character_set_client = @saved_cs_client */;

--
-- Dumping data for table `tbl_purchrtn`
--

LOCK TABLES `tbl_purchrtn` WRITE;
/*!40000 ALTER TABLE `tbl_purchrtn` DISABLE KEYS */;
SET autocommit=0;
/*!40000 ALTER TABLE `tbl_purchrtn` ENABLE KEYS */;
UNLOCK TABLES;
COMMIT;

-- Dumped table `tbl_purchrtn` with 0 row(s)
--

--
-- Table structure for table `tbl_receipt`
--

/*!40101 SET @saved_cs_client     = @@character_set_client */;
/*!40101 SET character_set_client = utf8 */;
CREATE TABLE `tbl_receipt` (
  `no_receipt` varchar(20) NOT NULL,
  `tgl_receipt` date NOT NULL,
  `kode_customer` varchar(10) DEFAULT NULL,
  `kode_account` varchar(10) NOT NULL,
  `total_bayar` double(14,2) NOT NULL DEFAULT 0.00,
  `total_potongan` double(14,2) NOT NULL DEFAULT 0.00,
  `total_admin` double(14,2) NOT NULL DEFAULT 0.00,
  `total_pph23` double(14,2) NOT NULL DEFAULT 0.00,
  `total_pph4` double(14,2) NOT NULL DEFAULT 0.00,
  `no_giro` varchar(20) NOT NULL,
  `tgl_giro` date NOT NULL,
  `carabayar` varchar(20) DEFAULT NULL,
  PRIMARY KEY (`no_receipt`)
) ENGINE=InnoDB DEFAULT CHARSET=utf8mb4 COLLATE=utf8mb4_general_ci;
/*!40101 SET character_set_client = @saved_cs_client */;

--
-- Dumping data for table `tbl_receipt`
--

LOCK TABLES `tbl_receipt` WRITE;
/*!40000 ALTER TABLE `tbl_receipt` DISABLE KEYS */;
SET autocommit=0;
INSERT INTO `tbl_receipt` VALUES ('CR-2023-00001','2023-01-02','CS-0254','1102.001',39929350.00,2900.00,0.00,0.00,0.00,'','2023-01-02',NULL),('CR-2023-00002','2023-01-02','CS-0340','1102.001',15600000.00,0.00,0.00,0.00,0.00,'','2023-01-02',NULL),('CR-2023-00003','2023-01-03','CS-0342','1102.001',5148000.00,2.00,0.00,0.00,0.00,'','2023-01-03',NULL),('CR-2023-00004','2023-01-03','CS-0190','1102.001',5330000.00,0.00,0.00,0.00,0.00,'','2023-01-03',NULL),('CR-2023-00005','2023-01-05','CS-0194','1102.001',12900000.00,0.00,0.00,0.00,0.00,'','2023-01-05',NULL),('CR-2023-00006','2023-01-06','CS-0242','1102.001',27104962.00,0.00,0.00,0.00,0.00,'','2023-01-06',NULL),('CR-2023-00007','2023-01-11','CS-0343','1102.001',14133000.00,0.00,0.00,0.00,0.00,'','2023-01-11',NULL),('CR-2023-00008','2023-01-13','CS-0012','1102.001',0.00,0.00,0.00,0.00,0.00,'','2023-01-13',NULL),('CR-2023-00009','2023-01-18','CS-0281','1102.001',81225000.00,0.00,0.00,0.00,0.00,'','2023-01-18',NULL),('CR-2023-00010','2023-01-20','CS-0078','1102.001',4915000.00,0.00,0.00,0.00,0.00,'','2023-01-20',NULL),('CR-2023-00011','2023-01-24','CS-0194','1102.001',6765000.00,0.00,0.00,0.00,0.00,'','2023-01-24',NULL),('CR-2023-00012','2023-01-24','CS-0194','1102.001',32500000.00,0.00,0.00,0.00,0.00,'','2023-01-24',NULL),('CR-2023-00013','2023-01-25','CS-0037','1102.001',7120000.00,0.00,0.00,0.00,0.00,'','2023-01-25',NULL),('CR-2023-00014','2023-01-25','CS-0344','1102.001',2946000.00,1.00,0.00,0.00,0.00,'','2023-01-25',NULL),('CR-2023-00015','2023-01-25','CS-0345','1102.001',6993000.00,0.00,0.00,0.00,0.00,'','2023-01-25',NULL),('CR-2023-00016','2023-01-27','CS-0193','1102.001',19699600.00,0.00,0.00,0.00,0.00,'','2023-01-27',NULL),('CR-2023-00017','2023-01-27','CS-0344','1102.001',4250000.00,0.00,0.00,0.00,0.00,'','2023-01-27',NULL),('CR-2023-00018','2023-01-30','CS-0346','1102.001',7440000.00,0.00,0.00,0.00,0.00,'','2023-01-30',NULL),('CR-2023-00019','2023-01-30','CS-0263','1102.001',1300000.00,0.00,0.00,0.00,0.00,'','2023-01-30',NULL),('CR-2023-00020','2023-01-04','CS-0189','1102.003',2005600.00,0.00,0.00,0.00,0.00,'','2023-01-04',NULL),('CR-2023-00021','2023-01-05','CS-0021','1102.003',2000000.00,0.00,0.00,0.00,0.00,'','2023-01-05',NULL),('CR-2023-00022','2023-01-10','CS-0025','1102.003',14685000.00,0.00,0.00,0.00,0.00,'','2023-01-10',NULL),('CR-2023-00023','2023-01-10','CS-0100','1102.003',13703750.00,0.00,0.00,0.00,0.00,'','2023-01-10',NULL),('CR-2023-00024','2023-01-11','CS-0353','1102.003',15664000.00,0.00,0.00,0.00,0.00,'','2023-01-11',NULL),('CR-2023-00025','2023-01-11','CS-0268','1102.003',19316000.00,0.00,0.00,0.00,0.00,'','2023-01-11',NULL),('CR-2023-00026','2023-01-12','CS-0011','1102.003',28165500.00,0.00,0.00,0.00,0.00,'','2023-01-12',NULL),('CR-2023-00027','2023-01-13','CS-0012','1102.001',31435000.00,-7.00,0.00,0.00,0.00,'','2023-01-13',NULL),('CR-2023-00028','2023-01-18','CS-0285','1102.003',29363075.00,0.00,0.00,0.00,0.00,'','2023-01-18',NULL),('CR-2023-00029','2023-01-24','CS-0021','1102.003',2630000.00,0.00,0.00,0.00,0.00,'','2023-01-24',NULL),('CR-2023-00031','2023-01-30','CS-0025','1102.003',719300.00,0.00,-78.00,0.00,0.00,'','2023-01-30',NULL),('CR-2023-00032','2023-01-30','CS-0005','1102.003',13874000.00,0.00,-500.00,0.00,0.00,'','2023-01-30',NULL),('CR-2023-00033','2023-01-30','CS-0354','1102.003',24500000.00,0.00,0.00,0.00,0.00,'','2023-01-30',NULL),('CR-2023-00034','2023-01-30','CS-0099','1102.003',42736500.00,0.00,0.00,0.00,0.00,'','2023-01-30',NULL),('CR-2023-00035','2023-01-31','CS-0088','1102.003',2217100.00,0.00,2900.00,0.00,0.00,'','2023-01-31',NULL),('CR-2023-00036','2023-02-01','CS-0078','1102.001',11045000.00,0.00,-3.00,0.00,0.00,'','2023-02-01',NULL),('CR-2023-00037','2023-02-06','CS-0011','1102.001',16294500.00,0.00,0.00,0.00,0.00,'','2023-02-06',NULL),('CR-2023-00038','2023-01-05','CS-0362','1102.001',5700000.00,0.00,0.00,0.00,0.00,'','2023-01-05',NULL),('CR-2023-00039','2023-02-07','CS-0329','1102.001',1000000.00,0.00,0.00,0.00,0.00,'','2023-02-07',NULL),('CR-2023-00040','2023-02-07','CS-0017','1102.001',2000000.00,0.00,0.00,0.00,0.00,'','2023-02-07',NULL),('CR-2023-00041','2023-02-07','CS-0326','1102.001',2000000.00,0.00,0.00,0.00,0.00,'','2023-02-07',NULL),('CR-2023-00042','2023-02-07','CS-0326','1102.001',3000000.00,0.00,0.00,0.00,0.00,'','2023-02-07',NULL),('CR-2023-00043','2023-02-10','CS-0232','1102.001',5142400.00,0.00,0.00,0.00,0.00,'','2023-02-10',NULL),('CR-2023-00044','2023-02-10','CS-0232','1102.001',20000000.00,0.00,0.00,0.00,0.00,'','2023-02-10',NULL),('CR-2023-00045','2023-02-10','CS-0324','1102.001',5000000.00,0.00,0.00,0.00,0.00,'','2023-02-10',NULL),('CR-2023-00046','2023-02-10','CS-0325','1102.001',5100000.00,0.00,0.00,0.00,0.00,'','2023-02-10',NULL),('CR-2023-00047','2023-02-10','CS-0327','1102.001',6470000.00,0.00,0.00,0.00,0.00,'','2023-02-10',NULL),('CR-2023-00048','2023-02-10','CS-0329','1102.001',8900000.00,0.00,0.00,0.00,0.00,'','2023-02-10',NULL),('CR-2023-00049','2023-02-10','CS-0331','1102.001',10800000.00,0.00,0.00,0.00,0.00,'','2023-02-10',NULL),('CR-2023-00050','2023-02-10','CS-0012','1102.001',74620000.00,0.00,0.00,0.00,0.00,'','2023-02-10',NULL),('CR-2023-00051','2023-02-10','CS-0326','1102.001',15000000.00,0.00,0.00,0.00,0.00,'','2023-02-10',NULL),('CR-2023-00052','2023-02-13','CS-0012','1102.001',5464000.00,0.00,0.00,0.00,0.00,'','2023-02-13',NULL),('CR-2023-00053','2023-02-13','CS-0017','1102.001',10290000.00,0.00,0.00,0.00,0.00,'','2023-02-13',NULL),('CR-2023-00054','2023-02-15','CS-0012','1102.001',59430000.00,0.00,0.00,0.00,0.00,'','2023-02-15',NULL),('CR-2023-00055','2023-02-17','CS-0337','1102.001',10000000.00,0.00,0.00,0.00,0.00,'','2023-02-17',NULL),('CR-2023-00056','2023-02-21','CS-0017','1102.001',9950000.00,0.00,0.00,0.00,0.00,'','2023-02-21',NULL),('CR-2023-00057','2023-02-24','CS-0346','1102.001',6287500.00,0.00,0.00,0.00,0.00,'','2023-02-24',NULL),('CR-2023-00058','2023-02-24','CS-0107','1102.001',13800000.00,0.00,0.00,0.00,0.00,'','2023-02-24',NULL),('CR-2023-00059','2023-02-24','CS-0107','1102.001',7500000.00,0.00,0.00,0.00,0.00,'','2023-02-24',NULL),('CR-2023-00060','2023-02-24','CS-0063','1102.001',5000000.00,0.00,0.00,0.00,0.00,'','2023-02-24',NULL),('CR-2023-00061','2023-01-24','CS-0361','1102.003',61180000.00,0.00,0.00,980000.00,0.00,'','2023-01-24',NULL),('CR-2023-00062','2023-01-24','CS-0361','1102.003',201020000.00,0.00,0.00,3220000.00,0.00,'','2023-02-24',NULL),('CR-2023-00063','2023-01-25','CS-0200','1102.003',1201750.00,0.00,0.00,19250.00,0.00,'','2023-01-25',NULL),('CR-2023-00064','2023-01-31','CS-0361','1102.003',89585000.00,0.00,0.00,1435000.00,0.00,'','2023-01-31',NULL),('CR-2023-00065','2023-01-31','CS-0355','1102.003',45235000.00,0.00,0.00,0.00,0.00,'','2023-01-31',NULL),('CR-2023-00066','2022-12-09','CS-0365','1102.003',17000000.00,0.00,0.00,0.00,0.00,'','2022-12-09',NULL),('CR-2023-00067','2023-02-02','CS-0170','1102.003',31136250.00,0.00,0.00,498750.00,0.00,'','2023-02-02',NULL),('CR-2023-00068','2023-02-06','CS-0011','1102.003',10930722.00,0.00,0.00,0.00,0.00,'','2023-02-06',NULL),('CR-2023-00069','2023-02-10','CS-0009','1102.003',43985000.00,-1.00,0.00,0.00,0.00,'','2023-02-10',NULL),('CR-2023-00070','2023-02-13','CS-0372','1102.003',9800000.00,0.00,0.00,0.00,0.00,'','2023-02-13',NULL),('CR-2023-00071','2023-02-14','CS-0011','1102.003',130000.00,0.00,0.00,0.00,0.00,'','2023-02-14',NULL),('CR-2023-00072','2023-02-15','CS-0376','1102.003',38850000.00,0.00,0.00,0.00,0.00,'','2023-02-15',NULL),('CR-2023-00073','2023-02-17','CS-0373','1102.003',16755500.00,0.00,0.00,0.00,0.00,'','2023-02-17',NULL),('CR-2023-00074','2023-02-17','CS-0366','1102.003',2060000.00,0.00,0.00,0.00,0.00,'','2023-02-17',NULL),('CR-2023-00075','2023-02-20','CS-0353','1102.003',9500000.00,0.00,0.00,0.00,0.00,'','2023-02-20',NULL),('CR-2023-00076','2023-02-23','CS-0341','1102.003',14121500.00,0.00,0.00,0.00,0.00,'','2023-02-23',NULL),('CR-2023-00077','2023-02-23','CS-0131','1102.003',500000.00,0.00,0.00,0.00,0.00,'','2023-02-23',NULL),('CR-2023-00078','2023-02-24','CS-0375','1102.003',15000000.00,0.00,0.00,0.00,0.00,'','2023-02-24',NULL),('CR-2023-00079','2023-02-24','CS-0375','1102.003',10000000.00,0.00,1.00,0.00,0.00,'','2023-02-24',NULL),('CR-2023-00080','2023-02-24','CS-0025','1102.003',422500.00,0.00,0.00,0.00,0.00,'','2023-02-24',NULL),('CR-2023-00081','2023-02-27','CS-0285','1102.003',16621800.00,0.00,0.00,0.00,0.00,'','2023-02-27',NULL),('CR-2023-00082','2023-02-02','CS-0026','1102.005',555000.00,0.00,0.00,0.00,0.00,'','2023-02-02',NULL),('CR-2023-00083','2023-03-01','CS-0173','1102.001',12420000.00,0.00,0.00,0.00,0.00,'','2023-03-01',NULL),('CR-2023-00084','2023-03-02','CS-0335','1102.001',5000000.00,0.00,0.00,0.00,0.00,'','2023-03-02',NULL),('CR-2023-00085','2023-03-02','CS-0078','1102.001',11940000.00,0.00,0.00,0.00,0.00,'','2023-03-02',NULL),('CR-2023-00086','2023-03-02','CS-0012','1102.001',2760000.00,0.00,0.00,0.00,0.00,'','2023-03-02',NULL),('CR-2023-00087','2023-03-02','CS-0340','1102.001',10000000.00,0.00,0.00,0.00,0.00,'','2023-03-02',NULL),('CR-2023-00088','2023-03-03','CS-0194','1102.001',2000000.00,0.00,0.00,0.00,0.00,'','2023-03-03',NULL),('CR-2023-00089','2023-03-03','CS-0191','1102.001',8800000.00,0.00,0.00,0.00,0.00,'','2023-03-03',NULL);
/*!40000 ALTER TABLE `tbl_receipt` ENABLE KEYS */;
UNLOCK TABLES;
COMMIT;

-- Dumped table `tbl_receipt` with 88 row(s)
--

--
-- Table structure for table `tbl_salesinv`
--

/*!40101 SET @saved_cs_client     = @@character_set_client */;
/*!40101 SET character_set_client = utf8 */;
CREATE TABLE `tbl_salesinv` (
  `id_inv` int(11) NOT NULL AUTO_INCREMENT,
  `no_invoice` varchar(20) NOT NULL,
  `tgl_invoice` date NOT NULL,
  `kode_divisi` varchar(20) NOT NULL,
  `id_sj` int(11) NOT NULL,
  `no_suratjln` varchar(20) DEFAULT NULL,
  `no_po` varchar(30) NOT NULL,
  `kode_customer` varchar(10) NOT NULL,
  `term` int(3) NOT NULL,
  `due_date` varchar(20) DEFAULT NULL,
  `total_amount` double(14,2) NOT NULL DEFAULT 0.00,
  `total_discount` double(14,2) NOT NULL DEFAULT 0.00,
  `total_dpp` double(14,2) NOT NULL DEFAULT 0.00,
  `total_dp` double(14,2) NOT NULL DEFAULT 0.00,
  `total_ppn` double(14,2) NOT NULL DEFAULT 0.00,
  `ongkir` double(14,2) NOT NULL DEFAULT 0.00,
  `total_invoice` double(14,2) NOT NULL DEFAULT 0.00,
  `total_retur` double(14,2) NOT NULL DEFAULT 0.00,
  `total_potongan` double(12,2) DEFAULT 0.00,
  `total_admin` double(14,2) NOT NULL DEFAULT 0.00,
  `total_pph23` double(14,2) NOT NULL DEFAULT 0.00,
  `total_pph4` double(14,2) NOT NULL DEFAULT 0.00,
  `total_bayar` double(14,2) NOT NULL DEFAULT 0.00,
  `total_hpp` double(14,2) NOT NULL DEFAULT 0.00,
  `tax` int(3) NOT NULL,
  `awal` int(1) NOT NULL DEFAULT 0,
  `keterangan` varchar(100) DEFAULT NULL,
  PRIMARY KEY (`id_inv`)
) ENGINE=InnoDB AUTO_INCREMENT=292 DEFAULT CHARSET=utf8mb4 COLLATE=utf8mb4_general_ci;
/*!40101 SET character_set_client = @saved_cs_client */;

--
-- Dumping data for table `tbl_salesinv`
--

LOCK TABLES `tbl_salesinv` WRITE;
/*!40000 ALTER TABLE `tbl_salesinv` DISABLE KEYS */;
SET autocommit=0;
INSERT INTO `tbl_salesinv` VALUES (6,'INV. 050','2020-03-26','',0,NULL,'','CS-0324',0,NULL,0.00,0.00,0.00,0.00,0.00,0.00,23700000.00,0.00,0.00,0.00,0.00,0.00,0.00,0.00,0,1,NULL),(7,'INV. 083','2020-06-03','',0,NULL,'','CS-0324',0,NULL,0.00,0.00,0.00,0.00,0.00,0.00,36300000.00,0.00,0.00,0.00,0.00,0.00,0.00,0.00,0,1,NULL),(8,'INV. 061','2020-04-06','',0,NULL,'','CS-0325',0,NULL,0.00,0.00,0.00,0.00,0.00,0.00,20000000.00,0.00,0.00,0.00,0.00,0.00,0.00,0.00,0,1,NULL),(9,'INV. 082','2020-06-02','',0,NULL,'','CS-0325',0,NULL,0.00,0.00,0.00,0.00,0.00,0.00,17100000.00,0.00,0.00,0.00,0.00,0.00,0.00,0.00,0,1,NULL),(10,'INV 062','2020-04-07','',0,NULL,'','CS-0326',0,NULL,0.00,0.00,0.00,0.00,0.00,0.00,37050000.00,0.00,0.00,0.00,0.00,0.00,0.00,0.00,0,1,NULL),(11,'INV. 079','2020-05-20','',0,NULL,'','CS-0326',0,NULL,0.00,0.00,0.00,0.00,0.00,0.00,60000000.00,0.00,0.00,0.00,0.00,0.00,0.00,0.00,0,1,NULL),(12,'INV. 063','2020-04-08','',0,NULL,'','CS-0327',0,NULL,0.00,0.00,0.00,0.00,0.00,0.00,2045000.00,0.00,0.00,0.00,0.00,0.00,0.00,0.00,0,1,NULL),(13,'INV. 085','2020-06-05','',0,NULL,'','CS-0327',0,NULL,0.00,0.00,0.00,0.00,0.00,0.00,24425000.00,0.00,0.00,0.00,0.00,0.00,0.00,0.00,0,1,NULL),(18,'INV. 195','2020-12-14','',0,NULL,'','CS-0329',0,NULL,0.00,0.00,0.00,0.00,0.00,0.00,9900000.00,0.00,0.00,0.00,0.00,0.00,0.00,0.00,0,1,NULL),(19,'INV. 140','2020-08-28','',0,NULL,'','CS-0017',0,NULL,0.00,0.00,0.00,0.00,0.00,0.00,6000000.00,0.00,0.00,0.00,0.00,0.00,0.00,0.00,0,1,NULL),(20,'INV. 198','2021-12-16','',0,NULL,'','CS-0017',0,NULL,0.00,0.00,0.00,0.00,0.00,0.00,19920000.00,0.00,0.00,0.00,0.00,0.00,0.00,0.00,0,1,NULL),(21,'INV. 007','2021-01-12','',0,NULL,'','CS-0017',0,NULL,0.00,0.00,0.00,0.00,0.00,0.00,4455000.00,0.00,0.00,0.00,0.00,0.00,0.00,0.00,0,1,NULL),(22,'INV. 145','2020-09-05','',0,NULL,'','CS-0330',0,NULL,0.00,0.00,0.00,0.00,0.00,0.00,56250000.00,0.00,0.00,0.00,0.00,0.00,0.00,0.00,0,1,NULL),(23,'INV. 191','2020-12-10','',0,NULL,'','CS-0331',0,NULL,0.00,0.00,0.00,0.00,0.00,0.00,10800000.00,0.00,0.00,0.00,0.00,0.00,0.00,0.00,0,1,NULL),(26,'INV. 168','2021-12-24','',0,NULL,'','CS-0057',0,NULL,0.00,0.00,0.00,0.00,0.00,0.00,54570000.00,0.00,0.00,0.00,0.00,0.00,0.00,0.00,0,1,NULL),(27,'INV. 037','2021-03-19','',0,NULL,'','CS-0063',0,NULL,0.00,0.00,0.00,0.00,0.00,0.00,41800000.00,0.00,0.00,0.00,0.00,0.00,0.00,0.00,0,1,NULL),(29,'INV. 106','2021-09-22','',0,NULL,'','CS-0291',0,NULL,0.00,0.00,0.00,0.00,0.00,0.00,17953000.00,0.00,0.00,0.00,0.00,0.00,0.00,0.00,0,1,NULL),(30,'INV. 126','2021-11-05','',0,NULL,'','CS-0257',0,NULL,0.00,0.00,0.00,0.00,0.00,0.00,51400000.00,0.00,0.00,0.00,0.00,0.00,0.00,0.00,0,1,NULL),(31,'INV. 166','2021-12-21','',0,NULL,'','CS-0080',0,NULL,0.00,0.00,0.00,0.00,0.00,0.00,75075000.00,0.00,0.00,0.00,0.00,0.00,0.00,0.00,0,1,NULL),(32,'INV. 165','2021-12-21','',0,NULL,'','CS-0261',0,NULL,0.00,0.00,0.00,0.00,0.00,0.00,20627000.00,0.00,0.00,0.00,0.00,0.00,0.00,0.00,0,1,NULL),(41,'INV. 096','2022-09-26','',0,NULL,'','CS-0162',0,NULL,0.00,0.00,0.00,0.00,0.00,0.00,34839000.00,0.00,0.00,0.00,0.00,0.00,0.00,0.00,0,1,NULL),(42,'INV. 124','2022-11-07','',0,NULL,'','CS-0162',0,NULL,0.00,0.00,0.00,0.00,0.00,0.00,86215504.00,0.00,0.00,0.00,0.00,0.00,0.00,0.00,0,1,NULL),(44,'INV. 019','2022-02-07','',0,NULL,'','CS-0263',0,NULL,0.00,0.00,0.00,0.00,0.00,0.00,1300000.00,0.00,0.00,0.00,0.00,0.00,0.00,0.00,0,1,NULL),(45,'INV. 011','2022-01-29','',0,NULL,'','CS-0246',0,NULL,0.00,0.00,0.00,0.00,0.00,0.00,15132000.00,0.00,0.00,0.00,0.00,0.00,0.00,0.00,0,1,NULL),(46,'INV. 024','2022-03-01','',0,NULL,'','CS-0306',0,NULL,0.00,0.00,0.00,0.00,0.00,0.00,8256000.00,0.00,0.00,0.00,0.00,0.00,0.00,0.00,0,1,NULL),(47,'INV 080','2022-09-01','',0,NULL,'','CS-0167',0,NULL,0.00,0.00,0.00,0.00,0.00,0.00,13500000.00,0.00,0.00,0.00,0.00,0.00,0.00,0.00,0,1,NULL),(48,'INV. 130','2022-11-15','',0,NULL,'','CS-0227',0,NULL,0.00,0.00,0.00,0.00,0.00,0.00,93932000.00,0.00,0.00,0.00,0.00,0.00,0.00,0.00,0,1,NULL),(49,'144-JS-XII-2022','2022-12-17','',0,NULL,'','CS-0191',0,NULL,0.00,0.00,0.00,0.00,0.00,0.00,8800000.00,0.00,0.00,0.00,0.00,0.00,8800000.00,0.00,0,1,NULL),(50,'INV. 104','2020-07-01','',0,NULL,'','CS-0332',0,NULL,0.00,0.00,0.00,0.00,0.00,0.00,12600000.00,0.00,0.00,0.00,0.00,0.00,0.00,0.00,0,1,NULL),(51,'INV. 136','2022-08-18','',0,NULL,'','CS-0332',0,NULL,0.00,0.00,0.00,0.00,0.00,0.00,13200000.00,0.00,0.00,0.00,0.00,0.00,0.00,0.00,0,1,NULL),(54,'INV. 137','2022-12-08','',0,NULL,'','CS-0037',0,NULL,0.00,0.00,0.00,0.00,0.00,0.00,7120000.00,0.00,0.00,0.00,0.00,0.00,0.00,0.00,0,1,NULL),(55,'INV. 126','2022-11-11','',0,NULL,'','CS-0242',0,NULL,0.00,0.00,0.00,0.00,0.00,0.00,27104962.00,0.00,0.00,0.00,0.00,0.00,0.00,0.00,0,1,NULL),(56,'INV. 081','2020-06-02','',0,NULL,'','CS-0333',0,NULL,0.00,0.00,0.00,0.00,0.00,0.00,9960000.00,0.00,0.00,0.00,0.00,0.00,0.00,0.00,0,1,NULL),(57,'INV. 200','2022-12-22','',0,NULL,'','CS-0334',0,NULL,0.00,0.00,0.00,0.00,0.00,0.00,27450000.00,0.00,0.00,0.00,0.00,0.00,0.00,0.00,0,1,NULL),(58,'INV. 142','2020-08-29','',0,NULL,'','CS-0328',0,NULL,0.00,0.00,0.00,0.00,0.00,0.00,26000000.00,0.00,0.00,0.00,0.00,0.00,0.00,0.00,0,1,NULL),(59,'INV. 194','2020-12-17','',0,NULL,'','CS-0328',0,NULL,0.00,0.00,0.00,0.00,0.00,0.00,19630000.00,0.00,0.00,0.00,0.00,0.00,0.00,0.00,0,1,NULL),(60,'INV. 199','2020-12-18','',0,NULL,'','CS-0328',0,NULL,0.00,0.00,0.00,0.00,0.00,0.00,22800000.00,0.00,0.00,0.00,0.00,0.00,0.00,0.00,0,1,NULL),(61,'INV. 022','2021-02-26','',0,NULL,'','CS-0335',0,NULL,0.00,0.00,0.00,0.00,0.00,0.00,60000000.00,0.00,0.00,0.00,0.00,0.00,0.00,0.00,0,1,NULL),(62,'INV. 085','2022-09-08','',0,NULL,'','CS-0179',0,NULL,0.00,0.00,0.00,0.00,0.00,0.00,27900000.00,0.00,0.00,0.00,0.00,0.00,0.00,0.00,0,1,NULL),(63,'INV. 106','2022-10-14','',0,NULL,'','CS-0179',0,NULL,0.00,0.00,0.00,0.00,0.00,0.00,92724000.00,0.00,0.00,0.00,0.00,0.00,0.00,0.00,0,1,NULL),(64,'INV. 095','2022-09-26','',0,NULL,'','CS-0180',0,NULL,0.00,0.00,0.00,0.00,0.00,0.00,17671500.00,0.00,0.00,0.00,0.00,0.00,0.00,0.00,0,1,NULL),(65,'INV. 105','2022-10-14','',0,NULL,'','CS-0180',0,NULL,0.00,0.00,0.00,0.00,0.00,0.00,100451000.00,0.00,0.00,0.00,0.00,0.00,0.00,0.00,0,1,NULL),(66,'INV. 115','2022-10-24','',0,NULL,'','CS-0194',0,NULL,0.00,0.00,0.00,0.00,0.00,0.00,16928400.00,0.00,0.00,0.00,0.00,0.00,0.00,0.00,0,1,NULL),(68,'INV. 032','2020-03-02','',0,NULL,'','CS-0336',0,NULL,0.00,0.00,0.00,0.00,0.00,0.00,23550000.00,0.00,0.00,0.00,0.00,0.00,0.00,0.00,0,1,NULL),(69,'INV. 069','2020-05-06','',0,NULL,'','CS-0336',0,NULL,0.00,0.00,0.00,0.00,0.00,0.00,16450000.00,0.00,0.00,0.00,0.00,0.00,0.00,0.00,0,1,NULL),(70,'INV. 164','2021-12-20','',0,NULL,'','CS-0070',0,NULL,0.00,0.00,0.00,0.00,0.00,0.00,431480000.00,0.00,0.00,0.00,0.00,0.00,0.00,0.00,0,1,NULL),(71,' INV. 169 ','2022-12-24','',0,NULL,'','CS-0323',0,NULL,0.00,0.00,0.00,0.00,0.00,0.00,184950000.00,0.00,0.00,0.00,0.00,0.00,0.00,0.00,0,1,NULL),(72,'INV. 170','2022-12-27','',0,NULL,'','CS-0023',0,NULL,0.00,0.00,0.00,0.00,0.00,0.00,477680000.00,0.00,0.00,0.00,0.00,0.00,0.00,0.00,0,1,NULL),(73,'INV. 155','2021-12-15','',0,NULL,'','CS-0023',0,NULL,0.00,0.00,0.00,0.00,0.00,0.00,489496000.00,0.00,0.00,0.00,0.00,0.00,0.00,0.00,0,1,NULL),(74,'INV. 015','2022-02-02','',0,NULL,'','CS-0023',0,NULL,0.00,0.00,0.00,0.00,0.00,0.00,20040000.00,0.00,0.00,0.00,0.00,0.00,0.00,0.00,0,1,NULL),(75,'INV. 016','2022-02-02','',0,NULL,'','CS-0023',0,NULL,0.00,0.00,0.00,0.00,0.00,0.00,9588000.00,0.00,0.00,0.00,0.00,0.00,0.00,0.00,0,1,NULL),(76,'INV. 072','2022-08-25','',0,NULL,'','CS-0107',0,NULL,0.00,0.00,0.00,0.00,0.00,0.00,37500000.00,0.00,0.00,0.00,0.00,0.00,0.00,0.00,0,1,NULL),(77,'INV. 073','2022-08-25','',0,NULL,'','CS-0107',0,NULL,0.00,0.00,0.00,0.00,0.00,0.00,13800000.00,0.00,0.00,0.00,0.00,0.00,0.00,0.00,0,1,NULL),(78,'INV. 064','2022-08-03','',0,NULL,'','CS-0173',0,NULL,0.00,0.00,0.00,0.00,0.00,0.00,15900000.00,0.00,0.00,0.00,0.00,0.00,0.00,0.00,0,1,NULL),(79,'INV 083','2022-09-06','',0,NULL,'','CS-0173',0,NULL,0.00,0.00,0.00,0.00,0.00,0.00,12420000.00,0.00,0.00,0.00,0.00,0.00,0.00,0.00,0,1,NULL),(80,'INV. 221','2019-10-29','',0,NULL,'','CS-0337',0,NULL,0.00,0.00,0.00,0.00,0.00,0.00,123657424.00,0.00,0.00,0.00,0.00,0.00,0.00,0.00,0,1,NULL),(81,'INV. 016','2020-01-31','',0,NULL,'','CS-0337',0,NULL,0.00,0.00,0.00,0.00,0.00,0.00,110574720.00,0.00,0.00,0.00,0.00,0.00,0.00,0.00,0,1,NULL),(82,'INV. 019','2022-02-10','',0,NULL,'','CS-0337',0,NULL,0.00,0.00,0.00,0.00,0.00,0.00,194529600.00,0.00,0.00,0.00,0.00,0.00,0.00,0.00,0,1,NULL),(86,'INV. 021','2020-02-10','',0,NULL,'','CS-0339',0,NULL,0.00,0.00,0.00,0.00,0.00,0.00,249343264.00,0.00,0.00,0.00,0.00,0.00,0.00,0.00,0,1,NULL),(87,'INV. 047','2020-03-20','',0,NULL,'','CS-0340',0,NULL,0.00,0.00,0.00,0.00,0.00,0.00,94817296.00,0.00,0.00,0.00,0.00,0.00,0.00,0.00,0,1,NULL),(89,'INV. 147','2022-12-21','',0,NULL,'','CS-0051',0,NULL,0.00,0.00,0.00,0.00,0.00,0.00,11200000.00,0.00,0.00,0.00,0.00,0.00,0.00,0.00,0,1,NULL),(93,'001/AS-I/2023','2023-01-03','JOHNSON',0,'001/AS-I/2023','','CS-0342',0,'2023-01-03',4637840.00,0.00,4637840.00,0.00,510162.00,0.00,5148002.00,0.00,0.00,0.00,0.00,0.00,5148002.00,2852000.00,0,0,'AS SCREEN'),(94,'002/JS-I-2023','2023-01-05','JOHNSON',0,'002/JS-I/2023','','CS-0193',0,'2023-01-05',17750000.00,0.00,17750000.00,0.00,1952500.00,0.00,19702500.00,0.00,0.00,0.00,0.00,0.00,19699600.00,0.00,0,0,'FP-D-M Wedge Screen100'),(95,'004/AS-I/2023','2023-01-05','JOHNSON',0,'004/AS-I/2023','','CS-0194',0,'2023-01-05',11621620.00,0.00,11621620.00,0.00,1278378.00,0.00,12899998.00,0.00,0.00,0.00,0.00,0.00,12900000.00,7130000.00,0,0,'AS SCREEN'),(96,'005/AS-I/2023','2023-01-07','JOHNSON',0,'005/AS-I/2023','','CS-0190',0,'2023-01-07',4801800.00,0.00,4801800.00,0.00,528198.00,0.00,5329998.00,0.00,0.00,0.00,0.00,0.00,5330000.00,2557500.00,0,0,'AS SCREEN'),(97,'006/JS-I/2023','2023-01-09','JOHNSON',0,'006/JS-I/2023','','CS-0012',0,'2023-01-09',15950448.00,0.00,15950448.00,0.00,1754549.00,0.00,17704997.00,0.00,-3.00,0.00,0.00,0.00,17705000.00,6711500.00,0,0,'AS SCREEN & JOHNSON SCREEN'),(98,'007/JS-I/2023','2023-01-12','JOHNSON',0,'007/JS-I/2023','','CS-0012',0,'2023-01-12',12369366.00,0.00,12369366.00,0.00,1360630.00,0.00,13729996.00,0.00,-4.00,0.00,0.00,0.00,13730000.00,5595500.00,0,0,'JOHNSON SCREEN'),(99,'008/AS-I/2023','2023-01-16','JOHNSON',0,'008/AS-I/2023','','CS-0078',0,'2023-01-16',4427926.00,0.00,4427926.00,0.00,487072.00,0.00,4914998.00,0.00,0.00,0.00,0.00,0.00,4915000.00,1813500.00,0,0,'AS SCREEN'),(100,'009/AS-I/2023','2023-01-20','JOHNSON',0,'009/AS-I-2023','','CS-0194',0,'2023-01-20',6094593.00,0.00,6094593.00,0.00,670405.00,0.00,6764998.00,0.00,0.00,0.00,0.00,0.00,6765000.00,3673500.00,0,0,'AS SCREEN'),(101,'012/AS-I/2023','2023-01-25','JOHNSON',0,'012/AS-I/2023','','CS-0194',0,'2023-01-25',38288280.00,0.00,38288280.00,0.00,4211711.00,0.00,42499991.00,0.00,0.00,0.00,0.00,0.00,32500000.00,15655000.00,0,0,'AS SCREEN'),(102,'013/AS-I/2023','2023-01-26','JOHNSON',0,'013/AS-I/2023','','CS-0344',0,'2023-01-26',2654055.00,0.00,2654055.00,0.00,291946.00,0.00,2946001.00,0.00,0.00,0.00,0.00,0.00,2946001.00,1534500.00,0,0,'AS SCREEN'),(103,'003/JS-I/2023','2023-01-05','JOHNSON',0,'003/JS-I/2023','','CS-0343',0,'2023-01-05',12732500.00,0.00,12732500.00,0.00,1400575.00,0.00,14133075.00,0.00,0.00,0.00,0.00,0.00,14133000.00,0.00,0,0,'DOWN PAYMENT LATERAL Screen SS316'),(104,'016/AS-I/2023','2023-01-30','JOHNSON',0,'016/AS-I/2023','','CS-0078',0,'2023-01-30',9950448.00,0.00,9950448.00,0.00,1094549.00,0.00,11044997.00,0.00,0.00,-3.00,0.00,0.00,11045000.00,5905500.00,0,0,'AS SCREEN'),(105,'011/JS-I/2023','2023-01-20','JOHNSON',0,'011/JS-I/2023','','CS-0345',0,'2023-01-20',6300000.00,0.00,6300000.00,0.00,693000.00,0.00,6993000.00,0.00,0.00,0.00,0.00,0.00,6993000.00,0.00,0,0,'JOHNSON SCREEN DOWN PAYMENT'),(106,'010/JS-II/2023','2023-02-09','JOHNSON',0,'010/JS-II/2023','','CS-0037',0,'2023-02-09',9237160.00,0.00,9237160.00,0.00,1016088.00,0.00,10253248.00,0.00,0.00,0.00,0.00,0.00,0.00,2774500.00,0,0,'JOHNSON SCREEN'),(107,'014/AS-I/2023','2023-01-27','JOHNSON',0,'014/AS-I/2023','','CS-0344',0,'2023-01-27',3828828.00,0.00,3828828.00,0.00,421171.00,0.00,4249999.00,0.00,0.00,0.00,0.00,0.00,4250000.00,1565500.00,0,0,'AS SCREEN'),(108,'015/AS-I/2023','2023-01-27','JOHNSON',0,'015/AS-I/2023','','CS-0346',0,'2023-01-27',6702702.00,0.00,6702702.00,0.00,737297.00,0.00,7439999.00,0.00,0.00,0.00,0.00,0.00,7440000.00,4278000.00,0,0,'AS SCREEN'),(109,'018/JS-II/2023','2023-02-08','JOHNSON',0,'018/JS-II/2023','','CS-0012',0,'2023-02-08',72147750.00,0.00,72147750.00,0.00,7936253.00,0.00,80084003.00,0.00,0.00,0.00,0.00,0.00,80084000.00,26381530.00,0,0,'JOHNSON SCREEN'),(110,'019/AS-II/2023','2023-02-10','JOHNSON',0,'019/AS-II/2023','','CS-0232',0,'2023-02-10',22637844.00,0.00,22637844.00,0.00,2490163.00,0.00,25128007.00,0.00,0.00,0.00,0.00,0.00,25142400.00,12834000.00,0,0,'AS SCREEN'),(111,'022/AS-II/2023','2023-02-11','JOHNSON',0,'022/AS-II/2023','','CS-0017',0,'2023-02-11',9270270.00,0.00,9270270.00,0.00,1019730.00,0.00,10290000.00,0.00,0.00,0.00,0.00,0.00,10290000.00,5890000.00,0,0,'AS SCREEN'),(112,'025/AS-II/2023','2023-02-25','JOHNSON',0,'025/AS-II/2023','','CS-0346',0,'2023-02-25',5664415.00,0.00,5664415.00,0.00,623086.00,0.00,6287501.00,0.00,0.00,0.00,0.00,0.00,6287500.00,3565000.00,0,0,'AS Screen'),(115,'029/JS-III/2023','2023-03-03','JOHNSON',0,'029/JS-III/2023','','CS-0012',0,'2023-03-03',2486486.00,0.00,2486486.00,0.00,273513.00,0.00,2759999.00,0.00,0.00,0.00,0.00,0.00,2760000.00,821765.00,0,0,'Johnson Screen'),(116,'020/AS-II/2023','2023-02-27','JOHNSON',0,'020/AS-II/2023','','CS-0078',0,'2023-02-20',46612618.00,0.00,46612618.00,0.00,5127388.00,0.00,51740006.00,0.00,0.00,0.00,0.00,0.00,11940000.00,27001000.00,0,0,'AS Screen'),(117,'150-JS-XII-2022','2022-12-28','',0,NULL,'','CS-0254',0,NULL,0.00,0.00,0.00,0.00,0.00,0.00,39932250.00,0.00,0.00,0.00,0.00,0.00,39932250.00,0.00,0,1,NULL),(118,'031/AS-III/2023','2023-03-07','JOHNSON',0,'031/AS-III/2023','','CS-0347',0,'2023-03-07',3783784.00,0.00,3783784.00,0.00,416216.00,0.00,4200000.00,0.00,0.00,0.00,0.00,0.00,0.00,2046000.00,0,0,'AS Screen'),(121,'180-MSI-FR-XII-22','2022-12-12','',0,NULL,'','CS-0240',0,NULL,0.00,0.00,0.00,0.00,0.00,0.00,763776.00,0.00,0.00,0.00,0.00,0.00,0.00,0.00,0,1,NULL),(122,'163-MSI-FR-1122','2022-11-25','',0,NULL,'','CS-0225',0,NULL,0.00,0.00,0.00,0.00,0.00,0.00,9386955.00,0.00,0.00,0.00,0.00,0.00,0.00,0.00,0,1,NULL),(124,'162-MSI-FR-1122','2022-11-29','',0,NULL,'','CS-0223',0,NULL,0.00,0.00,0.00,0.00,0.00,0.00,6200830.00,0.00,0.00,0.00,0.00,0.00,0.00,0.00,0,1,NULL),(125,'161-MSI-FR-1122','2022-11-25','',0,NULL,'','CS-0224',0,NULL,0.00,0.00,0.00,0.00,0.00,0.00,6200830.00,0.00,0.00,0.00,0.00,0.00,0.00,0.00,0,1,NULL),(126,'159-MSI-FR-1122','2022-12-01','',0,NULL,'','CS-0239',0,NULL,0.00,0.00,0.00,0.00,0.00,0.00,59581112.00,0.00,0.00,0.00,0.00,0.00,0.00,0.00,0,1,NULL),(127,'160-MSI-FR-1122','2022-01-12','',0,NULL,'','CS-0239',0,NULL,0.00,0.00,0.00,0.00,0.00,0.00,20744346.00,0.00,0.00,0.00,0.00,0.00,0.00,0.00,0,1,NULL),(128,'150-MSI-FR-1122','2022-11-15','',0,NULL,'','CS-0009',0,NULL,0.00,0.00,0.00,0.00,0.00,0.00,43984999.00,0.00,-1.00,0.00,0.00,0.00,43985000.00,0.00,0,1,NULL),(129,'158-MSI-FR-1122','2022-11-22','',0,NULL,'','CS-0009',0,NULL,0.00,0.00,0.00,0.00,0.00,0.00,15950500.00,0.00,0.00,0.00,0.00,0.00,0.00,0.00,0,1,NULL),(130,'173-MSI-FR-1222','2022-12-08','',0,NULL,'','CS-0009',0,NULL,0.00,0.00,0.00,0.00,0.00,0.00,28244007.00,0.00,0.00,0.00,0.00,0.00,0.00,0.00,0,1,NULL),(131,'183-MSI-FR-1222','2022-12-15','',0,NULL,'','CS-0189',0,NULL,0.00,0.00,0.00,0.00,0.00,0.00,2060004.00,0.00,0.00,0.00,0.00,0.00,2005600.00,0.00,0,1,NULL),(132,'041-MSI-FR-0322','2022-07-18','',0,NULL,'','CS-0159',0,NULL,0.00,0.00,0.00,0.00,0.00,0.00,545000.00,0.00,0.00,0.00,0.00,0.00,0.00,0.00,0,1,NULL),(133,'024-MSI-FR-0222','2022-02-10','',0,NULL,'','CS-0155',0,NULL,0.00,0.00,0.00,0.00,0.00,0.00,85000.00,0.00,0.00,0.00,0.00,0.00,0.00,0.00,0,1,NULL),(134,'186-MSI-FR-1222','2022-12-26','',0,NULL,'','CS-0005',0,NULL,0.00,0.00,0.00,0.00,0.00,0.00,13873500.00,0.00,0.00,-500.00,0.00,0.00,13874000.00,0.00,0,1,NULL),(135,'112-MSI-FR-0922','2022-09-07','',0,NULL,'','CS-0131',0,NULL,0.00,0.00,0.00,0.00,0.00,0.00,2100000.00,0.00,0.00,0.00,0.00,0.00,500000.00,0.00,0,1,NULL),(142,'153-MSI-SJ-0921','2021-09-13','',0,NULL,'','CS-0187',0,NULL,0.00,0.00,0.00,0.00,0.00,0.00,85000.00,0.00,0.00,0.00,0.00,0.00,0.00,0.00,0,1,NULL),(143,'202-MSI-SJ-1121','2021-11-09','',0,NULL,'','CS-0288',0,NULL,0.00,0.00,0.00,0.00,0.00,0.00,134000.00,0.00,0.00,0.00,0.00,0.00,0.00,0.00,0,1,NULL),(144,'067-MSI-FR-0522','2022-05-16','',0,NULL,'','CS-0157',0,NULL,0.00,0.00,0.00,0.00,0.00,0.00,90000.00,0.00,0.00,0.00,0.00,0.00,0.00,0.00,0,1,NULL),(145,'062-MSI-FR-0521','2021-12-31','',0,NULL,'','CS-0123',0,NULL,0.00,0.00,0.00,0.00,0.00,0.00,900000.00,0.00,0.00,0.00,0.00,0.00,0.00,0.00,0,1,NULL),(146,'187-MSI-FR-1021','2021-10-29','',0,NULL,'','CS-0273',0,NULL,0.00,0.00,0.00,0.00,0.00,0.00,158000.00,0.00,0.00,0.00,0.00,0.00,0.00,0.00,0,1,NULL),(147,'060-MSI-FR-0521','2021-12-28','',0,NULL,'','CS-0121',0,NULL,0.00,0.00,0.00,0.00,0.00,0.00,3040000.00,0.00,0.00,0.00,0.00,0.00,0.00,0.00,0,1,NULL),(148,'129-MSI-FR-0821','2021-08-05','',0,NULL,'','CS-0165',0,NULL,0.00,0.00,0.00,0.00,0.00,0.00,140000.00,0.00,0.00,0.00,0.00,0.00,0.00,0.00,0,1,NULL),(149,'INV. 059','2021-05-05','',0,NULL,'','CS-0341',0,NULL,0.00,0.00,0.00,0.00,0.00,0.00,46400000.00,0.00,0.00,0.00,0.00,0.00,0.00,0.00,0,1,NULL),(150,'111-MSI-FR-1020','2020-10-01','',0,NULL,'','CS-0341',0,NULL,0.00,0.00,0.00,0.00,0.00,0.00,30121500.00,0.00,0.00,0.00,0.00,0.00,14121500.00,0.00,0,1,NULL),(151,'145-MSI-FR-1122','2022-11-01','',0,NULL,'','CS-0285',0,NULL,0.00,0.00,0.00,0.00,0.00,0.00,22178700.00,0.00,0.00,0.00,0.00,0.00,22178700.00,0.00,0,1,NULL),(152,'157-MSI-FR-1122','2022-11-18','',0,NULL,'','CS-0285',0,NULL,0.00,0.00,0.00,0.00,0.00,0.00,7184375.00,0.00,0.00,0.00,0.00,0.00,7184375.00,0.00,0,1,NULL),(153,'179-MSI-FR-1222','2022-12-12','',0,NULL,'','CS-0285',0,NULL,0.00,0.00,0.00,0.00,0.00,0.00,13096200.00,0.00,0.00,0.00,0.00,0.00,13096200.00,0.00,0,1,NULL),(154,'181-MSI-FR-1222','2022-12-15','',0,NULL,'','CS-0285',0,NULL,0.00,0.00,0.00,0.00,0.00,0.00,3525600.00,0.00,0.00,0.00,0.00,0.00,3525600.00,0.00,0,1,NULL),(155,'027-MSI-FR-0320','2020-03-01','',0,NULL,'','CS-0348',0,NULL,0.00,0.00,0.00,0.00,0.00,0.00,5004000.00,0.00,0.00,0.00,0.00,0.00,0.00,0.00,0,1,NULL),(156,'INV. 028','2019-02-23','',0,NULL,'','CS-0338',0,NULL,0.00,0.00,0.00,0.00,0.00,0.00,194635600.00,0.00,0.00,0.00,0.00,0.00,0.00,0.00,0,1,NULL),(157,'INV. 161','2019-08-16','',0,NULL,'','CS-0338',0,NULL,0.00,0.00,0.00,0.00,0.00,0.00,35015328.00,0.00,0.00,0.00,0.00,0.00,0.00,0.00,0,1,NULL),(158,'INV. 105','2020-07-01','',0,NULL,'','CS-0338',0,NULL,0.00,0.00,0.00,0.00,0.00,0.00,57638400.00,0.00,0.00,0.00,0.00,0.00,0.00,0.00,0,1,NULL),(159,'061-1-MSI-FR-0620','2020-06-01','',0,NULL,'','CS-0338',0,NULL,0.00,0.00,0.00,0.00,0.00,0.00,44380000.00,0.00,0.00,0.00,0.00,0.00,0.00,0.00,0,1,NULL),(160,'075-MSI-FR-0720','2020-07-01','',0,NULL,'','CS-0349',0,NULL,0.00,0.00,0.00,0.00,0.00,0.00,9495000.00,0.00,0.00,0.00,0.00,0.00,0.00,0.00,0,1,NULL),(164,'INV. 042','2021-03-29','',0,NULL,'','CS-0021',0,NULL,0.00,0.00,0.00,0.00,0.00,0.00,5598200.00,0.00,0.00,0.00,0.00,0.00,0.00,0.00,0,1,NULL),(165,'INV. 093','2021-08-19','',0,NULL,'','CS-0021',0,NULL,0.00,0.00,0.00,0.00,0.00,0.00,31410000.00,0.00,0.00,0.00,0.00,0.00,0.00,0.00,0,1,NULL),(166,'167-MSI-FR-1222','2022-12-02','',0,NULL,'','CS-0021',0,NULL,0.00,0.00,0.00,0.00,0.00,0.00,4630000.00,0.00,0.00,0.00,0.00,0.00,4630000.00,0.00,0,1,NULL),(167,'179-MSI-FR-1219','2019-12-01','',0,NULL,'','CS-0350',0,NULL,0.00,0.00,0.00,0.00,0.00,0.00,15043800.00,0.00,0.00,0.00,0.00,0.00,0.00,0.00,0,1,NULL),(168,'INV. 157','2021-12-13','',0,NULL,'','CS-0241',0,NULL,0.00,0.00,0.00,0.00,0.00,0.00,21450000.00,0.00,0.00,0.00,0.00,0.00,0.00,0.00,0,1,NULL),(169,'122-MSI-FR-0721','2021-08-02','',0,NULL,'','CS-0241',0,NULL,0.00,0.00,0.00,0.00,0.00,0.00,45948108.00,0.00,0.00,0.00,0.00,0.00,0.00,0.00,0,1,NULL),(170,'024/AS-II/2023','2023-02-17','JOHNSON',0,'024/AS-II/2023','','CS-0017',0,'2023-02-17',8963960.00,0.00,8963960.00,0.00,986036.00,0.00,9949996.00,0.00,0.00,0.00,0.00,0.00,9950000.00,5115000.00,0,0,'AS SCREEN'),(171,'021/AS-II/2023','2023-02-13','JOHNSON',0,'021/AS-II/2023','','CS-0012',0,'2023-02-13',53540540.00,0.00,53540540.00,0.00,5889459.00,0.00,59429999.00,0.00,0.00,0.00,0.00,0.00,59430000.00,24335000.00,0,0,'AS SCREEN'),(172,'017/JS-II/2023','2023-02-08','JOHNSON',0,'017/JS-II/2023','','CS-0066',0,'2023-02-08',8108108.00,0.00,8108108.00,0.00,891892.00,0.00,9000000.00,0.00,0.00,0.00,0.00,0.00,0.00,0.00,0,0,'Inverter Tanfon'),(173,'023/AS-II/2023','2023-02-21','JOHNSON',0,'023/AS-II/2023','','CS-0046',0,'2023-02-21',10850450.00,0.00,10850450.00,0.00,1193550.00,0.00,12044000.00,0.00,0.00,0.00,0.00,0.00,0.00,4867000.00,0,0,'AS Screen'),(174,'001/MSI/FR/0123','2023-01-10','FRANKLIN',0,'001/MSI/SJ/0123','','CS-0100',0,'2023-01-10',12345721.00,0.00,12345721.00,0.00,1358029.00,0.00,13703750.00,0.00,0.00,0.00,0.00,0.00,13703750.00,0.00,0,0,''),(175,'002/MSI/FR/0123','2023-01-06','FRANKLIN',0,'002/MSI/SJ/0123','','CS-0009',0,'2023-01-06',44687838.00,0.00,44687838.00,0.00,4915662.00,0.00,49603500.00,0.00,0.00,0.00,0.00,0.00,0.00,0.00,0,0,''),(176,'003/MSI/FR/I/23','2023-01-06','FRANKLIN',0,'003/MSI-FR/I/23','','CS-0366',0,'2023-01-06',395646.00,0.00,395646.00,0.00,43521.00,0.00,439167.00,0.00,0.00,0.00,0.00,0.00,0.00,0.00,0,0,''),(177,'004/MSI-FR/I/23','2023-01-06','FRANKLIN',0,'004','','CS-0025',0,'2023-01-06',344044.00,0.00,344044.00,0.00,37845.00,0.00,381889.00,0.00,0.00,-39.00,0.00,0.00,381928.00,0.00,0,0,''),(178,'005/MSI/FR/0123','2023-01-11','FRANKLIN',0,'005/MSI/SJ/0123','','CS-0268',0,'2023-01-11',17401802.00,0.00,17401802.00,0.00,1914198.00,0.00,19316000.00,0.00,0.00,0.00,0.00,0.00,19316000.00,0.00,0,0,''),(179,'006/MSI/FR/0123','2023-01-11','FRANKLIN',0,'006/MSI/SJ/0123','','CS-0353',0,'2023-01-11',14111712.00,0.00,14111712.00,0.00,1552288.00,0.00,15664000.00,0.00,0.00,0.00,0.00,0.00,15664000.00,0.00,0,0,''),(180,'034/JS-III/2023','2023-03-11','JOHNSON',0,'034/JS-III/2023','','CS-0012',0,'2023-03-11',5066486.00,0.00,5066486.00,0.00,557313.00,0.00,5623799.00,0.00,0.00,0.00,0.00,0.00,0.00,1891000.00,0,0,'Johnson Screen'),(181,'007/MSI/FR/0123','2023-01-20','FRANKLIN',0,'007/MSI/SJ/0123','','CS-0099',0,'2023-01-20',38501351.00,0.00,38501351.00,0.00,4235149.00,0.00,42736500.00,0.00,0.00,0.00,0.00,0.00,42736500.00,0.00,0,0,''),(184,'008/MSI-FR/I/23','2023-01-18','FRANKLIN',0,'008','','CS-0025',0,'2023-01-18',303904.00,0.00,303904.00,0.00,33429.00,0.00,337333.00,0.00,0.00,-39.00,0.00,0.00,337372.00,0.00,0,0,''),(186,'009/MSI/FR/0123','2023-01-27','FRANKLIN',0,'009/MSI/SJ/0123','','CS-0113',0,'2023-01-27',20270270.00,0.00,20270270.00,0.00,2229730.00,0.00,22500000.00,0.00,0.00,0.00,0.00,0.00,0.00,0.00,0,0,''),(187,'010/MSI/FR/0123','2023-01-30','FRANKLIN',0,'010/MSI/SJ/0123','','CS-0354',0,'2023-01-30',22072072.00,0.00,22072072.00,0.00,2427928.00,0.00,24500000.00,0.00,0.00,0.00,0.00,0.00,24500000.00,0.00,0,0,''),(188,'012/MSI-FR/I/23','2023-01-30','FRANKLIN',0,'012','','CS-0011',0,'2023-01-30',116805.00,0.00,116805.00,0.00,12849.00,0.00,129654.00,0.00,0.00,0.00,0.00,0.00,130000.00,0.00,0,0,''),(189,'014/MSI/FR/23','2023-01-30','FRANKLIN',0,'014/MSI-FR/I/23','','CS-0366',0,'2023-01-30',233610.00,0.00,233610.00,0.00,25697.00,0.00,259307.00,0.00,0.00,0.00,0.00,0.00,0.00,0.00,0,0,''),(190,'015/MSI/FR/I/23','2023-01-30','FRANKLIN',0,'015','','CS-0366',0,'2023-01-30',172022.00,0.00,172022.00,0.00,18922.00,0.00,190944.00,0.00,0.00,0.00,0.00,0.00,0.00,0.00,0,0,''),(191,'017/MSI/FR/I/23','2023-01-02','FRANKLIN',0,'017','','CS-0366',0,'2023-01-02',463965.00,0.00,463965.00,0.00,51036.00,0.00,515001.00,0.00,0.00,0.00,0.00,0.00,0.00,0.00,0,0,''),(192,'013/MSI/FR/0123','2023-01-12','FRANKLIN',0,'013','','CS-0366',0,'2023-01-12',2752340.00,0.00,2752340.00,0.00,302757.00,0.00,3055097.00,0.00,0.00,0.00,0.00,0.00,0.00,0.00,0,0,''),(197,'037/JS-III/2023','2023-03-14','JOHNSON',0,'037/JS-III/2023','','CS-0358',0,'2023-03-14',6718558.00,0.00,6718558.00,0.00,739041.00,0.00,7457599.00,0.00,0.00,0.00,0.00,0.00,0.00,0.00,0,0,'DP 40%'),(198,'INV. 063','2022-08-15','',0,NULL,'','CS-0281',0,NULL,0.00,0.00,0.00,0.00,0.00,0.00,81225000.00,0.00,0.00,0.00,0.00,0.00,0.00,0.00,0,1,NULL),(199,'038/JS-III/2023','2023-03-15','JOHNSON',0,'038/JS-III/2023','','CS-0046',0,'2023-03-15',14702703.00,0.00,14702703.00,0.00,1617297.00,0.00,16320000.00,0.00,0.00,0.00,0.00,0.00,0.00,5301000.00,0,0,'Johnson Screen'),(200,'036/AS-III/2023','2023-03-13','JOHNSON',0,'036/AS-III/2023','','CS-0017',0,'2023-03-13',17970721.00,0.00,17970721.00,0.00,1976779.00,0.00,19947500.00,0.00,0.00,0.00,0.00,0.00,0.00,10617500.00,0,0,'AS Screen'),(201,'INV. 070','2022-08-19','',0,NULL,'','CS-0025',0,NULL,0.00,0.00,0.00,0.00,0.00,0.00,34838100.00,0.00,0.00,0.00,0.00,0.00,0.00,0.00,0,1,NULL),(202,'064-MSI-NR-XI-2022','2022-11-26','',0,NULL,'','CS-0025',0,NULL,0.00,0.00,0.00,0.00,0.00,0.00,14685300.00,0.00,0.00,0.00,0.00,0.00,14685000.00,0.00,0,1,NULL),(203,'039/AS-III/2023','2023-03-17','JOHNSON',0,'039/AS-III/2023','','CS-0242',0,'2023-04-16',11522532.00,0.00,11522532.00,0.00,1267479.00,240000.00,13030011.00,0.00,0.00,0.00,0.00,0.00,0.00,6138000.00,0,0,'AS Screen'),(204,'040/AS-III/2023','2023-03-17','JOHNSON',0,'040/AS-III/2023','','CS-0017',0,'2023-03-17',16068472.00,0.00,16068472.00,0.00,1767532.00,0.00,17836004.00,0.00,0.00,0.00,0.00,0.00,0.00,9982000.00,0,0,'AS Screen'),(205,'041/JS-III/2023','2023-03-17','JOHNSON',0,'041/JS-III/2023','','CS-0358',0,'2023-04-17',16796394.00,0.00,10077836.00,6718558.00,1108562.00,0.00,11186398.00,0.00,0.00,0.00,0.00,0.00,0.00,4278000.00,0,0,'Johnson Screen'),(206,'042/JS-III/2023','2023-03-18','JOHNSON',0,'042/JS-III/2023','','CS-0059',0,'2023-03-21',10644145.00,0.00,10644145.00,0.00,1170856.00,0.00,11815001.00,0.00,0.00,0.00,0.00,0.00,0.00,2574070.00,0,0,'Johnson Screen'),(208,'004/MSI-AO/I/2023','2023-01-09','WINFLOW',0,'004/MSI/AO/I/2023','','CS-0361',0,'2023-01-09',56000000.00,0.00,56000000.00,0.00,6160000.00,0.00,62160000.00,0.00,0.00,0.00,0.00,0.00,61180000.00,0.00,0,0,'Down Payment 40% pekerjaan winflow biofilter septic tank'),(209,'003/MSI-AO/I/2023','2023-01-09','WINFLOW',0,'003/MSI/AO/I/2023','','CS-0361',0,'2023-01-09',184000000.00,0.00,184000000.00,0.00,20240000.00,0.00,204240000.00,0.00,0.00,0.00,0.00,0.00,201020000.00,0.00,0,0,'DP 40% Pekerjaan IPAL & Recycle STP'),(210,'069-MSI-NR-XII-2022','2022-12-14','',0,NULL,'','CS-0088',0,NULL,0.00,0.00,0.00,0.00,0.00,0.00,2220000.00,0.00,0.00,2900.00,0.00,0.00,2217100.00,0.00,0,1,NULL),(211,'043/JS-III/2023','2023-03-24','JOHNSON',0,'043/JS-III/2023','','CS-0012',0,'2023-03-24',14504504.00,0.00,14504504.00,0.00,1595495.00,0.00,16099999.00,0.00,0.00,0.00,0.00,0.00,0.00,8308000.00,0,0,'AS Screen'),(212,'044/AS-III/2023','2023-03-24','JOHNSON',0,'044/AS-III/2023','','CS-0046',0,'2023-03-24',5459460.00,0.00,5459460.00,0.00,600541.00,0.00,6060001.00,0.00,0.00,0.00,0.00,0.00,0.00,3069000.00,0,0,'AS Screen'),(213,'047/AS-III/2023','2023-03-24','JOHNSON',0,'047/AS-III/2023','','CS-0012',0,'2023-03-24',10672072.00,0.00,10672072.00,0.00,1173928.00,0.00,11846000.00,0.00,0.00,0.00,0.00,0.00,0.00,4867000.00,0,0,'AS Screen'),(214,'048/JS-III/2023','2023-03-24','JOHNSON',0,'048/JS-III/2023','','CS-0078',0,'2023-03-24',3693694.00,0.00,3693694.00,0.00,406306.00,0.00,4100000.00,0.00,0.00,0.00,0.00,0.00,0.00,1643000.00,0,0,'Johnson Screen'),(215,'142-AS-XII-2022','2022-12-14','',0,NULL,'','CS-0011',0,NULL,0.00,0.00,0.00,0.00,0.00,0.00,16294500.00,0.00,0.00,0.00,0.00,0.00,16294500.00,0.00,0,1,NULL),(216,'030-JS-III-2021','2021-03-17','',0,NULL,'','CS-0011',0,NULL,0.00,0.00,0.00,0.00,0.00,0.00,77175000.00,0.00,0.00,0.00,0.00,0.00,0.00,0.00,0,1,NULL),(217,'INV. 077','2022-08-31','',0,NULL,'','CS-0011',0,NULL,0.00,0.00,0.00,0.00,0.00,0.00,74887400.00,0.00,0.00,0.00,0.00,0.00,0.00,0.00,0,1,NULL),(218,'169-MSI-FR-1222','2022-12-05','',0,NULL,'','CS-0011',0,NULL,0.00,0.00,0.00,0.00,0.00,0.00,28165500.00,0.00,0.00,0.00,0.00,0.00,28165500.00,0.00,0,1,NULL),(219,'174-MSI-FR-1222','2022-12-08','',0,NULL,'','CS-0011',0,NULL,0.00,0.00,0.00,0.00,0.00,0.00,103722.00,0.00,0.00,0.00,0.00,0.00,103722.00,0.00,0,1,NULL),(220,'187-MSI-FR-1222','2022-12-26','',0,NULL,'','CS-0011',0,NULL,0.00,0.00,0.00,0.00,0.00,0.00,10827000.00,0.00,0.00,0.00,0.00,0.00,10827000.00,0.00,0,1,NULL),(221,'046/AS-III/2023','2023-03-24','JOHNSON',0,'046/AS-III/2023','','CS-0046',0,'2023-03-24',135630625.00,0.00,135630625.00,0.00,14919369.00,0.00,150549994.00,0.00,0.00,0.00,0.00,0.00,0.00,60837500.00,0,0,'AS Screen'),(222,'030/JS-III/2023','2023-03-03','JOHNSON',0,'030/JS-III/2023','','CS-0362',0,'2023-03-03',17117117.00,0.00,17117117.00,0.00,1882883.00,0.00,19000000.00,0.00,0.00,0.00,0.00,0.00,5700000.00,340.00,0,0,'DSM Screen'),(223,'075-MSI-AO-XII-2022','2022-12-27','',0,NULL,'','CS-0200',0,NULL,0.00,0.00,0.00,0.00,0.00,0.00,1221000.00,0.00,0.00,0.00,0.00,0.00,1201750.00,0.00,0,1,NULL),(224,'008/MSI-AO/I/2023','2023-01-18','WINFLOW',0,'008/MSI/AO/II/2023','','CS-0361',0,'2023-01-18',82000000.00,0.00,82000000.00,0.00,9020000.00,0.00,91020000.00,0.00,0.00,0.00,0.00,0.00,89585000.00,0.00,0,0,'DP 40% Pekerjaan Pompa Air Bersih'),(225,'049/AS-III/2023','2023-04-05','JOHNSON',0,'049/AS-III/2023','','CS-0012',0,'2023-04-05',42688288.00,0.00,42688288.00,0.00,4695712.00,0.00,47384000.00,0.00,0.00,0.00,0.00,0.00,0.00,19468000.00,0,0,'AS Screen'),(226,'050/AS-III/2023','2023-03-30','JOHNSON',0,'050/AS-III/2023','','CS-0363',0,'2023-03-30',62848650.00,0.00,62848650.00,0.00,6913352.00,0.00,69762002.00,0.00,0.00,0.00,0.00,0.00,0.00,31155000.00,0,0,'AS Screen'),(227,'051/AS-III/2023','2023-04-05','JOHNSON',0,'051/AS-III/2023','','CS-0363',0,'2023-04-05',187729740.00,0.00,187729740.00,0.00,20650271.00,0.00,208380011.00,0.00,0.00,0.00,0.00,0.00,0.00,73005000.00,0,0,'AS Screen'),(228,'052/JS-III/2023','2023-04-05','JOHNSON',0,'052/JS-III/2023','','CS-0051',0,'2023-04-05',29588244.00,0.00,29588244.00,0.00,3254707.00,0.00,32842951.00,0.00,0.00,0.00,0.00,0.00,0.00,10602000.00,0,0,'Johnson Screen'),(229,'011/MSI/FR/1223','2023-01-31','FRANKLIN',0,'011/SO/FR/I/23','','CS-0355',0,'2023-01-31',40752252.00,0.00,40752252.00,0.00,4482748.00,0.00,45235000.00,0.00,0.00,0.00,0.00,0.00,45235000.00,0.00,0,0,'FRANKLIN'),(230,'INV/20230131/MPL/301','2023-01-31','FRANKLIN',0,'INV/20230131/MPL/301','','CS-0238',0,'2023-01-31',232432.00,0.00,232432.00,0.00,25568.00,0.00,258000.00,0.00,0.00,0.00,0.00,0.00,0.00,0.00,0,0,'CELLPACK'),(231,'053/JS-IV/2023','2023-04-03','JOHNSON',0,'053/JS-IV/2023','','CS-0364',0,'2023-04-03',63815316.00,0.00,63815316.00,0.00,7019685.00,0.00,70835001.00,0.00,0.00,0.00,0.00,0.00,0.00,26939000.00,0,0,'Johnson Screen'),(232,'172/MSI/FR/1222','2023-01-05','FRANKLIN',0,'172/MSI/FR/1222','','CS-0365',0,'2023-01-05',15315315.00,0.00,15315315.00,0.00,1684685.00,0.00,17000000.00,0.00,0.00,0.00,0.00,0.00,17000000.00,0.00,0,0,'FRANKLIN'),(233,'054/AS-III/2023','2023-04-04','JOHNSON',0,'054/AS-IV/2023','','CS-0017',0,'2023-04-04',9997299.00,0.00,9997299.00,0.00,1099703.00,0.00,11097002.00,0.00,0.00,0.00,0.00,0.00,0.00,6417000.00,0,0,'AS Screen'),(234,'055/JS-IV/2023','2023-04-05','JOHNSON',0,'055/JS-IV/2023','','CS-0363',0,'2023-04-05',116216220.00,0.00,116216220.00,0.00,12783784.00,0.00,129000004.00,0.00,0.00,0.00,0.00,0.00,0.00,42082500.00,0,0,'Johnson Screen'),(235,'032/JS-IV/2023','2023-04-06','JOHNSON',0,'032/JS-VI/2023','','CS-0367',0,'2023-04-20',27000000.00,0.00,27000000.00,0.00,2970000.00,0.00,29970000.00,0.00,0.00,0.00,0.00,0.00,0.00,6574120.00,0,0,'Johnson Screen'),(236,'056/AS-IV/2023','2023-04-06','JOHNSON',0,'056/AS-IV/2023','','CS-0037',0,'2023-04-06',14871620.00,0.00,14871620.00,0.00,1635878.00,0.00,16507498.00,0.00,0.00,0.00,0.00,0.00,0.00,4960000.00,0,0,'AS Screen'),(237,'057/AS-IV/2023','2023-04-06','JOHNSON',0,'057/AS-IV/2023','','CS-0368',0,'2023-05-06',49729728.00,0.00,49729728.00,0.00,5470270.00,0.00,55199998.00,0.00,0.00,0.00,0.00,0.00,0.00,18786000.00,0,0,'AS Screen'),(238,'058/AS-IV/2023','2023-04-10','JOHNSON',0,'058/AS-IV/2023','','CS-0017',0,'2023-04-10',6681084.00,0.00,6681084.00,0.00,734919.00,0.00,7416003.00,0.00,0.00,0.00,0.00,0.00,0.00,4278000.00,0,0,'AS Screen'),(239,'026/JS-III/2022','2023-03-02','JOHNSON',0,'026/JS-III/2022','','CS-0345',0,'2023-03-02',12600000.00,0.00,6300000.00,6300000.00,693000.00,0.00,6993000.00,0.00,0.00,0.00,0.00,0.00,0.00,0.00,0,0,'PELUNASAN'),(240,'028/JS-III/2023','2023-03-02','JOHNSON',0,'028/JS-III/2023','','CS-0343',0,'2023-03-02',25465000.00,0.00,12732500.00,12732500.00,1400575.00,0.00,14133075.00,0.00,0.00,0.00,0.00,0.00,0.00,0.00,0,0,'PELUNASAN'),(241,'027/JS-III/2022','2023-03-02','JOHNSON',0,'027/JS-III/2022','','CS-0254',0,'2023-03-02',71950000.00,0.00,35975000.00,35975000.00,3957250.00,0.00,39932250.00,0.00,0.00,0.00,0.00,0.00,0.00,0.00,0,0,'PELUNASAN'),(242,'033/JS-III/2023','2023-03-09','JOHNSON',0,'033/JS-III/2023','','CS-0369',0,'2023-03-09',21715766.00,0.00,21715766.00,0.00,2388734.00,0.00,24104500.00,0.00,0.00,0.00,0.00,0.00,0.00,0.00,0,0,'DOWN PAYMENT 25%'),(243,'035/JS-III/2023','2023-03-14','JOHNSON',0,'035/JS-III/2023','','CS-0370',0,'2023-03-14',117843200.00,0.00,117843200.00,0.00,12962752.00,0.00,130805952.00,0.00,0.00,0.00,0.00,0.00,0.00,0.00,0,0,'DOWN PAYMENT'),(244,'002/MSI-NR/I/2023','2023-01-05','WINFLOW',0,'002/MSI-NR/I/2023','','CS-0200',0,'2023-01-05',6000000.00,0.00,6000000.00,0.00,660000.00,0.00,6660000.00,0.00,0.00,0.00,0.00,0.00,0.00,0.00,0,0,''),(245,'007/MSI-AO/I/2023','2023-01-09','WINFLOW',0,'007/MSI-AO/I/2023','','CS-0371',0,'2023-01-09',12500000.00,0.00,12500000.00,0.00,1375000.00,0.00,13875000.00,0.00,0.00,0.00,0.00,0.00,0.00,0.00,0,0,'Down Payment 50% Down Payment 50% atas pekerjaan Water Treatment System Teknologi : Winflow Reverse '),(246,'012/MSI-AO/I/2023','2023-01-24','WINFLOW',0,'012/MSI-AO/I/2023','','CS-0371',0,'2023-01-24',9009009.00,0.00,9009009.00,0.00,990991.00,0.00,10000000.00,0.00,0.00,0.00,0.00,0.00,0.00,0.00,0,0,''),(247,'011/MSI-AO/I/2023','2023-01-24','WINFLOW',0,'011/MSI-AO/I/2023','','CS-0371',0,'2023-01-24',25000000.00,0.00,12500000.00,12500000.00,1375000.00,0.00,13875000.00,0.00,0.00,0.00,0.00,0.00,0.00,0.00,0,0,'PELUNASAN'),(248,'010/MSI-NR/I/2023','2023-01-18','WINFLOW',0,'010/MSI-NR/I/2023','','CS-0042',0,'2023-01-18',24500000.00,0.00,24500000.00,0.00,2695000.00,0.00,27195000.00,0.00,0.00,0.00,0.00,0.00,0.00,0.00,0,0,''),(249,'009/MSI-AO/I/2023','2023-01-19','WINFLOW',0,'009/MSI-AO/I/2023','','CS-0170',0,'2023-01-19',28500000.00,0.00,28500000.00,0.00,3135000.00,0.00,31635000.00,0.00,0.00,0.00,0.00,0.00,31136250.00,0.00,0,0,''),(250,'005/MSI-AO/I/2023','2023-01-09','WINFLOW',0,'005/MSI-AO/I/2023','','CS-0026',0,'2023-01-09',500000.00,0.00,500000.00,0.00,55000.00,0.00,555000.00,0.00,0.00,0.00,0.00,0.00,555000.00,0.00,0,0,''),(251,'060/AS-IV/2023','2023-04-18','JOHNSON',0,'060/AS-IV/2023','','CS-0368',0,'2023-05-18',87027024.00,0.00,87027024.00,0.00,9572973.00,0.00,96599997.00,0.00,0.00,0.00,0.00,0.00,0.00,32875500.00,0,0,'AS Screen'),(252,'062/JS-V/2023','2023-05-06','JOHNSON',0,'062/JS-V/2023','','CS-0059',0,'2023-05-06',18039641.00,0.00,18039641.00,0.00,1984361.00,0.00,20024002.00,0.00,0.00,0.00,0.00,0.00,0.00,4326375.00,0,0,'Johnson Screen'),(253,'063/AS-V/2023','2023-05-05','JOHNSON',0,'063/AS-V/2023','','CS-0017',0,'2023-05-06',6924323.00,0.00,6924323.00,0.00,761676.00,0.00,7685999.00,0.00,0.00,0.00,0.00,0.00,0.00,3580500.00,0,0,'AS Screen'),(254,'064/AS-V/2023','2023-05-08','JOHNSON',0,'064/AS-V/2023','','CS-0017',0,'2023-05-08',8832432.00,0.00,8832432.00,0.00,971568.00,0.00,9804000.00,0.00,0.00,0.00,0.00,0.00,0.00,2457880.00,0,0,'AS Screen'),(255,'016/MSI/FR/1223','2023-02-02','FRANKLIN',0,'016/MSI/SJ/0223','','CS-0267',0,'2023-02-02',22744369.00,0.00,22744369.00,0.00,2501881.00,0.00,25246250.00,0.00,0.00,0.00,0.00,0.00,0.00,0.00,0,0,'FRANKLIN'),(256,'066/AS-V/2023','2023-05-12','JOHNSON',0,'066/AS-V/2023','','CS-0368',0,'2023-06-11',103578376.00,0.00,103578376.00,0.00,11393621.00,0.00,114971997.00,0.00,0.00,0.00,0.00,0.00,0.00,38874000.00,0,0,'Johnson Screen'),(257,'067/JS-V/2023','2023-05-12','JOHNSON',0,'067/JS-V/2023','','CS-0341',0,'2023-05-12',17232432.00,0.00,17232432.00,0.00,1895568.00,0.00,19128000.00,0.00,0.00,0.00,0.00,0.00,0.00,5611000.00,0,0,'Johnson Screen'),(258,'018/MSI-FR/II/23','2023-02-06','FRANKLIN',0,'018/MSI/SJ/0223','','CS-0366',0,'2023-02-06',116216.00,0.00,116216.00,0.00,12784.00,0.00,129000.00,0.00,0.00,0.00,0.00,0.00,0.00,200000.00,0,0,'RESIN'),(259,'019/MSI/FR/0223','2023-02-08','FRANKLIN',0,'019/MSI/SJ/0223','','CS-0099',0,'2023-02-08',38501351.00,0.00,38501351.00,0.00,4235149.00,0.00,42736500.00,0.00,0.00,0.00,0.00,0.00,0.00,11120720.00,0,0,'FRANKLIN'),(260,'020/MSI-FR/II/23','2023-02-04','FRANKLIN',0,'020/MSI/SJ/0223','','CS-0025',0,'2023-02-04',380569.00,0.00,380569.00,0.00,41863.00,0.00,422432.00,0.00,0.00,0.00,0.00,0.00,422500.00,480000.00,0,0,''),(261,'021/MSI/FR/0223','2023-02-14','FRANKLIN',0,'021/MSI/SJ/0223','','CS-0372',0,'2023-02-14',8828829.00,0.00,8828829.00,0.00,971171.00,0.00,9800000.00,0.00,0.00,0.00,0.00,0.00,9800000.00,4913840.00,0,0,'FRANKLIN'),(262,'022/MSI/FR/0223','2023-02-20','FRANKLIN',0,'022/MSI/SJ/0223','','CS-0353',0,'2023-02-20',8558559.00,0.00,8558559.00,0.00,941441.00,0.00,9500000.00,0.00,0.00,0.00,0.00,0.00,9500000.00,4343040.00,0,0,'FRANKLIN'),(263,'023/MSI/FR/0223','2023-02-18','FRANKLIN',0,'023/MSI/SJ/0223','','CS-0373',0,'2023-02-18',15095045.00,0.00,15095045.00,0.00,1660455.00,0.00,16755500.00,0.00,0.00,0.00,0.00,0.00,16755500.00,7913520.00,0,0,'FRANKLIN'),(264,'024/MSI-FR/II/23','2023-02-16','FRANKLIN',0,'024/MSI/SJ/0223','','CS-0366',0,'2023-02-16',1855860.00,0.00,1855860.00,0.00,204145.00,0.00,2060005.00,0.00,0.00,0.00,0.00,0.00,2060000.00,4000000.00,0,0,''),(265,'028/MSI/FR/0223','2023-02-25','FRANKLIN',0,'028/MSI/SJ/0223','','CS-0375',0,'2023-02-25',22522523.00,0.00,22522523.00,0.00,2477478.00,0.00,25000001.00,0.00,0.00,1.00,0.00,0.00,25000000.00,12412880.00,0,0,'FRANKLIN'),(266,'023/MSI-NR/II/2023','2023-02-23','WINFLOW',0,'023/MSI-NR/II/2023','','CS-0042',0,'2023-02-23',24500000.00,0.00,24500000.00,0.00,2695000.00,0.00,27195000.00,0.00,0.00,0.00,0.00,0.00,0.00,0.00,0,0,''),(267,'017/MSI-NR/II/2023','2023-02-23','WINFLOW',0,'017/MSI-NR/II/2023','','CS-0042',0,'2023-02-23',36000000.00,0.00,36000000.00,0.00,3960000.00,0.00,39960000.00,0.00,0.00,0.00,0.00,0.00,0.00,0.00,0,0,''),(268,'068/AS-V/2023','2023-05-22','JOHNSON',0,'068/AS-V/2023','','CS-0374',0,'2023-05-22',163963968.00,0.00,163963968.00,0.00,18036036.00,0.00,182000004.00,0.00,0.00,0.00,0.00,0.00,0.00,55329792.00,0,0,'AS Screen'),(269,'069/AS-V/2023','2023-05-22','JOHNSON',0,'069/AS-V/2023','','CS-0017',0,'2023-05-22',14864865.00,0.00,14864865.00,0.00,1635135.00,0.00,16500000.00,0.00,0.00,0.00,0.00,0.00,0.00,7672500.00,0,0,'AS Screen'),(270,'026/MSI/FR/0223','2023-02-21','FRANKLIN',0,'026/MSI/SJ/0223','','CS-0099',0,'2023-02-21',5902703.00,0.00,5902703.00,0.00,649297.00,0.00,6552000.00,0.00,0.00,0.00,0.00,0.00,0.00,3620960.00,0,0,''),(271,'018/MSI-AO/II/2023','2023-02-07','WINFLOW',0,'01930','','CS-0172',0,'2023-02-07',20000000.00,0.00,20000000.00,0.00,2200000.00,0.00,22200000.00,0.00,0.00,0.00,0.00,0.00,0.00,4430400.00,0,0,''),(272,'021/MSI-AO/II/2023','2023-02-14','WINFLOW',0,'021/MSI-AO/II/2023','','CS-0376',0,'2023-02-14',35000000.00,0.00,35000000.00,0.00,3850000.00,0.00,38850000.00,0.00,0.00,0.00,0.00,0.00,38850000.00,0.00,0,0,'DOWN PAYMENT'),(273,'019/MSI-AO/II/2023','2023-02-09','WINFLOW',0,'019/MSI-AO/II/2023','','CS-0088',0,'2023-02-09',6480000.00,0.00,6480000.00,0.00,712800.00,0.00,7192800.00,0.00,0.00,0.00,0.00,0.00,0.00,3120000.00,0,0,''),(274,'016/MSI-NR/II/2023','2023-02-02','WINFLOW',0,'016/MSI-NR/II/2023','','CS-0042',0,'2023-02-02',24500000.00,0.00,24500000.00,0.00,2695000.00,0.00,27195000.00,0.00,0.00,0.00,0.00,0.00,0.00,0.00,0,0,''),(275,'071/AS-V/2023','2023-05-23','JOHNSON',0,'071/AS-V/2023','','CS-0377',0,'2023-05-23',5993514.00,0.00,5993514.00,0.00,659287.00,500000.00,7152801.00,0.00,0.00,0.00,0.00,0.00,0.00,1426000.00,0,0,''),(276,'025/MSI/FR/0323','2023-03-08','FRANKLIN',0,'025/MSI/SJ/0323','','CS-0378',0,'2023-03-08',22297297.00,0.00,22297297.00,0.00,2452703.00,0.00,24750000.00,0.00,0.00,0.00,0.00,0.00,0.00,10609200.00,0,0,'FRANKLIN'),(277,'029/MSI/FR/0323','2023-03-15','FRANKLIN',0,'029/MSI/SJ/0323','','CS-0360',0,'2023-03-15',15945946.00,0.00,15945946.00,0.00,1754054.00,0.00,17700000.00,0.00,0.00,0.00,0.00,0.00,0.00,7714320.00,0,0,'FRANKLIN'),(278,'065/AS-V/2023','2023-05-25','JOHNSON',0,'065/AS-V/2023','','CS-0281',0,'2023-05-25',2183810.00,0.00,2183810.00,0.00,240219.00,550000.00,2974029.00,0.00,0.00,0.00,0.00,0.00,0.00,1426000.00,0,0,'AS Screen'),(279,'030/MSI/FR/0323','2023-03-20','FRANKLIN',0,'030/MSI/SJ/0323','','CS-0379',0,'2023-03-20',14864865.00,0.00,14864865.00,0.00,1635135.00,0.00,16500000.00,0.00,0.00,0.00,0.00,0.00,0.00,7391440.00,0,0,'FRANKLIN'),(280,'031/MSI/FR/0323','2023-03-21','FRANKLIN',0,'031/MSI/SJ/0323','','CS-0212',0,'2023-03-21',23423423.00,0.00,23423423.00,0.00,2576577.00,0.00,26000000.00,0.00,0.00,0.00,0.00,0.00,0.00,11254480.00,0,0,'FRANKLIN'),(281,'072/AS-V/2023','2023-05-25','JOHNSON',0,'072/AS-V/2023','','CS-0380',0,'2023-05-25',12486492.00,0.00,12486492.00,0.00,1373514.00,0.00,13860006.00,0.00,0.00,0.00,0.00,0.00,0.00,6138000.00,0,0,'AS Screen'),(282,'033/MSI/FR/0323','2023-03-28','FRANKLIN',0,'033/MSI/SJ/0323','','CS-0099',0,'2023-03-28',15425676.00,0.00,15425676.00,0.00,1696824.00,0.00,17122500.00,0.00,0.00,0.00,0.00,0.00,0.00,8161840.00,0,0,'FRANKLIN'),(283,'034/MSI/FR/0323','2023-03-27','FRANKLIN',0,'034/MSI/SJ/0323','','CS-0099',0,'2023-03-27',2324320.00,0.00,2324320.00,0.00,255675.00,0.00,2579995.00,0.00,0.00,0.00,0.00,0.00,0.00,4000000.00,0,0,'RESIN'),(284,'059/JS-IV/2023','2023-04-10','JOHNSON',0,'059/JS-IV/2023','','CS-0381',0,'2023-04-10',13600000.00,0.00,13600000.00,0.00,1496000.00,0.00,15096000.00,0.00,0.00,0.00,0.00,0.00,0.00,0.00,0,0,'DP 50% DSM SCREEN EX CHINA'),(285,'042/MSI/FR/0423','2023-04-06','FRANKLIN',0,'042/MSI/SJ/0423','','CS-0382',0,'2023-04-06',2900000.00,0.00,2900000.00,0.00,319000.00,0.00,3219000.00,0.00,0.00,0.00,0.00,0.00,0.00,1737280.00,0,0,'FRANKLIN'),(286,'041/MSI/FR/0423','2023-04-06','FRANKLIN',0,'041/MSI/SJ/0423','','CS-0099',0,'2023-04-06',15425676.00,0.00,15425676.00,0.00,1696824.00,0.00,17122500.00,0.00,0.00,0.00,0.00,0.00,0.00,8161840.00,0,0,'FRANKLIN'),(287,'038/MSI/FR/0323','2023-04-05','FRANKLIN',0,'038/MSI/SJ/0423','','CS-0268',0,'2023-04-05',17381982.00,0.00,17381982.00,0.00,1912018.00,0.00,19294000.00,0.00,0.00,0.00,0.00,0.00,0.00,8231280.00,0,0,''),(288,'044/MSI/FR/0423','2023-04-08','FRANKLIN',0,'044/MSI/SJ/0423','','CS-0172',0,'2023-04-08',15276126.00,0.00,15276126.00,0.00,1680374.00,0.00,16956500.00,0.00,0.00,0.00,0.00,0.00,0.00,7091600.00,0,0,'FRANKLIN'),(289,'047/MSI/FR/0423','2023-04-18','FRANKLIN',0,'035/MSI/SJ/0423','','CS-0384',0,'2023-04-18',34514928.00,0.00,34514928.00,0.00,3796642.00,0.00,38311570.00,0.00,0.00,0.00,0.00,0.00,0.00,12598000.00,0,0,'FRANKLIN'),(290,'037/MSI/FR/0423','2023-04-05','FRANKLIN',0,'037/MSI/SJ/0423','','CS-0011',0,'2023-04-05',17472973.00,0.00,17472973.00,0.00,1922027.00,0.00,19395000.00,0.00,0.00,0.00,0.00,0.00,0.00,10366320.00,0,0,'FRANKLIN'),(291,'048/MSI/FR/0423','2023-04-18','FRANKLIN',0,'048/MSI/SJ/0423','','CS-0011',0,'2023-04-18',348648.00,0.00,348648.00,0.00,38351.00,0.00,386999.00,0.00,0.00,0.00,0.00,0.00,0.00,600000.00,0,0,'RESIN');
/*!40000 ALTER TABLE `tbl_salesinv` ENABLE KEYS */;
UNLOCK TABLES;
COMMIT;

-- Dumped table `tbl_salesinv` with 238 row(s)
--

--
-- Table structure for table `tbl_salesman`
--

/*!40101 SET @saved_cs_client     = @@character_set_client */;
/*!40101 SET character_set_client = utf8 */;
CREATE TABLE `tbl_salesman` (
  `kode_salesman` varchar(10) NOT NULL,
  `nama_salesman` varchar(30) NOT NULL,
  UNIQUE KEY `kode_salesman` (`kode_salesman`)
) ENGINE=InnoDB DEFAULT CHARSET=utf8mb4 COLLATE=utf8mb4_general_ci;
/*!40101 SET character_set_client = @saved_cs_client */;

--
-- Dumping data for table `tbl_salesman`
--

LOCK TABLES `tbl_salesman` WRITE;
/*!40000 ALTER TABLE `tbl_salesman` DISABLE KEYS */;
SET autocommit=0;
/*!40000 ALTER TABLE `tbl_salesman` ENABLE KEYS */;
UNLOCK TABLES;
COMMIT;

-- Dumped table `tbl_salesman` with 0 row(s)
--

--
-- Table structure for table `tbl_salesord`
--

/*!40101 SET @saved_cs_client     = @@character_set_client */;
/*!40101 SET character_set_client = utf8 */;
CREATE TABLE `tbl_salesord` (
  `id_so` int(11) NOT NULL AUTO_INCREMENT,
  `no_so` varchar(20) NOT NULL,
  `tgl_so` date NOT NULL,
  `kode_divisi` varchar(20) NOT NULL,
  `no_po` varchar(30) NOT NULL,
  `kode_customer` varchar(10) NOT NULL,
  `total_amount` double(14,2) NOT NULL DEFAULT 0.00,
  `total_ppn` double(14,2) NOT NULL DEFAULT 0.00,
  `total_so` double(14,2) NOT NULL DEFAULT 0.00,
  `keterangan` varchar(100) DEFAULT NULL,
  `nama_pemesan` varchar(30) NOT NULL,
  `no_handphone` varchar(20) NOT NULL,
  `pembayaran` varchar(50) NOT NULL,
  `tgl_kirim` varchar(20) NOT NULL,
  `lokasi_kirim` varchar(100) NOT NULL,
  `nama_proyek` varchar(60) NOT NULL,
  PRIMARY KEY (`id_so`)
) ENGINE=InnoDB AUTO_INCREMENT=6 DEFAULT CHARSET=utf8mb4 COLLATE=utf8mb4_general_ci;
/*!40101 SET character_set_client = @saved_cs_client */;

--
-- Dumping data for table `tbl_salesord`
--

LOCK TABLES `tbl_salesord` WRITE;
/*!40000 ALTER TABLE `tbl_salesord` DISABLE KEYS */;
SET autocommit=0;
INSERT INTO `tbl_salesord` VALUES (5,'075/JS-V/2023','2023-05-29','','003/GM/MATL/V/23','CS-0059',82991000.00,9129010.00,92120010.00,'SCREEN','BAPAK GANI SUBIARTO','08121825685','CASH BEFORE DELIVERY','','JL. PEKOPEN RAYA NO. 19D TAMBUN - BEKASI 17510','');
/*!40000 ALTER TABLE `tbl_salesord` ENABLE KEYS */;
UNLOCK TABLES;
COMMIT;

-- Dumped table `tbl_salesord` with 1 row(s)
--

--
-- Table structure for table `tbl_salesrtn`
--

/*!40101 SET @saved_cs_client     = @@character_set_client */;
/*!40101 SET character_set_client = utf8 */;
CREATE TABLE `tbl_salesrtn` (
  `no_retur` varchar(20) NOT NULL,
  `tgl_retur` date NOT NULL,
  `no_invoice` varchar(20) NOT NULL,
  `kode_customer` varchar(10) NOT NULL,
  `keterangan` varchar(50) DEFAULT NULL,
  `total_amount` double(14,2) NOT NULL DEFAULT 0.00,
  `total_dpp` double(14,2) NOT NULL DEFAULT 0.00,
  `total_ppn` double(14,2) NOT NULL DEFAULT 0.00,
  `total_retur` double(14,2) NOT NULL DEFAULT 0.00,
  PRIMARY KEY (`no_retur`)
) ENGINE=InnoDB DEFAULT CHARSET=utf8mb4 COLLATE=utf8mb4_general_ci;
/*!40101 SET character_set_client = @saved_cs_client */;

--
-- Dumping data for table `tbl_salesrtn`
--

LOCK TABLES `tbl_salesrtn` WRITE;
/*!40000 ALTER TABLE `tbl_salesrtn` DISABLE KEYS */;
SET autocommit=0;
/*!40000 ALTER TABLE `tbl_salesrtn` ENABLE KEYS */;
UNLOCK TABLES;
COMMIT;

-- Dumped table `tbl_salesrtn` with 0 row(s)
--

--
-- Table structure for table `tbl_satuan`
--

/*!40101 SET @saved_cs_client     = @@character_set_client */;
/*!40101 SET character_set_client = utf8 */;
CREATE TABLE `tbl_satuan` (
  `kode_satuan` varchar(10) NOT NULL,
  `nama_satuan` varchar(20) NOT NULL,
  PRIMARY KEY (`kode_satuan`)
) ENGINE=InnoDB DEFAULT CHARSET=utf8mb4 COLLATE=utf8mb4_general_ci;
/*!40101 SET character_set_client = @saved_cs_client */;

--
-- Dumping data for table `tbl_satuan`
--

LOCK TABLES `tbl_satuan` WRITE;
/*!40000 ALTER TABLE `tbl_satuan` DISABLE KEYS */;
SET autocommit=0;
INSERT INTO `tbl_satuan` VALUES ('KG','KILOGRAM'),('LOT','LOT'),('LS','LS'),('MTR','METER'),('PCS','PIECES'),('SAMPEL','SAMPEL'),('SET','SET');
/*!40000 ALTER TABLE `tbl_satuan` ENABLE KEYS */;
UNLOCK TABLES;
COMMIT;

-- Dumped table `tbl_satuan` with 7 row(s)
--

--
-- Table structure for table `tbl_stockin`
--

/*!40101 SET @saved_cs_client     = @@character_set_client */;
/*!40101 SET character_set_client = utf8 */;
CREATE TABLE `tbl_stockin` (
  `no_bukti` varchar(20) NOT NULL,
  `tgl_bukti` date NOT NULL,
  `kode_supplier` varchar(10) NOT NULL,
  `keterangan` varchar(100) NOT NULL,
  PRIMARY KEY (`no_bukti`)
) ENGINE=InnoDB DEFAULT CHARSET=utf8mb4 COLLATE=utf8mb4_general_ci;
/*!40101 SET character_set_client = @saved_cs_client */;

--
-- Dumping data for table `tbl_stockin`
--

LOCK TABLES `tbl_stockin` WRITE;
/*!40000 ALTER TABLE `tbl_stockin` DISABLE KEYS */;
SET autocommit=0;
INSERT INTO `tbl_stockin` VALUES ('0002-IN-2023','2023-01-01','SP-0010','SALDO AWAL AS SCREEN STAINLESS STELL 8\"40'),('0003-IN-2023','2023-01-01','SP-0010','SALDO AWAL WEDGE WIRE SCREEN'),('0004-IN-2023','2023-01-01','SP-0010','SALDO AWAL FRANKLIN'),('0005-IN-2023','2023-01-01','SP-0010','SALDO AWAL FRANKLIN'),('0006-IN-2023','2023-01-01','SP-0010','SALDO AWAL FRANKLIN'),('0007-IN-2023','2023-01-01','SP-0010','SALDO AWAL FRANKLIN'),('0008-IN-2023','2023-01-01','SP-0010','SALDO AWAL FRANKLIN'),('0009-IN-2023','2023-01-01','SP-0010','SALDO AWAL FRANKLIN'),('0010-IN-2023','2023-01-01','SP-0010','SALDO AWAL FRANKLIN'),('0011-IN-2023','2023-01-01','SP-0010','SALDO AWAL FRANKLIN'),('0012-IN-2023','2023-01-01','SP-0010','SALDO AWAL FRANKLIN'),('0013-IN-2023','2023-01-01','SP-0010','SALDO AWAL FRANKLIN'),('0014-IN-2023','2023-01-01','SP-0010','SALDO AWAL FRANKLIN'),('0016-IN-2023','2023-01-01','SP-0010','SALDO AWAL FRANKLIN'),('0017-IN-2023','2023-01-01','SP-0010','SALDO AWAL FRANKLIN'),('0018-IN-2023','2023-01-01','SP-0010','SALDO AWAL FRANKLIN'),('0019-IN-2023','2023-02-13','SP-0049','42/MSI/ZLS-2/2023 REV 01'),('0020-IN-2023','2023-02-06','SP-0049','43/MSI/ZLS-02/2023'),('0021-IN-2023','2023-01-01','SP-0010',''),('0022-IN-2023','2023-01-01','SP-0010','SALDO AWAL TANFON'),('0023-IN-2023','2023-01-20','SP-0061',''),('0025-IN-2023','2023-01-30','SP-0131','A003/LPO/MSI/FR/I/23'),('0026-IN-2023','2023-01-31','SP-0061','A004/LPO/MSI/FR/I/23'),('0027-IN-2023','2023-01-01','SP-0010',''),('0028-IN-2023','2022-12-31','SP-0010',''),('0029-IN-2023','2023-03-23','SP-0046','050/PO/NR/III/2023 REV I'),('0030-IN-2023','2023-01-01','SP-0010',''),('0032-IN-2023','2023-04-17','SP-0134','AS Screen'),('0033-IN-2023','2023-01-26','SP-0131','A002/LPO/MSI/FR/I/23'),('0034-IN-2023','2023-02-02','SP-0131','A005/LPO/MSI/FR/II/23'),('0035-IN-2023','2023-01-07','SP-0061',''),('0036-IN-2023','2023-01-11','SP-0135','Tangki Filter Aqualine'),('0037-IN-2023','2023-01-01','SP-0010',''),('0038-IN-2023','2023-03-08','SP-0131',''),('0039-IN-2023','2023-03-20','SP-0061','');
/*!40000 ALTER TABLE `tbl_stockin` ENABLE KEYS */;
UNLOCK TABLES;
COMMIT;

-- Dumped table `tbl_stockin` with 35 row(s)
--

--
-- Table structure for table `tbl_supplier`
--

/*!40101 SET @saved_cs_client     = @@character_set_client */;
/*!40101 SET character_set_client = utf8 */;
CREATE TABLE `tbl_supplier` (
  `kode_supplier` varchar(10) NOT NULL,
  `nama_supplier` varchar(50) NOT NULL,
  `address1` varchar(100) NOT NULL,
  `address2` varchar(100) NOT NULL,
  `address3` varchar(100) NOT NULL,
  `telephone` varchar(20) NOT NULL,
  `facsimile` varchar(20) NOT NULL,
  `email` varchar(50) NOT NULL,
  `npwp` varchar(25) NOT NULL,
  `personal_kontak` varchar(20) NOT NULL,
  `no_hp` varchar(20) NOT NULL,
  `currency` varchar(6) NOT NULL,
  `awal` float(14,2) NOT NULL DEFAULT 0.00,
  `debet` float(14,2) NOT NULL DEFAULT 0.00,
  `credit` float(14,2) NOT NULL DEFAULT 0.00,
  `status` varchar(7) DEFAULT NULL,
  `ppn` int(3) NOT NULL DEFAULT 0,
  `awldbt` float(14,2) NOT NULL DEFAULT 0.00,
  `awlcrd` float(14,2) NOT NULL DEFAULT 0.00,
  `dbt` float(14,2) NOT NULL DEFAULT 0.00,
  `crd` float(14,2) NOT NULL DEFAULT 0.00,
  `kode_kelompok` varchar(2) NOT NULL,
  PRIMARY KEY (`kode_supplier`)
) ENGINE=InnoDB DEFAULT CHARSET=utf8mb4 COLLATE=utf8mb4_general_ci;
/*!40101 SET character_set_client = @saved_cs_client */;

--
-- Dumping data for table `tbl_supplier`
--

LOCK TABLES `tbl_supplier` WRITE;
/*!40000 ALTER TABLE `tbl_supplier` DISABLE KEYS */;
SET autocommit=0;
INSERT INTO `tbl_supplier` VALUES ('SP-0001','PT. JASA ANGKASA SEMESTA TBK','MENARA CARDIG LT. 3 RT 011 RW 008 JL. RAYA HALIM PERDANAKUSUMA, KEBON PALA, JAKARTA TIMUR ','','','','','','','','','IDR',0.00,0.00,0.00,'PKP',0,0.00,0.00,0.00,0.00,''),('SP-0002','PT. CARDINDO CITRA BUANA','GEDUNG JPT I NO 12P CARGO AREA  BANDARA S.H PAJANG TANGERANG','','','','','','','','','IDR',0.00,0.00,0.00,'PKP',0,0.00,0.00,0.00,0.00,''),('SP-0003','PT. PRIMA INTERNASIONAL CARGO','JL. WARUNG JATI TIMUR NO. 4-6 WR.BUNCIT JAKARTA ','','','','','','','','','IDR',0.00,2595419.00,2595431.00,'PKP',0,0.00,0.00,0.00,0.00,''),('SP-0004','PT. NUSABA FILTERINDO ABADI','JL. KELAPA GADING SELATAN BLOK BH NO 15 PAKULONAN BARAT TANGERANG ','','','','','','','','','IDR',0.00,0.00,0.00,'PKP',0,0.00,0.00,0.00,0.00,''),('SP-0005','PT. KURNIA MULIA CITRA LESTARI','JL. PANGERAN JAYAKARTA NO. 133 RT. 007 RW.010 JAKARTA PUSAT ','','','','','','','','','IDR',0.00,0.00,0.00,'PKP',0,0.00,0.00,0.00,0.00,''),('SP-0006','AQSEPTENCE GROUP (INDIA) PRIVATE LIMITEDPLOT','88 BRICKYARD ROAD  GEEBUNG QLD','','','','','','','','','IDR',0.00,0.00,0.00,'NON PKP',0,0.00,0.00,0.00,0.00,''),('SP-0007','PT. HYDROMART UTAMA INDONESIA','RUKAN SEDAYU SQUARE BLOK H NO. 3 JL. LINGKAR LUAR BARAT RT. 004 RW 012 JAKARTA BARAT ','','','','','','','','','IDR',0.00,0.00,0.00,'PKP',0,0.00,0.00,0.00,0.00,''),('SP-0008','PT. ALAM GEMACITRA PRIMA','KALIAGUNG NO.7 RT.002 RW.005 NYAMPLUNGAN SURABAYA ','','','','','','','','','IDR',0.00,0.00,0.00,'PKP',0,0.00,0.00,0.00,0.00,''),('SP-0009','PT. PELOPOR PRATAMA LANCAR ABADI','EDAM II NO. 12 RT 003 RW 016 JAKARTA UTARA','','','','','','','','','IDR',0.00,0.00,0.00,'PKP',0,0.00,0.00,0.00,0.00,''),('SP-0010','PT. ANDRITECHNINDO NILAMTUNGGAL','JL. BAKTI NO. 7 DAN 8','','','','','','','','','IDR',0.00,0.00,0.00,'PKP',0,0.00,0.00,0.00,0.00,''),('SP-0014','PT. MULTIMEDIA UNGGULPERKASA','JAKARTA','','','','','','','','','IDR',0.00,0.00,0.00,'PKP',0,0.00,0.00,0.00,0.00,''),('SP-0015','PT. USPACE ASIA VENTURA','PIK AVENUE MALL LEVEL 6 JL. PANTAI INDAH BARAT NO. 1 KAMAL MUARA JAKARTA UTARA','','','','','','','','','IDR',0.00,0.00,0.00,'PKP',0,0.00,0.00,0.00,0.00,''),('SP-0016','PT. ANUGERAH DWI ABADI','KAWASAN PERGUDANGAN DAN INDUSTRI ERAPRIMA ','JL. DAAN MOGOT KM. 21 BLOK B NO. 20 RT 001 RW 001 KOTA TANGERANG ','','','','','','','','IDR',0.00,0.00,0.00,'PKP',0,0.00,0.00,0.00,0.00,''),('SP-0019','PT. PLUIT AUTOPLAZA','JL. RAYA PLUT SELATAN NO. 2 PENJARINGAN JAKARTA UTARA ','','','','','','','','','IDR',0.00,0.00,0.00,'PKP',0,0.00,0.00,0.00,0.00,''),('SP-0020','CV. RUMAHWEB INDONESIA','JL. ARIMBI NO. 482 RT. 017 RW. 017 BANGUNTAPAN BANTUL ','','','','','','','','','IDR',0.00,0.00,0.00,'PKP',0,0.00,0.00,0.00,0.00,''),('SP-0021','PT. HYDRORAYA ADHI PERKASA','JL.RAYA PASAR KEMIS KM. 7 RT.005 RW. 003 SUKAMANTRI TANGERANG ','','','','','','','','','IDR',0.00,0.00,0.00,'PKP',0,0.00,0.00,0.00,0.00,''),('SP-0022','PT. BOSSCO INDOLESTARI','KOMPLEK DURA INDAH ICONIC BLOK B-3 RT. 004 RW. 002 TANGERANG ','','','','','','','','','IDR',0.00,0.00,0.00,'PKP',0,0.00,0.00,0.00,0.00,''),('SP-0023','PT. STEEL PIPE INDUSTRY OF INDONESIA TBK','JL. KALIBUTUH 189-191 RT. 002 RW. 005 TEMBOK DUKUH SURABAYA ','','','','','','','','','IDR',0.00,0.00,0.00,'PKP',0,0.00,0.00,0.00,0.00,''),('SP-0024','PT. CIPTAPRESISI SARANA TEKSINDO','JL. TANJUNG RAYA BUMI CIBINONG ENDAH BLOK C6 NO. 28 RT. 006 RW. 009 BOGOR ','','','','','','','','','IDR',0.00,0.00,0.00,'PKP',0,0.00,0.00,0.00,0.00,''),('SP-0026','AQSEPTENCE GROUP PTY LTD (AUSTRALIA)','88 BRICKYARD ROAD, GEEBURG QLD 4034','PO BOX 85, VIRGINIA DC 4014 AUSTRALIA','','','','','','','','USD',0.00,0.00,0.00,'NON PKP',0,0.00,0.00,0.00,0.00,''),('SP-0029','CHONGQING GOLD MECHANICAL','CHINA','','','','','','','','','USD',0.00,0.00,0.00,'NON PKP',0,0.00,0.00,0.00,0.00,''),('SP-0034','PT. BELLTRONIC INDONESIA','JL. KEPU DALAM 1 NO. 28','KEMAYORAN - JAKARTA','','','','','','','','IDR',0.00,0.00,0.00,'NON PKP',0,0.00,0.00,0.00,0.00,''),('SP-0042','PT. WATERMART PERKASA','GEDUNG GRAND SLIPI TOWER LEVEL 42 G-H, JL.LETJEN S PARMAN KAV 22-24 JAKARTA BARAT','','','','','','','','','IDR',0.00,0.00,0.00,'PKP',0,0.00,0.00,0.00,0.00,''),('SP-0043','PT KLIK LOGISTICS PUTERA HARMAS','JL. RAYA KP SETU NO. 52 RT. 002 RW. 002 KOTA BEKAS','','','','','','','','','IDR',0.00,0.00,0.00,'PKP',0,0.00,0.00,0.00,0.00,''),('SP-0046','CV. GANESHA MANDIRI','JL. PEKOPEN RAYA, DESA LAMBANG JAYA, TAMBUN SELATAN BEKASI','','','','','','','','','IDR',0.00,0.00,0.00,'NON PKP',0,0.00,0.00,0.00,0.00,''),('SP-0047','GERINDO TEKNIK','JL. KH AHMAD DAHLAN NO. 103 CIPONDOH, KOTA JAKARTA BARAT','','','','','','','','','IDR',0.00,0.00,0.00,'PKP',0,0.00,0.00,0.00,0.00,''),('SP-0049','ZHANGJIAGANG LINKER STAINLESS STEEL','CHINA','','','','','','','','','USD',0.00,4160.00,0.00,'NON PKP',0,0.00,0.00,0.00,0.00,''),('SP-0050','HEBEI YUBO FILTRATION','CHINA','','','','','','','','','IDR',0.00,0.00,0.00,'NON PKP',0,0.00,0.00,0.00,0.00,''),('SP-0051','PT. SOLAR TEKNINDO JAYA','RUKO GARDEN BOULEVARD BLOK S 01/68, PANONGAN, KAB. TANGERANG ','','','','','','','','','IDR',0.00,0.00,0.00,'PKP',0,0.00,0.00,0.00,0.00,''),('SP-0052','PT. SYSLAB','PLAZA AMSTERDAM SENTUL CITY BLOK D.2 RT 003 RW 005, CITARINGGUL, BOGOR','','','','','','','','','IDR',0.00,0.00,0.00,'PKP',0,0.00,0.00,0.00,0.00,''),('SP-0053','PT. WIDI MEG LOGISTIK INDONESIA','GEDUNG BATAVIA, JALAN MELATI NOMOR 4 RT 002 RW 012, JAKARTA UTARA','','','','','','','','','IDR',0.00,0.00,0.00,'PKP',0,0.00,0.00,0.00,0.00,''),('SP-0054','PT. LAUTAN TIRTA TRANSPORTAMA','JL. ENDE NO.58-B RT.008 RW 016 JAKARTA UTARA','','','','','','','','','IDR',0.00,0.00,0.00,'PKP',0,0.00,0.00,0.00,0.00,''),('SP-0055','PT. FM GLOBAL LOGISTICS','RUKAN ARTHA GADING NIAGA BLOK H NO 11 RT.000 RW.000 KELAPA GADING BARAT, JAKARTA UTARA','','','','','','','','','IDR',0.00,0.00,0.00,'PKP',0,0.00,0.00,0.00,0.00,''),('SP-0056','PT.  JOBSTREET INDONESIA','GEDUNG PRUDENTIAL TOWER LT 15 JL JEND. SUDIRMAN KAV 79 RT 002 RW 002 JAKARTA SELATAN','','','','','','','','','IDR',0.00,0.00,0.00,'PKP',0,0.00,0.00,0.00,0.00,''),('SP-0057','PT. TOKO BESI TAN','JL MT HARYONO NO 370 A, SARIREJO, KOTA SEMARANG','','','','','','','','','IDR',0.00,0.00,0.00,'PKP',0,0.00,0.00,0.00,0.00,''),('SP-0058','PT. ACTLINK MARINE TRANSPORT','JL YOS SUDARSO NO 89 MITRA SUNTER BLOK C 2 NO 12-02 JAKARTA UTARA','','','','','','','','','IDR',0.00,0.00,0.00,'PKP',0,0.00,0.00,0.00,0.00,''),('SP-0059','PT. TRIJAYA SURYA SENTOSA','JL KAWASAN INDUSTRI TERBOYO BLOK L NO 1 KOTA SEMARANG','','','','','','','','','IDR',0.00,0.00,0.00,'PKP',0,0.00,0.00,0.00,0.00,''),('SP-0061','PT. SOUTHERN INDONESIA','JL. KARTINI RAYA 64-A3 LANTAI 6 KEL. KARTINI KEC. SAWAH BESAR, JAKARTA PUSAT','','','','','','','','','IDR',0.00,86965128.00,64918440.00,'PKP',0,0.00,0.00,0.00,0.00,''),('SP-0065','PT. ALVA DIWIPA ANUGERAH','KOMPLEK PERTOKOAN GLODOK PLAZA BLOK F GLODOK, TAMAN SARI, JAKARTA BARAT','','','','','','','','','IDR',0.00,0.00,0.00,'PKP',0,0.00,0.00,0.00,0.00,''),('SP-0066','PT. DINAMIKA SELARAS ENGINEERING','JL. APEL RAYA B III NO. 15 SUKAMAJU BARU, TAPOS, DEPOK','','','','','','','','','IDR',0.00,0.00,0.00,'PKP',0,0.00,0.00,0.00,0.00,''),('SP-0067','PT. TISCO SINDO LOGISTICS','GEDUNG KIRANA TWO OFFICE TOWER LT. 11, JALAN BOULEVARD TIMUR BLOK B/11 NO 88 RT 005 RW 002 JAKARTA U','','','','','','','','','IDR',0.00,0.00,0.00,'PKP',0,0.00,0.00,0.00,0.00,''),('SP-0068','PT. TANJUNG PERAK SWADAYA','JL RAYA GREGES NO 2-4 RT 001 RW 001 KOTA SURABAYA','','','','','','','','','IDR',0.00,0.00,0.00,'PKP',0,0.00,0.00,0.00,0.00,''),('SP-0069','CV. SUMBER REZEKI','JL ENGGANO NO 75 TANJUNG PRIUK JAKARTA UTARA','','','','','','','','','IDR',0.00,0.00,0.00,'PKP',0,0.00,0.00,0.00,0.00,''),('SP-0070','JOB SHARE TEKHNIK','','','','','','','','','','IDR',0.00,0.00,0.00,'PKP',0,0.00,0.00,0.00,0.00,''),('SP-0071','PT. GEMA LAUT NUSANTARA','JL. ENDE NO 12 RT 008 RW 016 JAKARTA UTARA','','','','','','','','','IDR',0.00,0.00,0.00,'PKP',0,0.00,0.00,0.00,0.00,''),('SP-0072','PT. TRIMITRA SEJATI TANNINDO','JL. LETJEN SUPRAPTO KOMP GRAHA CEMPAKA MAS BLOK B/18 JAKARTA PUSAT','','','','','','','','','IDR',0.00,0.00,0.00,'PKP',0,0.00,0.00,0.00,0.00,''),('SP-0073','PT. FEDEX EKPRESS INTERNATIONAL','','','','','','','','','','IDR',0.00,0.00,0.00,'PKP',0,0.00,0.00,0.00,0.00,''),('SP-0074','PT. DELTA KONTAINER DEPOT','','','','','','','','','','IDR',0.00,0.00,0.00,'PKP',0,0.00,0.00,0.00,0.00,''),('SP-0076','PT. ELMECON MULTIKENCANA','JL GAJAH MADA NO 218 I GLODOK JAKARTA BARAT','','','','','','','','','IDR',0.00,0.00,0.00,'PKP',0,0.00,0.00,0.00,0.00,''),('SP-0079','PT. GAMA MITRA SETIA','KOMPLEK RUKO ROBINSON BLOK 82 CB ','JL BANDENGAN SELATAN JAKARTA UTARA','','','','','','','','IDR',0.00,0.00,0.00,'PKP',0,0.00,0.00,0.00,0.00,''),('SP-0080','FRANKLIN ELECTRIC (SEA)','SINGAPORE','','','','','','','','','USD',0.00,0.00,0.00,'NON PKP',0,0.00,0.00,0.00,0.00,''),('SP-0081','PT. BISMA PUTERA UTAMA','PEGANGSAAN DUA, KELAPA GADING','','','','','','','','','IDR',0.00,0.00,0.00,'PKP',0,0.00,0.00,0.00,0.00,''),('SP-0082','PT. DELTA PERSADA MANDIRI','JL KI MAJA WAY HALIM PERMAI WAY HALIM KOTA BANDAR LAMPUNG','','','','','','','','','IDR',0.00,0.00,0.00,'PKP',0,0.00,0.00,0.00,0.00,''),('SP-0083','PT. CEMERLANG TEKNIK UTAMA','DEPOK','','','','','','','','','IDR',0.00,0.00,0.00,'PKP',0,0.00,0.00,0.00,0.00,''),('SP-0085','PT. KENT POWER DINAMIKA INDONESIA','JL.PLOSO TIMUR V/48, PLOSO , SURABAYA','','','','','','','','','IDR',0.00,0.00,0.00,'PKP',0,0.00,0.00,0.00,0.00,''),('SP-0086','PT. GLOBAL QUALITY ANALITICAL','BUKIT CIMANGGU CITY BLOK C 1 NO 22 RT 005 RW 014 KOTA BOGOR','','','','','','','','','IDR',0.00,0.00,0.00,'PKP',0,0.00,0.00,0.00,0.00,''),('SP-0090','PT. PADUCANDI LESTARI','JL DANAU SUNTER UTARA BLOK F-20 NO 5 JAKARTA UTARA','','','','','','','','','IDR',0.00,0.00,0.00,'PKP',0,0.00,0.00,0.00,0.00,''),('SP-0091','PT. BIOTECH INTERNATIONAL','RUKO DAAN MOGOT BARU JL JIMBARAN BLOK 5 B/ 7 LT.I, KALIDERES, JAKARTA BARAT','','','','','','','','','IDR',0.00,0.00,0.00,'PKP',0,0.00,0.00,0.00,0.00,''),('SP-0093','PT. BERINGIN GRAHA PRIMA','RUKO PROMINENCE BLOK 38F NO 09 JL SUTERA BARAT TANGERANG BANTEN','','','','','','','','','IDR',0.00,0.00,0.00,'PKP',0,0.00,0.00,0.00,0.00,''),('SP-0094','PT. MULTI MAKMUR SEJATI','KP PEKOPEN RT 006/ RW 001 JL LAPANGAN KOBRA GG KOBRA VIII NO. 58 TAMBUN SELATAN BEKASI','','','','','','','','','IDR',0.00,0.00,0.00,'PKP',0,0.00,0.00,0.00,0.00,''),('SP-0096','PT. GAPURA ANGKASA','GEDUNG GAPURA JL MERPATI 3 KOTA BARU, BANDAR KEMAYORAN BLOK B12 NO KAV 7, JAKARTA PUSAT','','','','','','','','','IDR',0.00,0.00,0.00,'PKP',0,0.00,0.00,0.00,0.00,''),('SP-0098','PT SARASWANTI INDO GENETECH','JL RASMALA NO 20, TAMAN YASMIN KOTA BOGOR','','','','','','','','','IDR',0.00,11821500.00,11821500.00,'PKP',0,0.00,0.00,0.00,0.00,''),('SP-0100','PT. ELSTARINDO JAYA TEKNIK','GEDUNG LTC GLODOK LT UG BLOK B6 NO 3 JL HAYAM WURUK 127, JAKARTA 11180','','','','','','','','','IDR',0.00,0.00,0.00,'PKP',0,0.00,0.00,0.00,0.00,''),('SP-0102','PT. ZI - TECHASIA','MENARA JAMSOSTEK JL GATOT SUBROTO NO 38 JAKARTA SELATAN','','','','','','','','','IDR',0.00,0.00,0.00,'PKP',0,0.00,0.00,0.00,0.00,''),('SP-0103','PT. VALCO SWASTIKA UTAMA','KOMPLEKS MUTIARA TAMAN PALEM BLOK B7 NO 51 CENGKARENG TIMUR JAKARTA BARAT','','','','','','','','','IDR',0.00,0.00,0.00,'PKP',0,0.00,0.00,0.00,0.00,''),('SP-0104','HEFEI PINERGY SOLAR TECHNOLOGY CO LTD','NO 6 LINQUAN EAST ROAD FEIDONG NEW CITY ECONOMIC DEVELOPMENT ZONE ','231600 HEFEI, ANHUI PROVINCE PRC','','','','','','','','USD',0.00,0.00,0.00,'NON PKP',0,0.00,0.00,0.00,0.00,''),('SP-0105','PT. GLORIOUS INTERBUANA FREIGHT FORWARDER','JL MEDAN NO 4 KAV C III NO 2 KBN MARUNDA, JAKARTA UTARA','','','','','','','','','IDR',0.00,0.00,0.00,'PKP',0,0.00,0.00,0.00,0.00,''),('SP-0106','PT. EUROTRANS LOGISTIK INDONESIA','BOULEVARD ARTHA GADING, RUKAN ARTHA GADING NIAGA BLOK E NO 15 JAKARTA UTARA','','','','','','','','','IDR',0.00,0.00,0.00,'PKP',0,0.00,0.00,0.00,0.00,''),('SP-0113','PT. INDO LISTRIK NUSANTARA','PRIMA CENTER BLOK B27 JL POOL PPD PESING POGLAR B27 JAKARTA','','','','','','','','','IDR',0.00,0.00,0.00,'PKP',0,0.00,0.00,0.00,0.00,''),('SP-0114','CV. TEHNIK POMPA','JL H AGUS SALIM, RUKO THD B-23 SEMARANG - JAWA TENGAH','','','','','','','','','IDR',0.00,0.00,0.00,'PKP',0,0.00,0.00,0.00,0.00,''),('SP-0115','MEDIPLUS CORP','295, GEUMIL-RO, GEUMWANG-EUP, EUMSEONG-GUN, CHUNGCHEONGBUK-DO, SOUTH KOREA','','','','','','','','','USD',0.00,0.00,0.00,'NON PKP',0,0.00,0.00,0.00,0.00,''),('SP-0120','PT. SOLUSI EKPRESS LOGISTICS','RUKO ENGGANO MEGAH NO 7-O 14320 JAKARTA UTARA','','','','','','','','','IDR',0.00,0.00,0.00,'PKP',0,0.00,0.00,0.00,0.00,''),('SP-0121','PT. MULTI MITRA SENTOSA','JL KARTINI NO 16A PANCORAN MAS DEPOK','','','','','','','','','IDR',0.00,7360000.00,7360000.00,'PKP',0,0.00,0.00,0.00,0.00,''),('SP-0122','PT. MOJOPAHIT MANDIRI JAYA SENTOSA','RUKO MARINATAMA BLOK E NO 12, GUNUNG SAHARI - JAKARTA UTARA','','','','','','','','','IDR',0.00,0.00,0.00,'PKP',0,0.00,0.00,0.00,0.00,''),('SP-0124','PT. HOME SYSTEM INDONESIA','JL DR SAHARJO NO 30 MANGGARAI JAKARTA SELATAN','','','','','','','','','IDR',0.00,0.00,0.00,'PKP',0,0.00,0.00,0.00,0.00,''),('SP-0125','PT. TRANSWORD GLS INDONESIA','JL BOULEVARD TIMUR NO 88, KEL. KELAPA GADING TIMUR, KEC KELAPA GADING JAKARTA UTARA','','','','','','','','','IDR',0.00,0.00,0.00,'PKP',0,0.00,0.00,0.00,0.00,''),('SP-0126','PT. HIFLOW INDONESIA JAYA','RUKAN SEDAYU SQUARE BLOK N NO 6 JL OUTER RING ROAD LINGKAR LUAR BARAT - JAKARTA BARAT','','','','','','','','','IDR',0.00,0.00,0.00,'PKP',0,0.00,0.00,0.00,0.00,''),('SP-0128','PT. SIGNIFY COMMERCIAL INDONESIA','GEDUNG PHILIPS LIGHTING LT 11 JL. BUNCIT RAYA KAV 99-100 JAKARTA SELATAN ','','','','','','','','','IDR',0.00,0.00,0.00,'PKP',0,0.00,0.00,0.00,0.00,''),('SP-0129','PT. UNILAB PERDANA','JL. CILEDUG RAYA NO. 10 RT. 005  RW. 006 CIPULIR JAKARTA SELATAN ','','','','','','','','','IDR',0.00,0.00,0.00,'PKP',0,0.00,0.00,0.00,0.00,''),('SP-0130','FRANKLIN ELECTRIC ( SEA ) PTE. LTD','17 CHANGI BUSINESS PARK CENTRAL 1 # 06-05 HONEYWELL BUILDING','','','','','','','MR. AJ. WAGNER / MS.','+65 6789 6865','USD',0.00,0.00,0.00,'NON PKP',0,0.00,0.00,0.00,0.00,''),('SP-0131','PT. MITRA ABADI SAKTI','KAWASAN PERGUDANGAN BANDARA PERMAI BLOK I3, JL. RAYA PERANCIS, DADAP','','','','','','','IBU JULIE / BAPAK KI','021 - 2931 6200','IDR',0.00,37699272.00,10765900.00,'PKP',0,0.00,0.00,0.00,0.00,''),('SP-0132','EASTEN INDUSTRY CO.LTD','JINTANG NORTH ROAD, EASTERN NEW DISTRICT, WENLING, TAIZOU CITY, ZHEJIANG PROVINCE, CHINA','','','','','','','','86-13858852073','USD',0.00,0.00,0.00,'NON PKP',0,0.00,0.00,0.00,0.00,''),('SP-0133','PT. MSI','','','','','','','','','','IDR',0.00,0.00,0.00,'NON PKP',0,0.00,0.00,0.00,0.00,''),('SP-0134','HUADONG SCREEN CO. LTD','XINXIANG CITY, HENAN, CHINA','','','086-13569886531','','','','CATHERINE','','USD',0.00,3584.00,0.00,'NON PKP',0,0.00,0.00,0.00,0.00,''),('SP-0135','PT AQUTECH INDONESIA','KOMP. RUKO MAHKOTA ANCOL ','JL RE MARTADINATA NO 11, RT 11 / RW 11','PADEMANGAN BARAT, JAKARTA UTARA 14420','','','','','','','IDR',0.00,1687200.00,1737200.00,'PKP',0,0.00,0.00,0.00,0.00,''),('SP-0136','PT NUSANTARA WATER CENTRE','INTERCON PLAZA TAMAN KEBON JERUK BLOK A3 NO 16-17','MERUYA ILIR RAYA','JAKARTA BARAT','','','','','','','IDR',0.00,2708400.00,2708400.00,'PKP',0,0.00,0.00,0.00,0.00,'');
/*!40000 ALTER TABLE `tbl_supplier` ENABLE KEYS */;
UNLOCK TABLES;
COMMIT;

-- Dumped table `tbl_supplier` with 86 row(s)
--

--
-- Table structure for table `tbl_suratjln`
--

/*!40101 SET @saved_cs_client     = @@character_set_client */;
/*!40101 SET character_set_client = utf8 */;
CREATE TABLE `tbl_suratjln` (
  `id_sj` int(11) NOT NULL AUTO_INCREMENT,
  `no_suratjln` varchar(20) NOT NULL,
  `tgl_suratjln` date NOT NULL,
  `kode_customer` varchar(10) NOT NULL,
  `id_so` int(11) NOT NULL,
  `no_so` varchar(20) NOT NULL,
  `no_po` varchar(20) NOT NULL,
  `project` varchar(100) NOT NULL,
  `keterangan` varchar(100) NOT NULL,
  `no_invoice` varchar(20) NOT NULL,
  PRIMARY KEY (`id_sj`)
) ENGINE=InnoDB AUTO_INCREMENT=150 DEFAULT CHARSET=utf8mb4 COLLATE=utf8mb4_general_ci;
/*!40101 SET character_set_client = @saved_cs_client */;

--
-- Dumping data for table `tbl_suratjln`
--

LOCK TABLES `tbl_suratjln` WRITE;
/*!40000 ALTER TABLE `tbl_suratjln` DISABLE KEYS */;
SET autocommit=0;
INSERT INTO `tbl_suratjln` VALUES (10,'001/AS-I/2023','2023-01-03','CS-0342',0,'','001-2023','','AS SCREEN','001/AS-I/2023'),(11,'002/JS-I/2023','2023-01-03','CS-0193',0,'','4540048870','','FP-D-M Wedge Screen100','002/JS-I-2023'),(12,'004/AS-I/2023','2023-01-13','CS-0194',0,'','002-2023','','AS SCREEN','004/AS-I/2023'),(13,'005/AS-I/2023','2023-01-07','CS-0190',0,'','01/JATENG/APPATINDO','','AS SCREEN','005/AS-I/2023'),(14,'006/JS-I/2023','2023-01-11','CS-0012',0,'','001-SJU/I/-2023','','AS SCREEN & JOHNSON SCREEN','006/JS-I/2023'),(15,'007/JS-I/2023','2023-01-12','CS-0012',0,'','002-SJU/I/-2023','','JOHNSON SCREEN','007/JS-I/2023'),(16,'008/AS-I/2023','2023-01-16','CS-0078',0,'','','','AS SCREEN','008/AS-I/2023'),(17,'009/AS-I-2023','2023-01-20','CS-0194',0,'','003-2023','','AS SCREEN','009/AS-I/2023'),(18,'012/AS-I/2023','2023-01-25','CS-0194',0,'','004-2023','','AS SCREEN','012/AS-I/2023'),(19,'013/AS-I/2023','2023-01-26','CS-0344',0,'','005-2023','','AS SCREEN','013/AS-I/2023'),(21,'003/JS-I/2023','2023-01-02','CS-0343',0,'','HPO/23/01/009','','DOWN PAYMENT LATERAL Screen SS316','003/JS-I/2023'),(22,'016/AS-I/2023','2023-01-30','CS-0078',0,'','','','AS SCREEN','016/AS-I/2023'),(23,'011/JS-I/2023','2023-01-20','CS-0345',0,'','012339/T','','JOHNSON SCREEN DOWN PAYMENT','011/JS-I/2023'),(24,'010/JS-II/2023','2023-02-08','CS-0037',0,'','006/PO/PTM-MSI/II/20','','JOHNSON SCREEN','010/JS-II/2023'),(25,'014/AS-I/2023','2023-01-27','CS-0344',0,'','006-2023','','AS SCREEN','014/AS-I/2023'),(26,'015/AS-I/2023','2023-01-27','CS-0346',0,'','007-2023','','AS SCREEN','015/AS-I/2023'),(27,'018/JS-II/2023','2023-02-08','CS-0012',0,'','003-SJU/II/2023','','JOHNSON SCREEN','018/JS-II/2023'),(28,'019/AS-II/2023','2023-02-10','CS-0232',0,'','001-II-2023','','AS SCREEN','019/AS-II/2023'),(30,'022/AS-II/2023','2023-02-11','CS-0017',0,'','00001/MF-02/23','','AS SCREEN','022/AS-II/2023'),(31,'025/AS-II/2023','2023-02-25','CS-0346',0,'','','','AS Screen','025/AS-II/2023'),(34,'029/JS-III/2023','2023-03-03','CS-0012',0,'','','Dodi','Johnson Screen','029/JS-III/2023'),(35,'020/AS-II/2023','2023-03-03','CS-0078',0,'','','Dodi','AS Screen','020/AS-II/2023'),(36,'031/AS-III/2023','2023-03-07','CS-0347',0,'','18/JATENG/APPATINDO','Dodi','AS Screen','031/AS-III/2023'),(39,'024/AS-II/2023','2023-02-17','CS-0017',0,'','','','AS SCREEN','024/AS-II/2023'),(40,'021/AS-II/2023','2023-02-13','CS-0012',0,'','','','AS SCREEN','021/AS-II/2023'),(41,'017/JS-II/2023','2023-02-08','CS-0066',0,'','','','Inverter Tanfon','017/JS-II/2023'),(42,'034/JS-III/2023','2023-03-11','CS-0012',0,'','','Dodi','Johnson Screen','034/JS-III/2023'),(43,'023/AS-II/2023','2023-03-08','CS-0046',0,'','001/MB/II/2023','Dian','AS Screen','023/AS-II/2023'),(44,'001/MSI/SJ/0123','2023-01-10','CS-0100',0,'','','','','001/MSI/FR/0123'),(45,'002/MSI/SJ/0123','2023-01-06','CS-0009',0,'','','','','002/MSI/FR/0123'),(46,'003/MSI-FR/I/23','2023-01-06','CS-0366',0,'','','','','003/MSI/FR/I/23'),(47,'004','2023-01-06','CS-0025',0,'','','','','004/MSI-FR/I/23'),(48,'005/MSI/SJ/0123','2023-01-11','CS-0268',0,'','','','','005/MSI/FR/0123'),(49,'006/MSI/SJ/0123','2023-01-11','CS-0353',0,'','','','','006/MSI/FR/0123'),(50,'007/MSI/SJ/0123','2023-01-20','CS-0099',0,'','','','','007/MSI/FR/0123'),(52,'008','2023-01-18','CS-0025',0,'','','','','008/MSI-FR/I/23'),(53,'009/MSI/SJ/0123','2023-01-27','CS-0113',0,'','','','','009/MSI/FR/0123'),(54,'010/MSI/SJ/0123','2023-01-30','CS-0354',0,'','','','','010/MSI/FR/0123'),(55,'012','2023-01-30','CS-0011',0,'','','','','012/MSI-FR/I/23'),(56,'014/MSI-FR/I/23','2023-01-30','CS-0366',0,'','','','','014/MSI/FR/23'),(57,'015','2023-01-30','CS-0366',0,'','','','','015/MSI/FR/I/23'),(58,'017','2023-01-02','CS-0366',0,'','','','','017/MSI/FR/I/23'),(59,'013','2023-01-12','CS-0366',0,'','','','','013/MSI/FR/0123'),(62,'037/JS-III/2023','2023-03-14','CS-0358',0,'','006/PO/HMU-INTKRSI/I','Zahra','DP 40%','037/JS-III/2023'),(64,'036/AS-III/2023','2023-03-13','CS-0017',0,'','','Dodi','AS Screen','036/AS-III/2023'),(65,'038/JS-III/2023','2023-03-15','CS-0046',0,'','005/MB/III/2023','Dian','Johnson Screen','038/JS-III/2023'),(66,'039/AS-III/2023','2023-03-17','CS-0242',0,'','011423','Dian','AS Screen','039/AS-III/2023'),(67,'040/AS-III/2023','2023-03-17','CS-0017',0,'','','Dodi','AS Screen','040/AS-III/2023'),(68,'041/JS-III/2023','2023-03-17','CS-0358',0,'','006','Zahra','Johnson Screen','041/JS-III/2023'),(69,'042/JS-III/2023','2023-03-19','CS-0059',0,'','01/GM/MATL/III/23','Dodi','Johnson Screen','042/JS-III/2023'),(70,'029/MSI/SJ/0323','2023-03-15','CS-0360',0,'','','ZAHRA','FRANKLIN','029/MSI/FR/0323'),(71,'004/MSI/AO/I/2023','2023-01-09','CS-0361',0,'','','','DP 40% ','004/MSI-AO/I/2023'),(72,'003/MSI/AO/I/2023','2023-01-09','CS-0361',0,'','','','DP 40% ','003/MSI-AO/I/2023'),(73,'043/JS-III/2023','2023-03-21','CS-0012',0,'','007/SJU-III/2023','Dodi','AS Screen','043/JS-III/2023'),(74,'044/AS-III/2023','2023-03-21','CS-0046',0,'','007/MB/III/2023','Dian','AS Screen','044/AS-III/2023'),(75,'047/AS-III/2023','2023-03-24','CS-0012',0,'','008-SJU/III/2023','Dodi','AS Screen','047/AS-III/2023'),(76,'048/JS-III/2023','2023-03-24','CS-0078',0,'','','Dodi','Johnson Screen','048/JS-III/2023'),(77,'046/AS-III/2023','2023-03-25','CS-0046',0,'','001/MB/II/2023','Dian','AS Screen','046/AS-III/2023'),(78,'033/MSI/SJ/0323','2023-03-28','CS-0099',0,'','','ZAHRA','FRANKLIN','033/MSI/FR/0323'),(79,'030/JS-III/2023','2023-03-03','CS-0362',0,'','','','DSM Screen','030/JS-III/2023'),(80,'008/MSI/AO/II/2023','2023-01-18','CS-0361',0,'','','','DP 40% Pekerjaan Pompa Air Bersih','008/MSI-AO/I/2023'),(81,'049/AS-III/2023','2023-03-29','CS-0012',0,'','008/SJU/III/2023','Dodi','AS Screen','049/AS-III/2023'),(82,'050/AS-III/2023','2023-03-30','CS-0363',0,'','ANA/0310.2/PO.PSJ/20','YULI','AS Screen','050/AS-III/2023'),(83,'051/AS-III/2023','2023-03-31','CS-0363',0,'','ANA/0624.1/PO.PSJ/20','YULI','AS Screen','051/AS-III/2023'),(84,'052/JS-III/2023','2023-03-31','CS-0051',0,'','3-PO/BAR-2023','Dodi','Johnson Screen','052/JS-III/2023'),(86,'011/SO/FR/I/23','2023-01-31','CS-0355',0,'','','','FRANKLIN','011/MSI/FR/1223'),(87,'INV/20230131/MPL/301','2023-01-31','CS-0238',0,'','','','CELLPACK','INV/20230131/MPL/301'),(88,'037/MSI/SJ/0423','2023-04-05','CS-0011',0,'','01/ATI/IV/23','ZAHRA','FRANKLIN','037/MSI/FR/0423'),(89,'053/JS-IV/2023','2023-04-01','CS-0364',0,'','008-MSI-SCREEN-III-2','Dodi','Johnson Screen','053/JS-IV/2023'),(90,'172/MSI/FR/1222','0000-00-00','CS-0365',0,'','','','FRANKLIN','172/MSI/FR/1222'),(91,'038/MSI/SJ/0423','2023-04-04','CS-0268',0,'','','ZAHRA','FRANKLIN','038/MSI/FR/0323'),(92,'054/AS-IV/2023','2023-04-04','CS-0017',0,'','010100.21.0016','Dodi','AS Screen','054/AS-III/2023'),(93,'055/JS-IV/2023','2023-04-24','CS-0363',0,'','ANA/0524.1/PO.PSJ/20','YULI','Johnson Screen','055/JS-IV/2023'),(94,'032/JS-VI/2023','2023-04-06','CS-0367',0,'','SP-00768-2302','Dodi','Johnson Screen','032/JS-IV/2023'),(95,'056/AS-IV/2023','2023-04-06','CS-0037',0,'','006/PO/PTM-MSI/IV/20','DIMAS','AS Screen','056/AS-IV/2023'),(96,'057/AS-IV/2023','2023-04-06','CS-0368',0,'','185/PO/MH/2023','YULI','AS Screen','057/AS-IV/2023'),(97,'058/AS-IV/2023','2023-04-10','CS-0017',0,'','','Dodi','AS Screen','058/AS-IV/2023'),(98,'026/JS-III/2022','2023-03-02','CS-0345',0,'','','','PELUNASAN','026/JS-III/2022'),(99,'028/JS-III/2023','2023-03-02','CS-0343',0,'','','','PELUNASAN','028/JS-III/2023'),(100,'027/JS-III/2022','2023-03-02','CS-0254',0,'','','','PELUNASAN','027/JS-III/2022'),(101,'033/JS-III/2023','2023-03-09','CS-0369',0,'','','','DOWN PAYMENT 25%','033/JS-III/2023'),(102,'035/JS-III/2023','2023-03-14','CS-0370',0,'','','','DOWN PAYMENT','035/JS-III/2023'),(103,'002/MSI-NR/I/2023','2023-01-05','CS-0200',0,'','','','','002/MSI-NR/I/2023'),(104,'007/MSI-AO/I/2023','2023-01-09','CS-0371',0,'','','','Down Payment 50%','007/MSI-AO/I/2023'),(105,'012/MSI-AO/I/2023','2023-01-24','CS-0371',0,'','','','','012/MSI-AO/I/2023'),(106,'011/MSI-AO/I/2023','2023-01-24','CS-0371',0,'','','','PELUNASAN','011/MSI-AO/I/2023'),(108,'010/MSI-NR/I/2023','2023-01-18','CS-0042',0,'','','','WINFLOW','010/MSI-NR/I/2023'),(109,'009/MSI-AO/I/2023','2023-01-19','CS-0170',0,'','','','WINFLOW','009/MSI-AO/I/2023'),(110,'005/MSI-AO/I/2023','2023-01-09','CS-0026',0,'','','','','005/MSI-AO/I/2023'),(111,'060/AS-IV/2023','2023-04-18','CS-0368',0,'','207/PO/MH/2023','YULI','AS Screen','060/AS-IV/2023'),(112,'062/JS-V/2023','2023-05-05','CS-0059',0,'','001/GM/MATL/III/23','Dodi','Johnson Screen','062/JS-V/2023'),(113,'063/AS-V/2023','2023-05-05','CS-0017',0,'','010100.21.0017','Dodi','AS Screen','063/AS-V/2023'),(114,'064/AS-V/2023','2023-05-08','CS-0017',0,'','010100.21.0018','Dodi','AS Screen','064/AS-V/2023'),(115,'016/MSI/SJ/0223','2023-02-02','CS-0267',0,'','','','FRANKLIN','016/MSI/FR/1223'),(116,'066/AS-V/2023','2023-05-09','CS-0368',0,'','230/PO/MH/2023','YULI','Johnson Screen','066/AS-V/2023'),(117,'067/JS-V/2023','2023-05-12','CS-0341',0,'','002/PO-SCREEN/V/2023','YULI','Johnson Screen','067/JS-V/2023'),(118,'018/MSI/SJ/0223','2023-02-06','CS-0366',0,'','','','RESIN','018/MSI-FR/II/23'),(119,'019/MSI/SJ/0223','2023-02-08','CS-0099',0,'','','','FRANKLIN','019/MSI/FR/0223'),(120,'020/MSI/SJ/0223','2023-02-04','CS-0025',0,'','','','FRANKLIN','020/MSI-FR/II/23'),(121,'021/MSI/SJ/0223','2023-02-14','CS-0372',0,'','','','FRANKLIN','021/MSI/FR/0223'),(122,'022/MSI/SJ/0223','2023-02-20','CS-0353',0,'','','','FRANKLIN','022/MSI/FR/0223'),(123,'023/MSI/SJ/0223','2023-02-18','CS-0373',0,'','','','FRANKLIN','023/MSI/FR/0223'),(124,'068/AS-V/2023','2023-05-19','CS-0374',0,'','PO.2023.02.00022','YULI','SCREEN','068/AS-V/2023'),(125,'024/MSI/SJ/0223','2023-02-16','CS-0366',0,'','','','','024/MSI-FR/II/23'),(126,'028/MSI/SJ/0223','2023-02-25','CS-0375',0,'','','','FRANKLIN','028/MSI/FR/0223'),(127,'023/MSI-NR/II/2023','2023-02-23','CS-0042',0,'','4900006438','','','023/MSI-NR/II/2023'),(128,'017/MSI-NR/II/2023','2023-02-23','CS-0042',0,'','4900006438','','','017/MSI-NR/II/2023'),(129,'069/AS-V/2023','2023-05-20','CS-0017',0,'','PO 010100.21.0020','Dodi','AS Screen','069/AS-V/2023'),(130,'026/MSI/SJ/0223','2023-01-21','CS-0099',0,'','','','FRANKLIN','026/MSI/FR/0223'),(131,'01930','2023-01-17','CS-0172',0,'','','','','018/MSI-AO/II/2023'),(132,'021/MSI-AO/II/2023','2023-02-14','CS-0376',0,'','','','','021/MSI-AO/II/2023'),(133,'019/MSI-AO/II/2023','2023-02-09','CS-0088',0,'','','','','019/MSI-AO/II/2023'),(134,'016/MSI-NR/II/2023','2023-02-02','CS-0042',0,'','','','','016/MSI-NR/II/2023'),(135,'071/AS-V/2023','2023-05-23','CS-0377',0,'','KSU1348','YULI','Johnson Screen','071/AS-V/2023'),(136,'025/MSI/SJ/0323','2023-03-08','CS-0378',0,'','','','FRANKLIN','025/MSI/FR/0323'),(137,'065/AS-V/2023','2023-05-25','CS-0281',0,'','022/MKS-K/Y/V/2023','YULI','AS Screen','065/AS-V/2023'),(138,'030/MSI/SJ/0323','2023-03-20','CS-0379',0,'','','','FRANKLIN','030/MSI/FR/0323'),(139,'031/MSI/SJ/0323','2023-03-21','CS-0212',0,'','','','FRANKLIN','031/MSI/FR/0323'),(140,'072/AS-V/2023','2023-05-25','CS-0380',0,'','001/SA-V/23','YULI','AS Screen','072/AS-V/2023'),(141,'034/MSI/SJ/0323','2023-03-27','CS-0099',0,'','','','RESIN','034/MSI/FR/0323'),(142,'059/JS-IV/2023','2023-04-06','CS-0381',0,'','094/CST-PP/IV/2023','','DP 50%','059/JS-IV/2023'),(143,'042/MSI/SJ/0423','2023-04-06','CS-0382',0,'','','','FRANKLIN','042/MSI/FR/0423'),(144,'041/MSI/SJ/0423','2023-04-06','CS-0099',0,'','','','FRANKLIN','041/MSI/FR/0423'),(145,'044/MSI/SJ/0423','2023-04-12','CS-0172',0,'','','','FRANKLIN','044/MSI/FR/0423'),(146,'035/MSI/SJ/0423','2023-04-18','CS-0384',0,'','','','FRANKLIN','047/MSI/FR/0423'),(147,'048/MSI/SJ/0423','2023-04-18','CS-0011',0,'','','','RESIN','048/MSI/FR/0423'),(149,'075/JS-V/2023','2023-05-29','CS-0059',0,'075/JS-V/2023','003/GM/MATL/V/23','DODI','SCREEN','');
/*!40000 ALTER TABLE `tbl_suratjln` ENABLE KEYS */;
UNLOCK TABLES;
COMMIT;

-- Dumped table `tbl_suratjln` with 127 row(s)
--

--
-- Table structure for table `tbl_user`
--

/*!40101 SET @saved_cs_client     = @@character_set_client */;
/*!40101 SET character_set_client = utf8 */;
CREATE TABLE `tbl_user` (
  `id_user` int(11) NOT NULL AUTO_INCREMENT,
  `username` varchar(40) NOT NULL,
  `password` varchar(100) NOT NULL,
  `fullname` varchar(100) NOT NULL,
  `email` varchar(100) NOT NULL,
  `level` int(1) NOT NULL,
  `foto` varchar(255) NOT NULL,
  PRIMARY KEY (`id_user`)
) ENGINE=InnoDB AUTO_INCREMENT=46 DEFAULT CHARSET=utf8mb4 COLLATE=utf8mb4_general_ci;
/*!40101 SET character_set_client = @saved_cs_client */;

--
-- Dumping data for table `tbl_user`
--

LOCK TABLES `tbl_user` WRITE;
/*!40000 ALTER TABLE `tbl_user` DISABLE KEYS */;
SET autocommit=0;
INSERT INTO `tbl_user` VALUES (18,'admin','benteng88','ADMIN','',1,'1653289180_d53097d9f240d48644ab.png'),(41,'lia','427078','LIA','',1,'1679283852_55af1e4aa2dff35c4181.png'),(42,'esti','esti','ESTI SULISTIANI','',1,'noimage.jpg'),(43,'bayu','bayu','BAYU','',2,'noimage.jpg'),(44,'andri','123456','ANDRI','',1,'noimage.jpg'),(45,'nur','nur','NUR','',2,'noimage.jpg');
/*!40000 ALTER TABLE `tbl_user` ENABLE KEYS */;
UNLOCK TABLES;
COMMIT;

-- Dumped table `tbl_user` with 6 row(s)
--

--
-- Table structure for table `yearlypurch`
--

/*!40101 SET @saved_cs_client     = @@character_set_client */;
/*!40101 SET character_set_client = utf8 */;
CREATE TABLE `yearlypurch` (
  `kode_supplier` varchar(10) NOT NULL,
  `sales01` double(14,2) NOT NULL DEFAULT 0.00,
  `sales02` double(14,2) NOT NULL DEFAULT 0.00,
  `sales03` int(11) NOT NULL DEFAULT 0,
  `sales04` int(11) NOT NULL DEFAULT 0,
  `sales05` int(11) NOT NULL DEFAULT 0,
  `sales06` int(11) NOT NULL DEFAULT 0,
  `sales07` int(11) NOT NULL DEFAULT 0,
  `sales08` int(11) NOT NULL DEFAULT 0,
  `sales09` int(11) NOT NULL DEFAULT 0,
  `sales10` int(11) NOT NULL DEFAULT 0,
  `sales11` int(11) NOT NULL DEFAULT 0,
  `sales12` int(11) NOT NULL DEFAULT 0,
  PRIMARY KEY (`kode_supplier`)
) ENGINE=InnoDB DEFAULT CHARSET=utf8mb4 COLLATE=utf8mb4_general_ci;
/*!40101 SET character_set_client = @saved_cs_client */;

--
-- Dumping data for table `yearlypurch`
--

LOCK TABLES `yearlypurch` WRITE;
/*!40000 ALTER TABLE `yearlypurch` DISABLE KEYS */;
SET autocommit=0;
/*!40000 ALTER TABLE `yearlypurch` ENABLE KEYS */;
UNLOCK TABLES;
COMMIT;

-- Dumped table `yearlypurch` with 0 row(s)
--

--
-- Table structure for table `yearlysales`
--

/*!40101 SET @saved_cs_client     = @@character_set_client */;
/*!40101 SET character_set_client = utf8 */;
CREATE TABLE `yearlysales` (
  `kode_customer` varchar(10) NOT NULL,
  `sales01` int(11) NOT NULL DEFAULT 0,
  `sales02` int(11) NOT NULL DEFAULT 0,
  `sales03` int(11) NOT NULL DEFAULT 0,
  `sales04` int(11) NOT NULL DEFAULT 0,
  `sales05` int(11) NOT NULL DEFAULT 0,
  `sales06` int(11) NOT NULL DEFAULT 0,
  `sales07` int(11) NOT NULL DEFAULT 0,
  `sales08` int(11) NOT NULL DEFAULT 0,
  `sales09` int(11) NOT NULL DEFAULT 0,
  `sales10` int(11) NOT NULL DEFAULT 0,
  `sales11` int(11) NOT NULL DEFAULT 0,
  `sales12` int(11) NOT NULL DEFAULT 0,
  PRIMARY KEY (`kode_customer`)
) ENGINE=InnoDB DEFAULT CHARSET=utf8mb4 COLLATE=utf8mb4_general_ci;
/*!40101 SET character_set_client = @saved_cs_client */;

--
-- Dumping data for table `yearlysales`
--

LOCK TABLES `yearlysales` WRITE;
/*!40000 ALTER TABLE `yearlysales` DISABLE KEYS */;
SET autocommit=0;
/*!40000 ALTER TABLE `yearlysales` ENABLE KEYS */;
UNLOCK TABLES;
COMMIT;

-- Dumped table `yearlysales` with 0 row(s)
--

DROP TRIGGER IF EXISTS `tambahadj`;
DELIMITER ;;
/*!50003 CREATE*/ /*!50017 DEFINER=`n1571962`@`localhost`*/ /*!50003 TRIGGER `tambahadj` AFTER INSERT ON `tbl_adjustment` FOR EACH ROW UPDATE tbl_barang SET adjust = adjust + NEW.qty WHERE kode_barang = NEW.kode_barang */;;
DELIMITER ;

DROP TRIGGER IF EXISTS `editadj`;
DELIMITER ;;
/*!50003 CREATE*/ /*!50017 DEFINER=`n1571962`@`localhost`*/ /*!50003 TRIGGER `editadj` AFTER UPDATE ON `tbl_adjustment` FOR EACH ROW UPDATE tbl_barang SET adjust = adjust - OLD.qty + NEW.qty WHERE kode_barang = NEW.kode_barang */;;
DELIMITER ;

DROP TRIGGER IF EXISTS `deleteadj`;
DELIMITER ;;
/*!50003 CREATE*/ /*!50017 DEFINER=`n1571962`@`localhost`*/ /*!50003 TRIGGER `deleteadj` AFTER DELETE ON `tbl_adjustment` FOR EACH ROW UPDATE tbl_barang SET adjust = adjust - OLD.qty WHERE kode_barang = OLD.kode_barang */;;
DELIMITER ;

DROP TRIGGER IF EXISTS `add_detail_payment`;
DELIMITER ;;
/*!50003 CREATE*/ /*!50017 DEFINER=`root`@`localhost`*/ /*!50003 TRIGGER `add_detail_payment` AFTER INSERT ON `tbl_detail_payment` FOR EACH ROW UPDATE tbl_purchinv SET total_bayar = total_bayar + (NEW.potongan + NEW.jumlah_bayar + NEW.pph23) WHERE no_invoice = NEW.no_invoice */;;
DELIMITER ;

DROP TRIGGER IF EXISTS `edit_detail_payment`;
DELIMITER ;;
/*!50003 CREATE*/ /*!50017 DEFINER=`root`@`localhost`*/ /*!50003 TRIGGER `edit_detail_payment` AFTER UPDATE ON `tbl_detail_payment` FOR EACH ROW UPDATE tbl_purchinv SET total_bayar = total_bayar - (OLD.potongan + OLD.jumlah_bayar + OLD.pph23) + (NEW.potongan + NEW.jumlah_bayar + NEW.pph23) WHERE no_invoice = NEW.no_invoice */;;
DELIMITER ;

DROP TRIGGER IF EXISTS `delete_detail_payment`;
DELIMITER ;;
/*!50003 CREATE*/ /*!50017 DEFINER=`root`@`localhost`*/ /*!50003 TRIGGER `delete_detail_payment` AFTER DELETE ON `tbl_detail_payment` FOR EACH ROW UPDATE tbl_purchinv SET total_bayar = total_bayar - (OLD.potongan + OLD.jumlah_bayar + OLD.pph23) WHERE no_invoice = OLD.no_invoice */;;
DELIMITER ;

DROP TRIGGER IF EXISTS `add_detail_purchrtn`;
DELIMITER ;;
/*!50003 CREATE*/ /*!50017 DEFINER=`n1571962`@`localhost`*/ /*!50003 TRIGGER `add_detail_purchrtn` AFTER INSERT ON `tbl_detail_purchrtn` FOR EACH ROW UPDATE tbl_barang SET returbeli = returbeli  + NEW.qty WHERE kode_barang = NEW.kode_barang */;;
DELIMITER ;

DROP TRIGGER IF EXISTS `edit_detail_purchrtn`;
DELIMITER ;;
/*!50003 CREATE*/ /*!50017 DEFINER=`n1571962`@`localhost`*/ /*!50003 TRIGGER `edit_detail_purchrtn` AFTER UPDATE ON `tbl_detail_purchrtn` FOR EACH ROW UPDATE tbl_barang SET returbeli = returbeli - OLD.qty + NEW.qty WHERE kode_barang = NEW.kode_barang */;;
DELIMITER ;

DROP TRIGGER IF EXISTS `delete_detail_purchrtn`;
DELIMITER ;;
/*!50003 CREATE*/ /*!50017 DEFINER=`n1571962`@`localhost`*/ /*!50003 TRIGGER `delete_detail_purchrtn` AFTER DELETE ON `tbl_detail_purchrtn` FOR EACH ROW UPDATE tbl_barang SET returbeli = returbeli - OLD.qty  WHERE kode_barang = OLD.kode_barang */;;
DELIMITER ;

DROP TRIGGER IF EXISTS `add_detail_receipt`;
DELIMITER ;;
/*!50003 CREATE*/ /*!50017 DEFINER=`root`@`localhost`*/ /*!50003 TRIGGER `add_detail_receipt` AFTER INSERT ON `tbl_detail_receipt` FOR EACH ROW UPDATE tbl_salesinv SET total_bayar = total_bayar + NEW.jumlah_bayar, total_potongan = total_potongan + NEW.potongan, total_admin = total_admin + NEW.admin WHERE no_invoice = NEW.no_invoice */;;
DELIMITER ;

DROP TRIGGER IF EXISTS `edit_detail_receipt`;
DELIMITER ;;
/*!50003 CREATE*/ /*!50017 DEFINER=`root`@`localhost`*/ /*!50003 TRIGGER `edit_detail_receipt` AFTER UPDATE ON `tbl_detail_receipt` FOR EACH ROW UPDATE tbl_salesinv SET total_bayar = total_bayar - OLD.jumlah_bayar + NEW.jumlah_bayar, total_potongan = total_potongan - OLD.potongan + NEW.potongan, total_admin = total_admin - OLD.admin + NEW.admin WHERE no_invoice = NEW.no_invoice */;;
DELIMITER ;

DROP TRIGGER IF EXISTS `delete_detail_receipt`;
DELIMITER ;;
/*!50003 CREATE*/ /*!50017 DEFINER=`root`@`localhost`*/ /*!50003 TRIGGER `delete_detail_receipt` AFTER DELETE ON `tbl_detail_receipt` FOR EACH ROW UPDATE tbl_salesinv SET total_bayar = total_bayar - OLD.jumlah_bayar, total_potongan = total_potongan - OLD.potongan, total_admin = total_admin - OLD.admin WHERE no_invoice = OLD.no_invoice */;;
DELIMITER ;

DROP TRIGGER IF EXISTS `add_detail_salesrtn`;
DELIMITER ;;
/*!50003 CREATE*/ /*!50017 DEFINER=`n1571962`@`localhost`*/ /*!50003 TRIGGER `add_detail_salesrtn` AFTER INSERT ON `tbl_detail_salesrtn` FOR EACH ROW UPDATE tbl_barang SET returjual = returjual + NEW.qty WHERE kode_barang = NEW.kode_barang */;;
DELIMITER ;

DROP TRIGGER IF EXISTS `edit_detail_salesrtn`;
DELIMITER ;;
/*!50003 CREATE*/ /*!50017 DEFINER=`n1571962`@`localhost`*/ /*!50003 TRIGGER `edit_detail_salesrtn` AFTER UPDATE ON `tbl_detail_salesrtn` FOR EACH ROW UPDATE tbl_barang SET returjual = returjual - OLD.qty + NEW.qty WHERE kode_barang = NEW.kode_barang */;;
DELIMITER ;

DROP TRIGGER IF EXISTS `delete_detail_salesrtn`;
DELIMITER ;;
/*!50003 CREATE*/ /*!50017 DEFINER=`n1571962`@`localhost`*/ /*!50003 TRIGGER `delete_detail_salesrtn` AFTER DELETE ON `tbl_detail_salesrtn` FOR EACH ROW UPDATE tbl_barang SET returjual = returjual - OLD.qty WHERE kode_barang = OLD.kode_barang */;;
DELIMITER ;

DROP TRIGGER IF EXISTS `add_stokin`;
DELIMITER ;;
/*!50003 CREATE*/ /*!50017 DEFINER=`n1571962`@`localhost`*/ /*!50003 TRIGGER `add_stokin` AFTER INSERT ON `tbl_detail_stockin` FOR EACH ROW UPDATE tbl_barang SET masuk = masuk + NEW.qty WHERE kode_barang=NEW.kode_barang */;;
DELIMITER ;

DROP TRIGGER IF EXISTS `edit_stokin`;
DELIMITER ;;
/*!50003 CREATE*/ /*!50017 DEFINER=`n1571962`@`localhost`*/ /*!50003 TRIGGER `edit_stokin` AFTER UPDATE ON `tbl_detail_stockin` FOR EACH ROW UPDATE tbl_barang SET masuk = masuk - OLD.qty + NEW.qty WHERE kode_barang=NEW.kode_barang */;;
DELIMITER ;

DROP TRIGGER IF EXISTS `delete_stokin`;
DELIMITER ;;
/*!50003 CREATE*/ /*!50017 DEFINER=`n1571962`@`localhost`*/ /*!50003 TRIGGER `delete_stokin` AFTER DELETE ON `tbl_detail_stockin` FOR EACH ROW UPDATE tbl_barang SET masuk = masuk - OLD.qty WHERE kode_barang=OLD.kode_barang */;;
DELIMITER ;

DROP TRIGGER IF EXISTS `add_suratjalan`;
DELIMITER ;;
/*!50003 CREATE*/ /*!50017 DEFINER=`root`@`localhost`*/ /*!50003 TRIGGER `add_suratjalan` AFTER INSERT ON `tbl_detail_suratjln` FOR EACH ROW UPDATE tbl_barang SET keluar = keluar + NEW.qty WHERE kode_barang = NEW.kode_barang AND tbl_barang.sttstok = 'INV' */;;
DELIMITER ;

DROP TRIGGER IF EXISTS `edit_suratjalan`;
DELIMITER ;;
/*!50003 CREATE*/ /*!50017 DEFINER=`root`@`localhost`*/ /*!50003 TRIGGER `edit_suratjalan` AFTER UPDATE ON `tbl_detail_suratjln` FOR EACH ROW UPDATE tbl_barang SET keluar = keluar - OLD.qty + NEW.qty WHERE kode_barang = NEW.kode_barang AND tbl_barang.sttstok = 'INV' */;;
DELIMITER ;

DROP TRIGGER IF EXISTS `delete_suratjalan`;
DELIMITER ;;
/*!50003 CREATE*/ /*!50017 DEFINER=`root`@`localhost`*/ /*!50003 TRIGGER `delete_suratjalan` AFTER DELETE ON `tbl_detail_suratjln` FOR EACH ROW UPDATE tbl_barang SET keluar = keluar - OLD.qty WHERE kode_barang = OLD.kode_barang AND tbl_barang.sttstok = 'INV' */;;
DELIMITER ;

DROP TRIGGER IF EXISTS `add_payment`;
DELIMITER ;;
/*!50003 CREATE*/ /*!50017 DEFINER=`root`@`localhost`*/ /*!50003 TRIGGER `add_payment` AFTER INSERT ON `tbl_payment` FOR EACH ROW UPDATE tbl_supplier SET credit = credit + (NEW.total_bayar + NEW.total_potongan + NEW.total_pph23) WHERE kode_supplier = NEW.kode_supplier */;;
DELIMITER ;

DROP TRIGGER IF EXISTS `edit_payment`;
DELIMITER ;;
/*!50003 CREATE*/ /*!50017 DEFINER=`root`@`localhost`*/ /*!50003 TRIGGER `edit_payment` AFTER UPDATE ON `tbl_payment` FOR EACH ROW UPDATE tbl_supplier SET credit = credit - (OLD.total_bayar + OLD.total_potongan + OLD.total_pph23) + (NEW.total_bayar + NEW.total_potongan + NEW.total_pph23) WHERE kode_supplier = NEW.kode_supplier */;;
DELIMITER ;

DROP TRIGGER IF EXISTS `delete_payment`;
DELIMITER ;;
/*!50003 CREATE*/ /*!50017 DEFINER=`root`@`localhost`*/ /*!50003 TRIGGER `delete_payment` AFTER DELETE ON `tbl_payment` FOR EACH ROW UPDATE tbl_supplier SET credit = credit - (OLD.total_bayar + OLD.total_potongan + OLD.total_pph23) WHERE kode_supplier = OLD.kode_supplier */;;
DELIMITER ;

DROP TRIGGER IF EXISTS `add_purchinv`;
DELIMITER ;;
/*!50003 CREATE*/ /*!50017 DEFINER=`n1571962`@`localhost`*/ /*!50003 TRIGGER `add_purchinv` AFTER INSERT ON `tbl_purchinv` FOR EACH ROW UPDATE tbl_supplier SET debet = debet + NEW.total_invoice WHERE kode_supplier = NEW.kode_supplier */;;
DELIMITER ;

DROP TRIGGER IF EXISTS `edit_purchinv`;
DELIMITER ;;
/*!50003 CREATE*/ /*!50017 DEFINER=`n1571962`@`localhost`*/ /*!50003 TRIGGER `edit_purchinv` AFTER UPDATE ON `tbl_purchinv` FOR EACH ROW UPDATE tbl_supplier SET debet = debet - OLD.total_invoice + NEW.total_invoice WHERE kode_supplier = NEW.kode_supplier */;;
DELIMITER ;

DROP TRIGGER IF EXISTS `delete_purchinv`;
DELIMITER ;;
/*!50003 CREATE*/ /*!50017 DEFINER=`n1571962`@`localhost`*/ /*!50003 TRIGGER `delete_purchinv` AFTER DELETE ON `tbl_purchinv` FOR EACH ROW UPDATE tbl_supplier SET debet = debet - OLD.total_invoice WHERE kode_supplier = OLD.kode_supplier */;;
DELIMITER ;

DROP TRIGGER IF EXISTS `add_receipt`;
DELIMITER ;;
/*!50003 CREATE*/ /*!50017 DEFINER=`n1571962`@`localhost`*/ /*!50003 TRIGGER `add_receipt` AFTER INSERT ON `tbl_receipt` FOR EACH ROW UPDATE tbl_customer SET credit = credit + (NEW.total_bayar + NEW.total_potongan) WHERE kode_customer = NEW.kode_customer */;;
DELIMITER ;

DROP TRIGGER IF EXISTS `edit_receipt`;
DELIMITER ;;
/*!50003 CREATE*/ /*!50017 DEFINER=`n1571962`@`localhost`*/ /*!50003 TRIGGER `edit_receipt` AFTER UPDATE ON `tbl_receipt` FOR EACH ROW UPDATE tbl_customer SET credit = credit - (OLD.total_bayar + OLD.total_potongan) + (NEW.total_bayar + NEW.total_potongan) WHERE kode_customer = NEW.kode_customer */;;
DELIMITER ;

DROP TRIGGER IF EXISTS `delete_receipt`;
DELIMITER ;;
/*!50003 CREATE*/ /*!50017 DEFINER=`n1571962`@`localhost`*/ /*!50003 TRIGGER `delete_receipt` AFTER DELETE ON `tbl_receipt` FOR EACH ROW UPDATE tbl_customer SET credit = credit - (OLD.total_bayar + OLD.total_potongan) WHERE kode_customer = OLD.kode_customer */;;
DELIMITER ;

DROP TRIGGER IF EXISTS `add_status`;
DELIMITER ;;
/*!50003 CREATE*/ /*!50017 DEFINER=`n1571962`@`localhost`*/ /*!50003 TRIGGER `add_status` AFTER INSERT ON `tbl_salesinv` FOR EACH ROW UPDATE tbl_suratjln SET no_invoice = NEW.no_invoice WHERE no_suratjln = NEW.no_suratjln */;;
DELIMITER ;

DROP TRIGGER IF EXISTS `tbl_salesinv_add`;
DELIMITER ;;
/*!50003 CREATE*/ /*!50017 DEFINER=`n1571962`@`localhost`*/ /*!50003 TRIGGER `tbl_salesinv_add` AFTER INSERT ON `tbl_salesinv` FOR EACH ROW UPDATE tbl_customer SET debet = debet + NEW.total_invoice WHERE kode_customer= NEW.kode_customer */;;
DELIMITER ;

DROP TRIGGER IF EXISTS `tbl_salesinv_edit`;
DELIMITER ;;
/*!50003 CREATE*/ /*!50017 DEFINER=`n1571962`@`localhost`*/ /*!50003 TRIGGER `tbl_salesinv_edit` AFTER UPDATE ON `tbl_salesinv` FOR EACH ROW UPDATE tbl_customer SET debet = debet - OLD.total_invoice + NEW.total_invoice WHERE kode_customer = NEW.kode_customer */;;
DELIMITER ;

DROP TRIGGER IF EXISTS `delete_status`;
DELIMITER ;;
/*!50003 CREATE*/ /*!50017 DEFINER=`n1571962`@`localhost`*/ /*!50003 TRIGGER `delete_status` AFTER DELETE ON `tbl_salesinv` FOR EACH ROW UPDATE tbl_suratjln SET no_invoice = '' WHERE no_suratjln = OLD.no_suratjln */;;
DELIMITER ;

DROP TRIGGER IF EXISTS `tbl_salesinv_delete`;
DELIMITER ;;
/*!50003 CREATE*/ /*!50017 DEFINER=`n1571962`@`localhost`*/ /*!50003 TRIGGER `tbl_salesinv_delete` AFTER DELETE ON `tbl_salesinv` FOR EACH ROW UPDATE tbl_customer SET debet = debet - OLD.total_invoice WHERE kode_customer = OLD.kode_customer */;;
DELIMITER ;

/*!40103 SET TIME_ZONE=@OLD_TIME_ZONE */;
/*!40101 SET AUTOCOMMIT=@OLD_AUTOCOMMIT */;
/*!40101 SET SQL_MODE=@OLD_SQL_MODE */;
/*!40014 SET FOREIGN_KEY_CHECKS=@OLD_FOREIGN_KEY_CHECKS */;
/*!40014 SET UNIQUE_CHECKS=@OLD_UNIQUE_CHECKS */;
/*!40101 SET CHARACTER_SET_CLIENT=@OLD_CHARACTER_SET_CLIENT */;
/*!40101 SET CHARACTER_SET_RESULTS=@OLD_CHARACTER_SET_RESULTS */;
/*!40101 SET COLLATION_CONNECTION=@OLD_COLLATION_CONNECTION */;
/*!40111 SET SQL_NOTES=@OLD_SQL_NOTES */;

-- Dump completed on: Mon, 29 May 2023 09:38:31 -0500
